label,perturbation,doi,claimed_title,resolved_title,claimed_authors,resolved_authors,claimed_year,resolved_year,similarity
same_work,identity,10.1158/1055-9965.gwas-78,Abstract 78: Genetic Associations and Mechanisms in Oncology (GAME-ON): A network approach to post-GWAS research.,Abstract 78: Genetic Associations and Mechanisms in Oncology (GAME-ON): A network approach to post-GWAS research.,Kaminski; Amos; DeRycke,Kaminski; Amos; DeRycke; Gillanders; Gruber; Henderson; Hunter; Lepage; Sellers; Seminara,2012,2012,100.0
same_work,truncate,10.1158/1055-9965.gwas-78,Abstract 78: Genetic Associations and Mechanisms in Oncology (GAME-ON):,Abstract 78: Genetic Associations and Mechanisms in Oncology (GAME-ON): A network approach to post-GWAS research.,Kaminski; Amos; DeRycke,Kaminski; Amos; DeRycke; Gillanders; Gruber; Henderson; Hunter; Lepage; Sellers; Seminara,2012,2012,100.0
same_work,typo,10.1158/1055-9965.gwas-78,Abstract 78: Genetic Associaitons and Mechanisms in Oncology (GAME-ON): A network approach to post-GWAS research.,Abstract 78: Genetic Associations and Mechanisms in Oncology (GAME-ON): A network approach to post-GWAS research.,Kaminski; Amos; DeRycke,Kaminski; Amos; DeRycke; Gillanders; Gruber; Henderson; Hunter; Lepage; Sellers; Seminara,2012,2012,99.07407407407408
same_work,case,10.1158/1055-9965.gwas-78,abstract 78: genetic associations and mechanisms in oncology (game-on): a network approach to post-gwas research.,Abstract 78: Genetic Associations and Mechanisms in Oncology (GAME-ON): A network approach to post-GWAS research.,Kaminski; Amos; DeRycke,Kaminski; Amos; DeRycke; Gillanders; Gruber; Henderson; Hunter; Lepage; Sellers; Seminara,2012,2012,100.0
same_work,punctuation,10.1158/1055-9965.gwas-78,Abstract 78 Genetic Associations and Mechanisms in Oncology GAMEON A network approach to postGWAS research,Abstract 78: Genetic Associations and Mechanisms in Oncology (GAME-ON): A network approach to post-GWAS research.,Kaminski; Amos; DeRycke,Kaminski; Amos; DeRycke; Gillanders; Gruber; Henderson; Hunter; Lepage; Sellers; Seminara,2012,2012,95.32710280373831
same_work,opening_words,10.1158/1055-9965.gwas-78,Abstract 78: Genetic Associations,Abstract 78: Genetic Associations and Mechanisms in Oncology (GAME-ON): A network approach to post-GWAS research.,Kaminski; Amos; DeRycke,Kaminski; Amos; DeRycke; Gillanders; Gruber; Henderson; Hunter; Lepage; Sellers; Seminara,2012,2012,100.0
same_work,compound,10.1158/1055-9965.gwas-78,Abstract 78 Genetic Assocaitions and Mechanisms in Oncology GAMEON A,Abstract 78: Genetic Associations and Mechanisms in Oncology (GAME-ON): A network approach to post-GWAS research.,Kaminski; Amos; DeRycke,Kaminski; Amos; DeRycke; Gillanders; Gruber; Henderson; Hunter; Lepage; Sellers; Seminara,2012,2012,82.75862068965517
same_work,identity,10.19094/contextus.v11i1.32159,Responsabilidade social e estratégia em instituições financeiras públicas e privadas,Responsabilidade social e estratégia em instituições financeiras públicas e privadas,Carvalho De Benedicto; Stieg; Rodrigues de Lames,Carvalho De Benedicto; Stieg; Rodrigues de Lames; Filho,2013,2013,100.0
same_work,truncate,10.19094/contextus.v11i1.32159,Responsabilidade social e estratégia em instituições financeiras,Responsabilidade social e estratégia em instituições financeiras públicas e privadas,Carvalho De Benedicto; Stieg; Rodrigues de Lames,Carvalho De Benedicto; Stieg; Rodrigues de Lames; Filho,2013,2013,100.0
same_work,typo,10.19094/contextus.v11i1.32159,Repsonsabilidade social e estratégia em instituições financeiras públicas e privadas,Responsabilidade social e estratégia em instituições financeiras públicas e privadas,Carvalho De Benedicto; Stieg; Rodrigues de Lames,Carvalho De Benedicto; Stieg; Rodrigues de Lames; Filho,2013,2013,98.78048780487805
same_work,case,10.19094/contextus.v11i1.32159,RESPONSABILIDADE SOCIAL E ESTRATÉGIA EM INSTITUIÇÕES FINANCEIRAS PÚBLICAS E PRIVADAS,Responsabilidade social e estratégia em instituições financeiras públicas e privadas,Carvalho De Benedicto; Stieg; Rodrigues de Lames,Carvalho De Benedicto; Stieg; Rodrigues de Lames; Filho,2013,2013,100.0
same_work,opening_words,10.19094/contextus.v11i1.32159,Responsabilidade social e estratégia em,Responsabilidade social e estratégia em instituições financeiras públicas e privadas,Carvalho De Benedicto; Stieg; Rodrigues de Lames,Carvalho De Benedicto; Stieg; Rodrigues de Lames; Filho,2013,2013,100.0
same_work,compound,10.19094/contextus.v11i1.32159,Responsabilidade social e estratéiga em instituições financeiras,Responsabilidade social e estratégia em instituições financeiras públicas e privadas,Carvalho De Benedicto; Stieg; Rodrigues de Lames,Carvalho De Benedicto; Stieg; Rodrigues de Lames; Filho,2013,2013,90.5982905982906
same_work,identity,10.1111/lnc3.12068,Waves Across the Himalayas: On the Typological Characteristics and History of the Bodic Subfamily of Tibeto‐Burman,Waves Across the Himalayas: On the Typological Characteristics and History of the Bodic Subfamily of Tibeto‐Burman,Hyslop,Hyslop,2014,2014,100.0
same_work,drop_subtitle,10.1111/lnc3.12068,Waves Across the Himalayas,Waves Across the Himalayas: On the Typological Characteristics and History of the Bodic Subfamily of Tibeto‐Burman,Hyslop,Hyslop,2014,2014,100.0
same_work,truncate,10.1111/lnc3.12068,Waves Across the Himalayas: On the Typological Characteristics and History of the,Waves Across the Himalayas: On the Typological Characteristics and History of the Bodic Subfamily of Tibeto‐Burman,Hyslop,Hyslop,2014,2014,100.0
same_work,typo,10.1111/lnc3.12068,Waves Across the Himalaya:s On the Typological Characteristics and History of the Bodic Subfamily of Tibeto‐Burman,Waves Across the Himalayas: On the Typological Characteristics and History of the Bodic Subfamily of Tibeto‐Burman,Hyslop,Hyslop,2014,2014,99.51219512195122
same_work,case,10.1111/lnc3.12068,WAVES ACROSS THE HIMALAYAS: ON THE TYPOLOGICAL CHARACTERISTICS AND HISTORY OF THE BODIC SUBFAMILY OF TIBETO‐BURMAN,Waves Across the Himalayas: On the Typological Characteristics and History of the Bodic Subfamily of Tibeto‐Burman,Hyslop,Hyslop,2014,2014,100.0
same_work,punctuation,10.1111/lnc3.12068,Waves Across the Himalayas On the Typological Characteristics and History of the Bodic Subfamily of TibetoBurman,Waves Across the Himalayas: On the Typological Characteristics and History of the Bodic Subfamily of Tibeto‐Burman,Hyslop,Hyslop,2014,2014,93.5960591133005
same_work,opening_words,10.1111/lnc3.12068,Waves Across the Himalayas: On,Waves Across the Himalayas: On the Typological Characteristics and History of the Bodic Subfamily of Tibeto‐Burman,Hyslop,Hyslop,2014,2014,100.0
same_work,compound,10.1111/lnc3.12068,Waves Acrsos the Himalayas,Waves Across the Himalayas: On the Typological Characteristics and History of the Bodic Subfamily of Tibeto‐Burman,Hyslop,Hyslop,2014,2014,84.44444444444444
same_work,identity,10.1158/0008-5472.can-10-2720,Downregulation of c-MYC Protein Levels Contributes to Cancer Cell Survival under Dual Deficiency of Oxygen and Glucose,Downregulation of c-MYC Protein Levels Contributes to Cancer Cell Survival under Dual Deficiency of Oxygen and Glucose,Okuyama; Endo; Akashika,Okuyama; Endo; Akashika; Kato; Inoue,2010,2010,100.0
same_work,truncate,10.1158/0008-5472.can-10-2720,Downregulation of c-MYC Protein Levels Contributes to Cancer Cell Survival,Downregulation of c-MYC Protein Levels Contributes to Cancer Cell Survival under Dual Deficiency of Oxygen and Glucose,Okuyama; Endo; Akashika,Okuyama; Endo; Akashika; Kato; Inoue,2010,2010,100.0
same_work,typo,10.1158/0008-5472.can-10-2720,Downregulation of c-MYC Protein Levels Contributes to Cancer Cell Suvrival under Dual Deficiency of Oxygen and Glucose,Downregulation of c-MYC Protein Levels Contributes to Cancer Cell Survival under Dual Deficiency of Oxygen and Glucose,Okuyama; Endo; Akashika,Okuyama; Endo; Akashika; Kato; Inoue,2010,2010,99.1304347826087
same_work,case,10.1158/0008-5472.can-10-2720,downregulation of c-myc protein levels contributes to cancer cell survival under dual deficiency of oxygen and glucose,Downregulation of c-MYC Protein Levels Contributes to Cancer Cell Survival under Dual Deficiency of Oxygen and Glucose,Okuyama; Endo; Akashika,Okuyama; Endo; Akashika; Kato; Inoue,2010,2010,100.0
same_work,punctuation,10.1158/0008-5472.can-10-2720,Downregulation of cMYC Protein Levels Contributes to Cancer Cell Survival under Dual Deficiency of Oxygen and Glucose,Downregulation of c-MYC Protein Levels Contributes to Cancer Cell Survival under Dual Deficiency of Oxygen and Glucose,Okuyama; Endo; Akashika,Okuyama; Endo; Akashika; Kato; Inoue,2010,2010,99.56331877729258
same_work,opening_words,10.1158/0008-5472.can-10-2720,Downregulation of c-MYC Protein Levels,Downregulation of c-MYC Protein Levels Contributes to Cancer Cell Survival under Dual Deficiency of Oxygen and Glucose,Okuyama; Endo; Akashika,Okuyama; Endo; Akashika; Kato; Inoue,2010,2010,100.0
same_work,compound,10.1158/0008-5472.can-10-2720,Downregulation of cMYC Protein Levels Contributes to Cancer Cell Survivla under,Downregulation of c-MYC Protein Levels Contributes to Cancer Cell Survival under Dual Deficiency of Oxygen and Glucose,Okuyama; Endo; Akashika,Okuyama; Endo; Akashika; Kato; Inoue,2010,2010,90.27777777777777
same_work,identity,10.1002/pola.24101,"Synthesis and characterization of indenofluorene‐based copolymers containing 2,5‐bis(2‐thienyl)‐<i>N</i>‐arylpyrrole for bulk heterojunction solar cells and polymer light‐emitting diodes","Synthesis and characterization of indenofluorene‐based copolymers containing 2,5‐bis(2‐thienyl)‐<i>N</i>‐arylpyrrole for bulk heterojunction solar cells and polymer light‐emitting diodes",Tamilavan; Sakthivel; Li,Tamilavan; Sakthivel; Li; Song; Kim; Jin; Hyun,2010,2010,100.0
same_work,truncate,10.1002/pola.24101,"Synthesis and characterization of indenofluorene‐based copolymers containing 2,5‐bis(2‐thienyl)‐<i>N</i>‐arylpyrrole for bulk heterojunction solar cells","Synthesis and characterization of indenofluorene‐based copolymers containing 2,5‐bis(2‐thienyl)‐<i>N</i>‐arylpyrrole for bulk heterojunction solar cells and polymer light‐emitting diodes",Tamilavan; Sakthivel; Li,Tamilavan; Sakthivel; Li; Song; Kim; Jin; Hyun,2010,2010,100.0
same_work,typo,10.1002/pola.24101,"Synthesis and characterization of indenofluorene‐based copolymers containing 2,5‐bis(2‐thienyl)‐<i>N</i>‐arylpyrrole for bulk heterojunction solar cells and polymer light‐meitting diodes","Synthesis and characterization of indenofluorene‐based copolymers containing 2,5‐bis(2‐thienyl)‐<i>N</i>‐arylpyrrole for bulk heterojunction solar cells and polymer light‐emitting diodes",Tamilavan; Sakthivel; Li,Tamilavan; Sakthivel; Li; Song; Kim; Jin; Hyun,2010,2010,99.42528735632185
same_work,case,10.1002/pola.24101,"SYNTHESIS AND CHARACTERIZATION OF INDENOFLUORENE‐BASED COPOLYMERS CONTAINING 2,5‐BIS(2‐THIENYL)‐<I>N</I>‐ARYLPYRROLE FOR BULK HETEROJUNCTION SOLAR CELLS AND POLYMER LIGHT‐EMITTING DIODES","Synthesis and characterization of indenofluorene‐based copolymers containing 2,5‐bis(2‐thienyl)‐<i>N</i>‐arylpyrrole for bulk heterojunction solar cells and polymer light‐emitting diodes",Tamilavan; Sakthivel; Li,Tamilavan; Sakthivel; Li; Song; Kim; Jin; Hyun,2010,2010,100.0
same_work,punctuation,10.1002/pola.24101,Synthesis and characterization of indenofluorenebased copolymers containing 25bis2thienyliNiarylpyrrole for bulk heterojunction solar cells and polymer lightemitting diodes,"Synthesis and characterization of indenofluorene‐based copolymers containing 2,5‐bis(2‐thienyl)‐<i>N</i>‐arylpyrrole for bulk heterojunction solar cells and polymer light‐emitting diodes",Tamilavan; Sakthivel; Li,Tamilavan; Sakthivel; Li; Song; Kim; Jin; Hyun,2010,2010,84.21052631578948
same_work,opening_words,10.1002/pola.24101,Synthesis and characterization of,"Synthesis and characterization of indenofluorene‐based copolymers containing 2,5‐bis(2‐thienyl)‐<i>N</i>‐arylpyrrole for bulk heterojunction solar cells and polymer light‐emitting diodes",Tamilavan; Sakthivel; Li,Tamilavan; Sakthivel; Li; Song; Kim; Jin; Hyun,2010,2010,100.0
same_work,compound,10.1002/pola.24101,Synthesis nad characterization of indenofluorenebased copolymers containing 25bis2thienyliNiarylpyrrole for bulk,"Synthesis and characterization of indenofluorene‐based copolymers containing 2,5‐bis(2‐thienyl)‐<i>N</i>‐arylpyrrole for bulk heterojunction solar cells and polymer light‐emitting diodes",Tamilavan; Sakthivel; Li,Tamilavan; Sakthivel; Li; Song; Kim; Jin; Hyun,2010,2010,69.76744186046511
same_work,identity,10.1149/ma2012-02/20/2113,Potential Measurement of High Corrosion Resistance Metals Surface in Atmospheric Environment,Potential Measurement of High Corrosion Resistance Metals Surface in Atmospheric Environment,Hirohata; Noda; Katayama,Hirohata; Noda; Katayama; Masuda,2012,2012,100.0
same_work,truncate,10.1149/ma2012-02/20/2113,Potential Measurement of High Corrosion Resistance Metals,Potential Measurement of High Corrosion Resistance Metals Surface in Atmospheric Environment,Hirohata; Noda; Katayama,Hirohata; Noda; Katayama; Masuda,2012,2012,100.0
same_work,typo,10.1149/ma2012-02/20/2113,Potential Measurement of High Corrosion Resistance Metals Surface in Atmospheric Environmnet,Potential Measurement of High Corrosion Resistance Metals Surface in Atmospheric Environment,Hirohata; Noda; Katayama,Hirohata; Noda; Katayama; Masuda,2012,2012,98.91304347826087
same_work,case,10.1149/ma2012-02/20/2113,potential measurement of high corrosion resistance metals surface in atmospheric environment,Potential Measurement of High Corrosion Resistance Metals Surface in Atmospheric Environment,Hirohata; Noda; Katayama,Hirohata; Noda; Katayama; Masuda,2012,2012,100.0
same_work,opening_words,10.1149/ma2012-02/20/2113,Potential Measurement of High Corrosion,Potential Measurement of High Corrosion Resistance Metals Surface in Atmospheric Environment,Hirohata; Noda; Katayama,Hirohata; Noda; Katayama; Masuda,2012,2012,100.0
same_work,compound,10.1149/ma2012-02/20/2113,Potential Measurement of High Corrosion Resistance Metasl Surface,Potential Measurement of High Corrosion Resistance Metals Surface in Atmospheric Environment,Hirohata; Noda; Katayama,Hirohata; Noda; Katayama; Masuda,2012,2012,94.3089430894309
same_work,identity,10.7771/1559-1786.1436,Making Classrooms Culturally Sensitive,Making Classrooms Culturally Sensitive,Morris; Mims,Morris; Mims,2012,2012,100.0
same_work,typo,10.7771/1559-1786.1436,Maikng Classrooms Culturally Sensitive,Making Classrooms Culturally Sensitive,Morris; Mims,Morris; Mims,2012,2012,97.36842105263158
same_work,case,10.7771/1559-1786.1436,MAKING CLASSROOMS CULTURALLY SENSITIVE,Making Classrooms Culturally Sensitive,Morris; Mims,Morris; Mims,2012,2012,100.0
same_work,compound,10.7771/1559-1786.1436,Making Classrooms Culturalyl Sensitive,Making Classrooms Culturally Sensitive,Morris; Mims,Morris; Mims,2012,2012,97.36842105263158
same_work,identity,10.1149/ma2011-01/11/549,New Protonic Membranes Based on Sulfonated Polyethersulfone,New Protonic Membranes Based on Sulfonated Polyethersulfone,Fauvarque; Palissat; Lepinasse,Fauvarque; Palissat; Lepinasse; Sollogoub; Mabrouk; Ogier; Vidal,2011,2011,100.0
same_work,typo,10.1149/ma2011-01/11/549,New Protoni cMembranes Based on Sulfonated Polyethersulfone,New Protonic Membranes Based on Sulfonated Polyethersulfone,Fauvarque; Palissat; Lepinasse,Fauvarque; Palissat; Lepinasse; Sollogoub; Mabrouk; Ogier; Vidal,2011,2011,98.30508474576271
same_work,case,10.1149/ma2011-01/11/549,new protonic membranes based on sulfonated polyethersulfone,New Protonic Membranes Based on Sulfonated Polyethersulfone,Fauvarque; Palissat; Lepinasse,Fauvarque; Palissat; Lepinasse; Sollogoub; Mabrouk; Ogier; Vidal,2011,2011,100.0
same_work,compound,10.1149/ma2011-01/11/549,New Protnoic Membranes Based on Sulfonated Polyethersulfone,New Protonic Membranes Based on Sulfonated Polyethersulfone,Fauvarque; Palissat; Lepinasse,Fauvarque; Palissat; Lepinasse; Sollogoub; Mabrouk; Ogier; Vidal,2011,2011,98.30508474576271
same_work,identity,10.1163/182539111x569838,The Body Voyage as Visual Representation and Art Performance,The Body Voyage as Visual Representation and Art Performance,Olsn,Olsn,2011,2011,100.0
same_work,truncate,10.1163/182539111x569838,The Body Voyage as Visual Representation,The Body Voyage as Visual Representation and Art Performance,Olsn,Olsn,2011,2011,100.0
same_work,typo,10.1163/182539111x569838,The Body Voyage sa Visual Representation and Art Performance,The Body Voyage as Visual Representation and Art Performance,Olsn,Olsn,2011,2011,98.33333333333333
same_work,case,10.1163/182539111x569838,THE BODY VOYAGE AS VISUAL REPRESENTATION AND ART PERFORMANCE,The Body Voyage as Visual Representation and Art Performance,Olsn,Olsn,2011,2011,100.0
same_work,opening_words,10.1163/182539111x569838,The Body Voyage as Visual,The Body Voyage as Visual Representation and Art Performance,Olsn,Olsn,2011,2011,100.0
same_work,compound,10.1163/182539111x569838,The Body Voyage sa Visual,The Body Voyage as Visual Representation and Art Performance,Olsn,Olsn,2011,2011,93.61702127659575
same_work,identity,10.1177/1076029610361334,Failure to Lyse Venous Thrombi Because of Elevated Plasminogen Activator Inhibitor 1 (PAI-1) and 4G Polymorphism of Its Promotor Genome (The PAI-1/4G Syndrome),Failure to Lyse Venous Thrombi Because of Elevated Plasminogen Activator Inhibitor 1 (PAI-1) and 4G Polymorphism of Its Promotor Genome (The PAI-1/4G Syndrome),Bern; McCarthy,Bern; McCarthy,2010,2010,100.0
same_work,truncate,10.1177/1076029610361334,Failure to Lyse Venous Thrombi Because of Elevated Plasminogen Activator Inhibitor 1 (PAI-1) and 4G Polymorphism,Failure to Lyse Venous Thrombi Because of Elevated Plasminogen Activator Inhibitor 1 (PAI-1) and 4G Polymorphism of Its Promotor Genome (The PAI-1/4G Syndrome),Bern; McCarthy,Bern; McCarthy,2010,2010,100.0
same_work,typo,10.1177/1076029610361334,Failure to Lyse Vneous Thrombi Because of Elevated Plasminogen Activator Inhibitor 1 (PAI-1) and 4G Polymorphism of Its Promotor Genome (The PAI-1/4G Syndrome),Failure to Lyse Venous Thrombi Because of Elevated Plasminogen Activator Inhibitor 1 (PAI-1) and 4G Polymorphism of Its Promotor Genome (The PAI-1/4G Syndrome),Bern; McCarthy,Bern; McCarthy,2010,2010,99.29078014184397
same_work,case,10.1177/1076029610361334,FAILURE TO LYSE VENOUS THROMBI BECAUSE OF ELEVATED PLASMINOGEN ACTIVATOR INHIBITOR 1 (PAI-1) AND 4G POLYMORPHISM OF ITS PROMOTOR GENOME (THE PAI-1/4G SYNDROME),Failure to Lyse Venous Thrombi Because of Elevated Plasminogen Activator Inhibitor 1 (PAI-1) and 4G Polymorphism of Its Promotor Genome (The PAI-1/4G Syndrome),Bern; McCarthy,Bern; McCarthy,2010,2010,100.0
same_work,punctuation,10.1177/1076029610361334,Failure to Lyse Venous Thrombi Because of Elevated Plasminogen Activator Inhibitor 1 PAI1 and 4G Polymorphism of Its Promotor Genome The PAI14G Syndrome,Failure to Lyse Venous Thrombi Because of Elevated Plasminogen Activator Inhibitor 1 (PAI-1) and 4G Polymorphism of Its Promotor Genome (The PAI-1/4G Syndrome),Bern; McCarthy,Bern; McCarthy,2010,2010,98.56115107913669
same_work,opening_words,10.1177/1076029610361334,Failure to Lyse Venous Thrombi,Failure to Lyse Venous Thrombi Because of Elevated Plasminogen Activator Inhibitor 1 (PAI-1) and 4G Polymorphism of Its Promotor Genome (The PAI-1/4G Syndrome),Bern; McCarthy,Bern; McCarthy,2010,2010,100.0
same_work,compound,10.1177/1076029610361334,Failure to Lyse Venous Thrombi Because of Elevated Plsaminogen Activator Inhibitor 1 PAI1 and 4G Polymorphism of,Failure to Lyse Venous Thrombi Because of Elevated Plasminogen Activator Inhibitor 1 (PAI-1) and 4G Polymorphism of Its Promotor Genome (The PAI-1/4G Syndrome),Bern; McCarthy,Bern; McCarthy,2010,2010,91.54228855721394
same_work,identity,10.1142/s0218271814430081,Effective field theory approach to modified gravity including Horndeski theory and Hořava–Lifshitz gravity,Effective field theory approach to modified gravity including Horndeski theory and Hořava–Lifshitz gravity,Kase; Tsujikawa,Kase; Tsujikawa,2014,2014,100.0
same_work,truncate,10.1142/s0218271814430081,Effective field theory approach to modified gravity including Horndeski theory,Effective field theory approach to modified gravity including Horndeski theory and Hořava–Lifshitz gravity,Kase; Tsujikawa,Kase; Tsujikawa,2014,2014,100.0
same_work,typo,10.1142/s0218271814430081,Effective field theory approach ot modified gravity including Horndeski theory and Hořava–Lifshitz gravity,Effective field theory approach to modified gravity including Horndeski theory and Hořava–Lifshitz gravity,Kase; Tsujikawa,Kase; Tsujikawa,2014,2014,98.9010989010989
same_work,case,10.1142/s0218271814430081,EFFECTIVE FIELD THEORY APPROACH TO MODIFIED GRAVITY INCLUDING HORNDESKI THEORY AND HOŘAVA–LIFSHITZ GRAVITY,Effective field theory approach to modified gravity including Horndeski theory and Hořava–Lifshitz gravity,Kase; Tsujikawa,Kase; Tsujikawa,2014,2014,100.0
same_work,punctuation,10.1142/s0218271814430081,Effective field theory approach to modified gravity including Horndeski theory and HořavaLifshitz gravity,Effective field theory approach to modified gravity including Horndeski theory and Hořava–Lifshitz gravity,Kase; Tsujikawa,Kase; Tsujikawa,2014,2014,99.4475138121547
same_work,opening_words,10.1142/s0218271814430081,Effective field theory approach to,Effective field theory approach to modified gravity including Horndeski theory and Hořava–Lifshitz gravity,Kase; Tsujikawa,Kase; Tsujikawa,2014,2014,100.0
same_work,compound,10.1142/s0218271814430081,Effective field theory approach t omodified gravity including Horndeski theory,Effective field theory approach to modified gravity including Horndeski theory and Hořava–Lifshitz gravity,Kase; Tsujikawa,Kase; Tsujikawa,2014,2014,90.76923076923077
same_work,identity,10.1152/advan.00008.2011,Integrating an open-source course management system (Moodle) into the teaching of a first-year medical physiology course: a case study,Integrating an open-source course management system (Moodle) into the teaching of a first-year medical physiology course: a case study,Seluakumaran; Jusof; Ismail,Seluakumaran; Jusof; Ismail; Husain,2011,2011,100.0
same_work,drop_subtitle,10.1152/advan.00008.2011,Integrating an open-source course management system (Moodle) into the teaching of a first-year medical physiology course,Integrating an open-source course management system (Moodle) into the teaching of a first-year medical physiology course: a case study,Seluakumaran; Jusof; Ismail,Seluakumaran; Jusof; Ismail; Husain,2011,2011,100.0
same_work,truncate,10.1152/advan.00008.2011,Integrating an open-source course management system (Moodle) into the teaching of a first-year,Integrating an open-source course management system (Moodle) into the teaching of a first-year medical physiology course: a case study,Seluakumaran; Jusof; Ismail,Seluakumaran; Jusof; Ismail; Husain,2011,2011,100.0
same_work,typo,10.1152/advan.00008.2011,Integrating an open-source course mangaement system (Moodle) into the teaching of a first-year medical physiology course: a case study,Integrating an open-source course management system (Moodle) into the teaching of a first-year medical physiology course: a case study,Seluakumaran; Jusof; Ismail,Seluakumaran; Jusof; Ismail; Husain,2011,2011,99.18032786885246
same_work,case,10.1152/advan.00008.2011,integrating an open-source course management system (moodle) into the teaching of a first-year medical physiology course: a case study,Integrating an open-source course management system (Moodle) into the teaching of a first-year medical physiology course: a case study,Seluakumaran; Jusof; Ismail,Seluakumaran; Jusof; Ismail; Husain,2011,2011,100.0
same_work,punctuation,10.1152/advan.00008.2011,Integrating an opensource course management system Moodle into the teaching of a firstyear medical physiology course a case study,Integrating an open-source course management system (Moodle) into the teaching of a first-year medical physiology course: a case study,Seluakumaran; Jusof; Ismail,Seluakumaran; Jusof; Ismail; Husain,2011,2011,95.86776859504133
same_work,opening_words,10.1152/advan.00008.2011,Integrating an open-source course,Integrating an open-source course management system (Moodle) into the teaching of a first-year medical physiology course: a case study,Seluakumaran; Jusof; Ismail,Seluakumaran; Jusof; Ismail; Husain,2011,2011,100.0
same_work,compound,10.1152/advan.00008.2011,Integrating an opensource course managemnet system Moodle into the teaching,Integrating an open-source course management system (Moodle) into the teaching of a first-year medical physiology course: a case study,Seluakumaran; Jusof; Ismail,Seluakumaran; Jusof; Ismail; Husain,2011,2011,82.8125
same_work,identity,10.1111/j.1365-3040.2011.02311.x,Nitrate uptake along the maize primary root: an integrated physiological and molecular approach,Nitrate uptake along the maize primary root: an integrated physiological and molecular approach,SORGONÀ; LUPINI; MERCATI,SORGONÀ; LUPINI; MERCATI; DI DIO; SUNSERI; ABENAVOLI,2011,2011,100.0
same_work,drop_subtitle,10.1111/j.1365-3040.2011.02311.x,Nitrate uptake along the maize primary root,Nitrate uptake along the maize primary root: an integrated physiological and molecular approach,SORGONÀ; LUPINI; MERCATI,SORGONÀ; LUPINI; MERCATI; DI DIO; SUNSERI; ABENAVOLI,2011,2011,100.0
same_work,truncate,10.1111/j.1365-3040.2011.02311.x,Nitrate uptake along the maize primary root: an integrated,Nitrate uptake along the maize primary root: an integrated physiological and molecular approach,SORGONÀ; LUPINI; MERCATI,SORGONÀ; LUPINI; MERCATI; DI DIO; SUNSERI; ABENAVOLI,2011,2011,100.0
same_work,typo,10.1111/j.1365-3040.2011.02311.x,Nitrate uptake along the maize primary root: an integrated hpysiological and molecular approach,Nitrate uptake along the maize primary root: an integrated physiological and molecular approach,SORGONÀ; LUPINI; MERCATI,SORGONÀ; LUPINI; MERCATI; DI DIO; SUNSERI; ABENAVOLI,2011,2011,98.93617021276596
same_work,case,10.1111/j.1365-3040.2011.02311.x,NITRATE UPTAKE ALONG THE MAIZE PRIMARY ROOT: AN INTEGRATED PHYSIOLOGICAL AND MOLECULAR APPROACH,Nitrate uptake along the maize primary root: an integrated physiological and molecular approach,SORGONÀ; LUPINI; MERCATI,SORGONÀ; LUPINI; MERCATI; DI DIO; SUNSERI; ABENAVOLI,2011,2011,100.0
same_work,punctuation,10.1111/j.1365-3040.2011.02311.x,Nitrate uptake along the maize primary root an integrated physiological and molecular approach,Nitrate uptake along the maize primary root: an integrated physiological and molecular approach,SORGONÀ; LUPINI; MERCATI,SORGONÀ; LUPINI; MERCATI; DI DIO; SUNSERI; ABENAVOLI,2011,2011,100.0
same_work,opening_words,10.1111/j.1365-3040.2011.02311.x,Nitrate uptake along the,Nitrate uptake along the maize primary root: an integrated physiological and molecular approach,SORGONÀ; LUPINI; MERCATI,SORGONÀ; LUPINI; MERCATI; DI DIO; SUNSERI; ABENAVOLI,2011,2011,100.0
same_work,compound,10.1111/j.1365-3040.2011.02311.x,Nitrate uptkae along the maize primary root,Nitrate uptake along the maize primary root: an integrated physiological and molecular approach,SORGONÀ; LUPINI; MERCATI,SORGONÀ; LUPINI; MERCATI; DI DIO; SUNSERI; ABENAVOLI,2011,2011,91.13924050632912
same_work,identity,10.1096/fasebj.25.1_supplement.lb455,Effects of phosphorylation at Tyr‐659 in endothelial nitric oxide synthase on its interaction with calmodulin and catalytic activity,Effects of phosphorylation at Tyr‐659 in endothelial nitric oxide synthase on its interaction with calmodulin and catalytic activity,Tran; Persechini; Giles,Tran; Persechini; Giles,2011,2011,100.0
same_work,truncate,10.1096/fasebj.25.1_supplement.lb455,Effects of phosphorylation at Tyr‐659 in endothelial nitric oxide synthase on its,Effects of phosphorylation at Tyr‐659 in endothelial nitric oxide synthase on its interaction with calmodulin and catalytic activity,Tran; Persechini; Giles,Tran; Persechini; Giles,2011,2011,100.0
same_work,typo,10.1096/fasebj.25.1_supplement.lb455,Effects of phosphorylation at Tyr‐659 in endothelial nitric oxid esynthase on its interaction with calmodulin and catalytic activity,Effects of phosphorylation at Tyr‐659 in endothelial nitric oxide synthase on its interaction with calmodulin and catalytic activity,Tran; Persechini; Giles,Tran; Persechini; Giles,2011,2011,96.21212121212122
same_work,case,10.1096/fasebj.25.1_supplement.lb455,effects of phosphorylation at tyr‐659 in endothelial nitric oxide synthase on its interaction with calmodulin and catalytic activity,Effects of phosphorylation at Tyr‐659 in endothelial nitric oxide synthase on its interaction with calmodulin and catalytic activity,Tran; Persechini; Giles,Tran; Persechini; Giles,2011,2011,100.0
same_work,punctuation,10.1096/fasebj.25.1_supplement.lb455,Effects of phosphorylation at Tyr659 in endothelial nitric oxide synthase on its interaction with calmodulin and catalytic activity,Effects of phosphorylation at Tyr‐659 in endothelial nitric oxide synthase on its interaction with calmodulin and catalytic activity,Tran; Persechini; Giles,Tran; Persechini; Giles,2011,2011,97.33840304182509
same_work,opening_words,10.1096/fasebj.25.1_supplement.lb455,Effects of phosphorylation at,Effects of phosphorylation at Tyr‐659 in endothelial nitric oxide synthase on its interaction with calmodulin and catalytic activity,Tran; Persechini; Giles,Tran; Persechini; Giles,2011,2011,100.0
same_work,compound,10.1096/fasebj.25.1_supplement.lb455,Effects of phosphorylation at Tyr659 in endothelial nirtic oxide synthase on its interaction,Effects of phosphorylation at Tyr‐659 in endothelial nitric oxide synthase on its interaction with calmodulin and catalytic activity,Tran; Persechini; Giles,Tran; Persechini; Giles,2011,2011,91.76470588235294
same_work,identity,10.4028/www.scientific.net/amm.430.165,Considerations on Kinematics and Dynamics of Gravitational Separators with Non-Balanced Eccentric Masses Used for Cereal Seeds Cleaning,Considerations on Kinematics and Dynamics of Gravitational Separators with Non-Balanced Eccentric Masses Used for Cereal Seeds Cleaning,Bracacescu; Pirna; Popescu,Bracacescu; Pirna; Popescu,2013,2013,100.0
same_work,truncate,10.4028/www.scientific.net/amm.430.165,Considerations on Kinematics and Dynamics of Gravitational Separators with Non-Balanced Eccentric Masses Used,Considerations on Kinematics and Dynamics of Gravitational Separators with Non-Balanced Eccentric Masses Used for Cereal Seeds Cleaning,Bracacescu; Pirna; Popescu,Bracacescu; Pirna; Popescu,2013,2013,100.0
same_work,typo,10.4028/www.scientific.net/amm.430.165,Considerations on Kinematics and Dynamics of Gravitational Separators with Non-Balanced Eccentric Masses Used for Cereal Seesd Cleaning,Considerations on Kinematics and Dynamics of Gravitational Separators with Non-Balanced Eccentric Masses Used for Cereal Seeds Cleaning,Bracacescu; Pirna; Popescu,Bracacescu; Pirna; Popescu,2013,2013,99.25925925925925
same_work,case,10.4028/www.scientific.net/amm.430.165,CONSIDERATIONS ON KINEMATICS AND DYNAMICS OF GRAVITATIONAL SEPARATORS WITH NON-BALANCED ECCENTRIC MASSES USED FOR CEREAL SEEDS CLEANING,Considerations on Kinematics and Dynamics of Gravitational Separators with Non-Balanced Eccentric Masses Used for Cereal Seeds Cleaning,Bracacescu; Pirna; Popescu,Bracacescu; Pirna; Popescu,2013,2013,100.0
same_work,punctuation,10.4028/www.scientific.net/amm.430.165,Considerations on Kinematics and Dynamics of Gravitational Separators with NonBalanced Eccentric Masses Used for Cereal Seeds Cleaning,Considerations on Kinematics and Dynamics of Gravitational Separators with Non-Balanced Eccentric Masses Used for Cereal Seeds Cleaning,Bracacescu; Pirna; Popescu,Bracacescu; Pirna; Popescu,2013,2013,97.39776951672863
same_work,opening_words,10.4028/www.scientific.net/amm.430.165,Considerations on Kinematics and Dynamics,Considerations on Kinematics and Dynamics of Gravitational Separators with Non-Balanced Eccentric Masses Used for Cereal Seeds Cleaning,Bracacescu; Pirna; Popescu,Bracacescu; Pirna; Popescu,2013,2013,100.0
same_work,compound,10.4028/www.scientific.net/amm.430.165,Considerations on Kinematics and Dynamics of Gravitational Separators with NonBalanced Eccetnric,Considerations on Kinematics and Dynamics of Gravitational Separators with Non-Balanced Eccentric Masses Used for Cereal Seeds Cleaning,Bracacescu; Pirna; Popescu,Bracacescu; Pirna; Popescu,2013,2013,87.05882352941177
same_work,identity,10.1158/1940-6207.capr-13-0299,eRapa Restores a Normal Life Span in a FAP Mouse Model,eRapa Restores a Normal Life Span in a FAP Mouse Model,Hasty; Livi; Dodds,Hasty; Livi; Dodds; Jones; Strong; Javors; Fischer; Sloane; Murthy; Hubbard; Sun; Hurez; Curiel; Sharp,2014,2014,100.0
same_work,truncate,10.1158/1940-6207.capr-13-0299,eRapa Restores a Normal Life Span in a,eRapa Restores a Normal Life Span in a FAP Mouse Model,Hasty; Livi; Dodds,Hasty; Livi; Dodds; Jones; Strong; Javors; Fischer; Sloane; Murthy; Hubbard; Sun; Hurez; Curiel; Sharp,2014,2014,100.0
same_work,typo,10.1158/1940-6207.capr-13-0299,eRapa Restores a Normal Life Span in a FAP oMuse Model,eRapa Restores a Normal Life Span in a FAP Mouse Model,Hasty; Livi; Dodds,Hasty; Livi; Dodds; Jones; Strong; Javors; Fischer; Sloane; Murthy; Hubbard; Sun; Hurez; Curiel; Sharp,2014,2014,98.07692307692308
same_work,case,10.1158/1940-6207.capr-13-0299,erapa restores a normal life span in a fap mouse model,eRapa Restores a Normal Life Span in a FAP Mouse Model,Hasty; Livi; Dodds,Hasty; Livi; Dodds; Jones; Strong; Javors; Fischer; Sloane; Murthy; Hubbard; Sun; Hurez; Curiel; Sharp,2014,2014,100.0
same_work,opening_words,10.1158/1940-6207.capr-13-0299,eRapa Restores a Normal,eRapa Restores a Normal Life Span in a FAP Mouse Model,Hasty; Livi; Dodds,Hasty; Livi; Dodds; Jones; Strong; Javors; Fischer; Sloane; Murthy; Hubbard; Sun; Hurez; Curiel; Sharp,2014,2014,100.0
same_work,compound,10.1158/1940-6207.capr-13-0299,eRapa Resotres a Normal Life Span in,eRapa Restores a Normal Life Span in a FAP Mouse Model,Hasty; Livi; Dodds,Hasty; Livi; Dodds; Jones; Strong; Javors; Fischer; Sloane; Murthy; Hubbard; Sun; Hurez; Curiel; Sharp,2014,2014,85.71428571428571
same_work,identity,10.1111/cbdd.12453,"Novel Peptidomimetics for Inhibition of
                    <scp>HER</scp>
                    2:
                    <scp>HER</scp>
                    3 Heterodimerization in
                    <scp>HER</scp>
                    2‐Positive Breast Cancer","Novel Peptidomimetics for Inhibition of
                    <scp>HER</scp>
                    2:
                    <scp>HER</scp>
                    3 Heterodimerization in
                    <scp>HER</scp>
                    2‐Positive Breast Cancer",Kanthala; Banappagari; Gokhale,Kanthala; Banappagari; Gokhale; Liu; Xin; Zhao; Jois,2014,2014,100.0
same_work,truncate,10.1111/cbdd.12453,Novel Peptidomimetics for Inhibition of <scp>HER</scp> 2: <scp>HER</scp> 3,"Novel Peptidomimetics for Inhibition of
                    <scp>HER</scp>
                    2:
                    <scp>HER</scp>
                    3 Heterodimerization in
                    <scp>HER</scp>
                    2‐Positive Breast Cancer",Kanthala; Banappagari; Gokhale,Kanthala; Banappagari; Gokhale; Liu; Xin; Zhao; Jois,2014,2014,100.0
same_work,typo,10.1111/cbdd.12453,"Novel Peptidomimetics for Inhibition of
                    <scp>HER</scp>
                    2:
                    <scp>HER</scp>
                    3 Heterodimerization in
                    <scp>HER</scp>
                    2‐oPsitive Breast Cancer","Novel Peptidomimetics for Inhibition of
                    <scp>HER</scp>
                    2:
                    <scp>HER</scp>
                    3 Heterodimerization in
                    <scp>HER</scp>
                    2‐Positive Breast Cancer",Kanthala; Banappagari; Gokhale,Kanthala; Banappagari; Gokhale; Liu; Xin; Zhao; Jois,2014,2014,98.95833333333333
same_work,case,10.1111/cbdd.12453,"NOVEL PEPTIDOMIMETICS FOR INHIBITION OF
                    <SCP>HER</SCP>
                    2:
                    <SCP>HER</SCP>
                    3 HETERODIMERIZATION IN
                    <SCP>HER</SCP>
                    2‐POSITIVE BREAST CANCER","Novel Peptidomimetics for Inhibition of
                    <scp>HER</scp>
                    2:
                    <scp>HER</scp>
                    3 Heterodimerization in
                    <scp>HER</scp>
                    2‐Positive Breast Cancer",Kanthala; Banappagari; Gokhale,Kanthala; Banappagari; Gokhale; Liu; Xin; Zhao; Jois,2014,2014,100.0
same_work,punctuation,10.1111/cbdd.12453,"Novel Peptidomimetics for Inhibition of
                    scpHERscp
                    2
                    scpHERscp
                    3 Heterodimerization in
                    scpHERscp
                    2Positive Breast Cancer","Novel Peptidomimetics for Inhibition of
                    <scp>HER</scp>
                    2:
                    <scp>HER</scp>
                    3 Heterodimerization in
                    <scp>HER</scp>
                    2‐Positive Breast Cancer",Kanthala; Banappagari; Gokhale,Kanthala; Banappagari; Gokhale; Liu; Xin; Zhao; Jois,2014,2014,94.35897435897436
same_work,opening_words,10.1111/cbdd.12453,Novel Peptidomimetics for Inhibition of,"Novel Peptidomimetics for Inhibition of
                    <scp>HER</scp>
                    2:
                    <scp>HER</scp>
                    3 Heterodimerization in
                    <scp>HER</scp>
                    2‐Positive Breast Cancer",Kanthala; Banappagari; Gokhale,Kanthala; Banappagari; Gokhale; Liu; Xin; Zhao; Jois,2014,2014,100.0
same_work,compound,10.1111/cbdd.12453,Novel Peptidomimteics for Inhibition of scpHERscp 2 scpHERscp 3 Heterodimerization in,"Novel Peptidomimetics for Inhibition of
                    <scp>HER</scp>
                    2:
                    <scp>HER</scp>
                    3 Heterodimerization in
                    <scp>HER</scp>
                    2‐Positive Breast Cancer",Kanthala; Banappagari; Gokhale,Kanthala; Banappagari; Gokhale; Liu; Xin; Zhao; Jois,2014,2014,81.87134502923976
same_work,identity,10.1137/100790537,Black-Box Constructions of Protocols for Secure Computation,Black-Box Constructions of Protocols for Secure Computation,Haitner; Ishai; Kushilevitz,Haitner; Ishai; Kushilevitz; Lindell; Petrank,2011,2011,100.0
same_work,typo,10.1137/100790537,Black-Box Consrtuctions of Protocols for Secure Computation,Black-Box Constructions of Protocols for Secure Computation,Haitner; Ishai; Kushilevitz,Haitner; Ishai; Kushilevitz; Lindell; Petrank,2011,2011,98.30508474576271
same_work,case,10.1137/100790537,black-box constructions of protocols for secure computation,Black-Box Constructions of Protocols for Secure Computation,Haitner; Ishai; Kushilevitz,Haitner; Ishai; Kushilevitz; Lindell; Petrank,2011,2011,100.0
same_work,punctuation,10.1137/100790537,BlackBox Constructions of Protocols for Secure Computation,Black-Box Constructions of Protocols for Secure Computation,Haitner; Ishai; Kushilevitz,Haitner; Ishai; Kushilevitz; Lindell; Petrank,2011,2011,99.14529914529915
same_work,compound,10.1137/100790537,BlackBox Constrcutions of Protocols for Secure Computation,Black-Box Constructions of Protocols for Secure Computation,Haitner; Ishai; Kushilevitz,Haitner; Ishai; Kushilevitz; Lindell; Petrank,2011,2011,97.43589743589743
same_work,identity,10.1136/jcp.2010.079707,Relation between coagulation/fibrinolysis and lactate in the course of human septic shock,Relation between coagulation/fibrinolysis and lactate in the course of human septic shock,Hartemink; Hack; Groeneveld,Hartemink; Hack; Groeneveld,2010,2010,100.0
same_work,truncate,10.1136/jcp.2010.079707,Relation between coagulation/fibrinolysis and lactate in the course,Relation between coagulation/fibrinolysis and lactate in the course of human septic shock,Hartemink; Hack; Groeneveld,Hartemink; Hack; Groeneveld,2010,2010,100.0
same_work,typo,10.1136/jcp.2010.079707,Relation between coauglation/fibrinolysis and lactate in the course of human septic shock,Relation between coagulation/fibrinolysis and lactate in the course of human septic shock,Hartemink; Hack; Groeneveld,Hartemink; Hack; Groeneveld,2010,2010,98.87640449438203
same_work,case,10.1136/jcp.2010.079707,RELATION BETWEEN COAGULATION/FIBRINOLYSIS AND LACTATE IN THE COURSE OF HUMAN SEPTIC SHOCK,Relation between coagulation/fibrinolysis and lactate in the course of human septic shock,Hartemink; Hack; Groeneveld,Hartemink; Hack; Groeneveld,2010,2010,100.0
same_work,punctuation,10.1136/jcp.2010.079707,Relation between coagulationfibrinolysis and lactate in the course of human septic shock,Relation between coagulation/fibrinolysis and lactate in the course of human septic shock,Hartemink; Hack; Groeneveld,Hartemink; Hack; Groeneveld,2010,2010,99.43502824858757
same_work,opening_words,10.1136/jcp.2010.079707,Relation between coagulation/fibrinolysis and,Relation between coagulation/fibrinolysis and lactate in the course of human septic shock,Hartemink; Hack; Groeneveld,Hartemink; Hack; Groeneveld,2010,2010,100.0
same_work,compound,10.1136/jcp.2010.079707,Relation between coagulationfibrinolysis and lactate in the coruse,Relation between coagulation/fibrinolysis and lactate in the course of human septic shock,Hartemink; Hack; Groeneveld,Hartemink; Hack; Groeneveld,2010,2010,81.29032258064515
same_work,identity,10.1111/j.1365-2036.2010.04241.x,Review article: the modern management of autoimmune hepatitis,Review article: the modern management of autoimmune hepatitis,YEOMAN; LONGHI; HENEGHAN,YEOMAN; LONGHI; HENEGHAN,2010,2010,100.0
same_work,truncate,10.1111/j.1365-2036.2010.04241.x,Review article: the modern management,Review article: the modern management of autoimmune hepatitis,YEOMAN; LONGHI; HENEGHAN,YEOMAN; LONGHI; HENEGHAN,2010,2010,100.0
same_work,typo,10.1111/j.1365-2036.2010.04241.x,Review article: the modern management of autoimmune hpeatitis,Review article: the modern management of autoimmune hepatitis,YEOMAN; LONGHI; HENEGHAN,YEOMAN; LONGHI; HENEGHAN,2010,2010,98.33333333333333
same_work,case,10.1111/j.1365-2036.2010.04241.x,REVIEW ARTICLE: THE MODERN MANAGEMENT OF AUTOIMMUNE HEPATITIS,Review article: the modern management of autoimmune hepatitis,YEOMAN; LONGHI; HENEGHAN,YEOMAN; LONGHI; HENEGHAN,2010,2010,100.0
same_work,punctuation,10.1111/j.1365-2036.2010.04241.x,Review article the modern management of autoimmune hepatitis,Review article: the modern management of autoimmune hepatitis,YEOMAN; LONGHI; HENEGHAN,YEOMAN; LONGHI; HENEGHAN,2010,2010,100.0
same_work,compound,10.1111/j.1365-2036.2010.04241.x,Review article the modern maangement,Review article: the modern management of autoimmune hepatitis,YEOMAN; LONGHI; HENEGHAN,YEOMAN; LONGHI; HENEGHAN,2010,2010,81.9672131147541
same_work,identity,10.1002/cncr.27444,Correlation of drug‐induced apoptosis assay results with oncologist treatment decisions and patient response and survival,Correlation of drug‐induced apoptosis assay results with oncologist treatment decisions and patient response and survival,Bosserman; Rajurkar; Rogers,Bosserman; Rajurkar; Rogers; Davidson; Chernick; Hallquist; Malouf; Presant,2012,2012,100.0
same_work,truncate,10.1002/cncr.27444,Correlation of drug‐induced apoptosis assay results with oncologist treatment,Correlation of drug‐induced apoptosis assay results with oncologist treatment decisions and patient response and survival,Bosserman; Rajurkar; Rogers,Bosserman; Rajurkar; Rogers; Davidson; Chernick; Hallquist; Malouf; Presant,2012,2012,100.0
same_work,typo,10.1002/cncr.27444,Correlation of drug‐indcued apoptosis assay results with oncologist treatment decisions and patient response and survival,Correlation of drug‐induced apoptosis assay results with oncologist treatment decisions and patient response and survival,Bosserman; Rajurkar; Rogers,Bosserman; Rajurkar; Rogers; Davidson; Chernick; Hallquist; Malouf; Presant,2012,2012,99.14529914529915
same_work,case,10.1002/cncr.27444,correlation of drug‐induced apoptosis assay results with oncologist treatment decisions and patient response and survival,Correlation of drug‐induced apoptosis assay results with oncologist treatment decisions and patient response and survival,Bosserman; Rajurkar; Rogers,Bosserman; Rajurkar; Rogers; Davidson; Chernick; Hallquist; Malouf; Presant,2012,2012,100.0
same_work,punctuation,10.1002/cncr.27444,Correlation of druginduced apoptosis assay results with oncologist treatment decisions and patient response and survival,Correlation of drug‐induced apoptosis assay results with oncologist treatment decisions and patient response and survival,Bosserman; Rajurkar; Rogers,Bosserman; Rajurkar; Rogers; Davidson; Chernick; Hallquist; Malouf; Presant,2012,2012,99.57081545064378
same_work,opening_words,10.1002/cncr.27444,Correlation of drug‐induced apoptosis assay,Correlation of drug‐induced apoptosis assay results with oncologist treatment decisions and patient response and survival,Bosserman; Rajurkar; Rogers,Bosserman; Rajurkar; Rogers; Davidson; Chernick; Hallquist; Malouf; Presant,2012,2012,100.0
same_work,compound,10.1002/cncr.27444,Correlation of druginduced apoptosis assa yresults with oncologist treatment decisions,Correlation of drug‐induced apoptosis assay results with oncologist treatment decisions and patient response and survival,Bosserman; Rajurkar; Rogers,Bosserman; Rajurkar; Rogers; Davidson; Chernick; Hallquist; Malouf; Presant,2012,2012,83.74384236453201
same_work,identity,10.1246/cl.2010.1118,Overview of the Mechanistic Work on the Concerted Metallation–Deprotonation Pathway,Overview of the Mechanistic Work on the Concerted Metallation–Deprotonation Pathway,Lapointe; Fagnou,Lapointe; Fagnou,2010,2010,100.0
same_work,truncate,10.1246/cl.2010.1118,Overview of the Mechanistic Work on the,Overview of the Mechanistic Work on the Concerted Metallation–Deprotonation Pathway,Lapointe; Fagnou,Lapointe; Fagnou,2010,2010,100.0
same_work,typo,10.1246/cl.2010.1118,Overview of the Mechanitsic Work on the Concerted Metallation–Deprotonation Pathway,Overview of the Mechanistic Work on the Concerted Metallation–Deprotonation Pathway,Lapointe; Fagnou,Lapointe; Fagnou,2010,2010,98.73417721518987
same_work,case,10.1246/cl.2010.1118,overview of the mechanistic work on the concerted metallation–deprotonation pathway,Overview of the Mechanistic Work on the Concerted Metallation–Deprotonation Pathway,Lapointe; Fagnou,Lapointe; Fagnou,2010,2010,100.0
same_work,punctuation,10.1246/cl.2010.1118,Overview of the Mechanistic Work on the Concerted MetallationDeprotonation Pathway,Overview of the Mechanistic Work on the Concerted Metallation–Deprotonation Pathway,Lapointe; Fagnou,Lapointe; Fagnou,2010,2010,86.62420382165605
same_work,opening_words,10.1246/cl.2010.1118,Overview of the Mechanistic,Overview of the Mechanistic Work on the Concerted Metallation–Deprotonation Pathway,Lapointe; Fagnou,Lapointe; Fagnou,2010,2010,100.0
same_work,compound,10.1246/cl.2010.1118,Overview of the Mecahnistic Work on,Overview of the Mechanistic Work on the Concerted Metallation–Deprotonation Pathway,Lapointe; Fagnou,Lapointe; Fagnou,2010,2010,79.3103448275862
same_work,identity,10.14419/ijbr.v2i2.2537,"Molecular identification and amylolytic potential  of a thermophilic bacteria species from  refuse dump in Ile-Ife, Nigeria","Molecular identification and amylolytic potential  of a thermophilic bacteria species from  refuse dump in Ile-Ife, Nigeria",Omoboye; Bakare; Adewale,Omoboye; Bakare; Adewale; Oyedeji,2014,2014,100.0
same_work,truncate,10.14419/ijbr.v2i2.2537,Molecular identification and amylolytic potential of a thermophilic bacteria species,"Molecular identification and amylolytic potential  of a thermophilic bacteria species from  refuse dump in Ile-Ife, Nigeria",Omoboye; Bakare; Adewale,Omoboye; Bakare; Adewale; Oyedeji,2014,2014,100.0
same_work,typo,10.14419/ijbr.v2i2.2537,"Molecular identification and amylolyti cpotential  of a thermophilic bacteria species from  refuse dump in Ile-Ife, Nigeria","Molecular identification and amylolytic potential  of a thermophilic bacteria species from  refuse dump in Ile-Ife, Nigeria",Omoboye; Bakare; Adewale,Omoboye; Bakare; Adewale; Oyedeji,2014,2014,99.16666666666667
same_work,case,10.14419/ijbr.v2i2.2537,"molecular identification and amylolytic potential  of a thermophilic bacteria species from  refuse dump in ile-ife, nigeria","Molecular identification and amylolytic potential  of a thermophilic bacteria species from  refuse dump in Ile-Ife, Nigeria",Omoboye; Bakare; Adewale,Omoboye; Bakare; Adewale; Oyedeji,2014,2014,100.0
same_work,punctuation,10.14419/ijbr.v2i2.2537,Molecular identification and amylolytic potential  of a thermophilic bacteria species from  refuse dump in IleIfe Nigeria,"Molecular identification and amylolytic potential  of a thermophilic bacteria species from  refuse dump in Ile-Ife, Nigeria",Omoboye; Bakare; Adewale,Omoboye; Bakare; Adewale; Oyedeji,2014,2014,97.90794979079497
same_work,opening_words,10.14419/ijbr.v2i2.2537,Molecular identification and amylolytic potential,"Molecular identification and amylolytic potential  of a thermophilic bacteria species from  refuse dump in Ile-Ife, Nigeria",Omoboye; Bakare; Adewale,Omoboye; Bakare; Adewale; Oyedeji,2014,2014,100.0
same_work,compound,10.14419/ijbr.v2i2.2537,Molecular identification adn amylolytic potential of a thermophilic bacteria species from,"Molecular identification and amylolytic potential  of a thermophilic bacteria species from  refuse dump in Ile-Ife, Nigeria",Omoboye; Bakare; Adewale,Omoboye; Bakare; Adewale; Oyedeji,2014,2014,97.70114942528735
same_work,identity,10.20396/conex.v12i1.2179,"Da aquisição da imagem corporal: o papel docente junto a prática física, educativa, pedagógica e corporal em adolescentes","Da aquisição da imagem corporal: o papel docente junto a prática física, educativa, pedagógica e corporal em adolescentes",Rodrigues; Capelletti,Rodrigues; Capelletti,2014,2014,100.0
same_work,drop_subtitle,10.20396/conex.v12i1.2179,Da aquisição da imagem corporal,"Da aquisição da imagem corporal: o papel docente junto a prática física, educativa, pedagógica e corporal em adolescentes",Rodrigues; Capelletti,Rodrigues; Capelletti,2014,2014,100.0
same_work,truncate,10.20396/conex.v12i1.2179,Da aquisição da imagem corporal: o papel docente junto a prática,"Da aquisição da imagem corporal: o papel docente junto a prática física, educativa, pedagógica e corporal em adolescentes",Rodrigues; Capelletti,Rodrigues; Capelletti,2014,2014,100.0
same_work,typo,10.20396/conex.v12i1.2179,"Da aquisição da imagem corporal: o papel docnete junto a prática física, educativa, pedagógica e corporal em adolescentes","Da aquisição da imagem corporal: o papel docente junto a prática física, educativa, pedagógica e corporal em adolescentes",Rodrigues; Capelletti,Rodrigues; Capelletti,2014,2014,99.05660377358491
same_work,case,10.20396/conex.v12i1.2179,"da aquisição da imagem corporal: o papel docente junto a prática física, educativa, pedagógica e corporal em adolescentes","Da aquisição da imagem corporal: o papel docente junto a prática física, educativa, pedagógica e corporal em adolescentes",Rodrigues; Capelletti,Rodrigues; Capelletti,2014,2014,100.0
same_work,punctuation,10.20396/conex.v12i1.2179,Da aquisição da imagem corporal o papel docente junto a prática física educativa pedagógica e corporal em adolescentes,"Da aquisição da imagem corporal: o papel docente junto a prática física, educativa, pedagógica e corporal em adolescentes",Rodrigues; Capelletti,Rodrigues; Capelletti,2014,2014,100.0
same_work,opening_words,10.20396/conex.v12i1.2179,Da aquisição da imagem,"Da aquisição da imagem corporal: o papel docente junto a prática física, educativa, pedagógica e corporal em adolescentes",Rodrigues; Capelletti,Rodrigues; Capelletti,2014,2014,100.0
same_work,compound,10.20396/conex.v12i1.2179,Da aquisiãço da imagem corporal,"Da aquisição da imagem corporal: o papel docente junto a prática física, educativa, pedagógica e corporal em adolescentes",Rodrigues; Capelletti,Rodrigues; Capelletti,2014,2014,78.26086956521739
same_work,identity,10.4028/www.scientific.net/amr.430-432.1536,Design of a Digitalized Testing System for Simple Beam Charpy Impact Testing Machine,Design of a Digitalized Testing System for Simple Beam Charpy Impact Testing Machine,Zheng; Wang; Ye,Zheng; Wang; Ye; Jiao; Wang; Deng; Qin; Peng,2012,2012,100.0
same_work,truncate,10.4028/www.scientific.net/amr.430-432.1536,Design of a Digitalized Testing System for Simple,Design of a Digitalized Testing System for Simple Beam Charpy Impact Testing Machine,Zheng; Wang; Ye,Zheng; Wang; Ye; Jiao; Wang; Deng; Qin; Peng,2012,2012,100.0
same_work,typo,10.4028/www.scientific.net/amr.430-432.1536,Design of a Digitalized Testing System for Simple Beam Charpy Impatc Testing Machine,Design of a Digitalized Testing System for Simple Beam Charpy Impact Testing Machine,Zheng; Wang; Ye,Zheng; Wang; Ye; Jiao; Wang; Deng; Qin; Peng,2012,2012,98.6842105263158
same_work,case,10.4028/www.scientific.net/amr.430-432.1536,design of a digitalized testing system for simple beam charpy impact testing machine,Design of a Digitalized Testing System for Simple Beam Charpy Impact Testing Machine,Zheng; Wang; Ye,Zheng; Wang; Ye; Jiao; Wang; Deng; Qin; Peng,2012,2012,100.0
same_work,opening_words,10.4028/www.scientific.net/amr.430-432.1536,Design of a Digitalized,Design of a Digitalized Testing System for Simple Beam Charpy Impact Testing Machine,Zheng; Wang; Ye,Zheng; Wang; Ye; Jiao; Wang; Deng; Qin; Peng,2012,2012,100.0
same_work,compound,10.4028/www.scientific.net/amr.430-432.1536,Desing of a Digitalized Testing System for Simple Beam,Design of a Digitalized Testing System for Simple Beam Charpy Impact Testing Machine,Zheng; Wang; Ye,Zheng; Wang; Ye; Jiao; Wang; Deng; Qin; Peng,2012,2012,93.06930693069307
same_work,identity,10.22201/fcpys.2448492xe.2012.215.34656,Convergencia partidaria y cambio social. El caso de México (1982-2010),Convergencia partidaria y cambio social. El caso de México (1982-2010),Johansson Mondragón,Johansson Mondragón,2012,2012,100.0
same_work,truncate,10.22201/fcpys.2448492xe.2012.215.34656,Convergencia partidaria y cambio social. El,Convergencia partidaria y cambio social. El caso de México (1982-2010),Johansson Mondragón,Johansson Mondragón,2012,2012,100.0
same_work,typo,10.22201/fcpys.2448492xe.2012.215.34656,Convergencia partidaria y acmbio social. El caso de México (1982-2010),Convergencia partidaria y cambio social. El caso de México (1982-2010),Johansson Mondragón,Johansson Mondragón,2012,2012,98.50746268656717
same_work,case,10.22201/fcpys.2448492xe.2012.215.34656,convergencia partidaria y cambio social. el caso de méxico (1982-2010),Convergencia partidaria y cambio social. El caso de México (1982-2010),Johansson Mondragón,Johansson Mondragón,2012,2012,100.0
same_work,punctuation,10.22201/fcpys.2448492xe.2012.215.34656,Convergencia partidaria y cambio social El caso de México 19822010,Convergencia partidaria y cambio social. El caso de México (1982-2010),Johansson Mondragón,Johansson Mondragón,2012,2012,99.24812030075188
same_work,opening_words,10.22201/fcpys.2448492xe.2012.215.34656,Convergencia partidaria y cambio,Convergencia partidaria y cambio social. El caso de México (1982-2010),Johansson Mondragón,Johansson Mondragón,2012,2012,100.0
same_work,compound,10.22201/fcpys.2448492xe.2012.215.34656,Convregencia partidaria y cambio social El,Convergencia partidaria y cambio social. El caso de México (1982-2010),Johansson Mondragón,Johansson Mondragón,2012,2012,81.69014084507043
same_work,identity,10.2466/06.pms.117x32z3,Duration of Membership at Sports Centers and Reasons for Quitting,Duration of Membership at Sports Centers and Reasons for Quitting,Nuviala; Grao-Cruces; Teva-Villén,Nuviala; Grao-Cruces; Teva-Villén; Pérez-Turpin; Pérez-Ordás; Tamayo-Fajardo,2013,2013,100.0
same_work,truncate,10.2466/06.pms.117x32z3,Duration of Membership at Sports Centers,Duration of Membership at Sports Centers and Reasons for Quitting,Nuviala; Grao-Cruces; Teva-Villén,Nuviala; Grao-Cruces; Teva-Villén; Pérez-Turpin; Pérez-Ordás; Tamayo-Fajardo,2013,2013,100.0
same_work,typo,10.2466/06.pms.117x32z3,Duration of Membership at Sports Centers and Reasnos for Quitting,Duration of Membership at Sports Centers and Reasons for Quitting,Nuviala; Grao-Cruces; Teva-Villén,Nuviala; Grao-Cruces; Teva-Villén; Pérez-Turpin; Pérez-Ordás; Tamayo-Fajardo,2013,2013,98.46153846153847
same_work,case,10.2466/06.pms.117x32z3,duration of membership at sports centers and reasons for quitting,Duration of Membership at Sports Centers and Reasons for Quitting,Nuviala; Grao-Cruces; Teva-Villén,Nuviala; Grao-Cruces; Teva-Villén; Pérez-Turpin; Pérez-Ordás; Tamayo-Fajardo,2013,2013,100.0
same_work,opening_words,10.2466/06.pms.117x32z3,Duration of Membership at,Duration of Membership at Sports Centers and Reasons for Quitting,Nuviala; Grao-Cruces; Teva-Villén,Nuviala; Grao-Cruces; Teva-Villén; Pérez-Turpin; Pérez-Ordás; Tamayo-Fajardo,2013,2013,100.0
same_work,compound,10.2466/06.pms.117x32z3,Duration of Mmebership at Sports Centers,Duration of Membership at Sports Centers and Reasons for Quitting,Nuviala; Grao-Cruces; Teva-Villén,Nuviala; Grao-Cruces; Teva-Villén; Pérez-Turpin; Pérez-Ordás; Tamayo-Fajardo,2013,2013,84.05797101449275
same_work,identity,10.31640/ls-2014-(5-6)-21,Вплив колоїдного розчину наночастинок срібла на показники кардіо- та гемодинаміки у кролів,Вплив колоїдного розчину наночастинок срібла на показники кардіо- та гемодинаміки у кролів,Pryskoka,Pryskoka,2014,2014,100.0
same_work,truncate,10.31640/ls-2014-(5-6)-21,Вплив колоїдного розчину наночастинок срібла на показники кардіо-,Вплив колоїдного розчину наночастинок срібла на показники кардіо- та гемодинаміки у кролів,Pryskoka,Pryskoka,2014,2014,100.0
same_work,typo,10.31640/ls-2014-(5-6)-21,Вплив колоїдного розчину наночастинок срібла на показнкии кардіо- та гемодинаміки у кролів,Вплив колоїдного розчину наночастинок срібла на показники кардіо- та гемодинаміки у кролів,Pryskoka,Pryskoka,2014,2014,98.87640449438203
same_work,case,10.31640/ls-2014-(5-6)-21,ВПЛИВ КОЛОЇДНОГО РОЗЧИНУ НАНОЧАСТИНОК СРІБЛА НА ПОКАЗНИКИ КАРДІО- ТА ГЕМОДИНАМІКИ У КРОЛІВ,Вплив колоїдного розчину наночастинок срібла на показники кардіо- та гемодинаміки у кролів,Pryskoka,Pryskoka,2014,2014,100.0
same_work,punctuation,10.31640/ls-2014-(5-6)-21,Вплив колоїдного розчину наночастинок срібла на показники кардіо та гемодинаміки у кролів,Вплив колоїдного розчину наночастинок срібла на показники кардіо- та гемодинаміки у кролів,Pryskoka,Pryskoka,2014,2014,100.0
same_work,opening_words,10.31640/ls-2014-(5-6)-21,Вплив колоїдного розчину наночастинок,Вплив колоїдного розчину наночастинок срібла на показники кардіо- та гемодинаміки у кролів,Pryskoka,Pryskoka,2014,2014,100.0
same_work,compound,10.31640/ls-2014-(5-6)-21,Вплив колоїдного розчину наночастино ксрібла на показники кардіо,Вплив колоїдного розчину наночастинок срібла на показники кардіо- та гемодинаміки у кролів,Pryskoka,Pryskoka,2014,2014,81.48148148148148
same_work,identity,10.1177/0898010110376324,From Charity to Caring,From Charity to Caring,Selanders; Lake; Crane,Selanders; Lake; Crane,2010,2010,100.0
same_work,typo,10.1177/0898010110376324,From Chairty to Caring,From Charity to Caring,Selanders; Lake; Crane,Selanders; Lake; Crane,2010,2010,95.45454545454545
same_work,case,10.1177/0898010110376324,FROM CHARITY TO CARING,From Charity to Caring,Selanders; Lake; Crane,Selanders; Lake; Crane,2010,2010,100.0
same_work,compound,10.1177/0898010110376324,From Chraity to Caring,From Charity to Caring,Selanders; Lake; Crane,Selanders; Lake; Crane,2010,2010,95.45454545454545
same_work,identity,10.1177/030089161209800618,Use of Luminex xMAP bead-based suspension array for detecting microRNA in NSCLC tissues and its clinical application,Use of Luminex xMAP bead-based suspension array for detecting microRNA in NSCLC tissues and its clinical application,Wang; Shi; Wu,Wang; Shi; Wu; Xu; Wang; Zhang; Jiang; Gu,2012,2012,100.0
same_work,truncate,10.1177/030089161209800618,Use of Luminex xMAP bead-based suspension array for detecting microRNA in NSCLC,Use of Luminex xMAP bead-based suspension array for detecting microRNA in NSCLC tissues and its clinical application,Wang; Shi; Wu,Wang; Shi; Wu; Xu; Wang; Zhang; Jiang; Gu,2012,2012,100.0
same_work,typo,10.1177/030089161209800618,Us eof Luminex xMAP bead-based suspension array for detecting microRNA in NSCLC tissues and its clinical application,Use of Luminex xMAP bead-based suspension array for detecting microRNA in NSCLC tissues and its clinical application,Wang; Shi; Wu,Wang; Shi; Wu; Xu; Wang; Zhang; Jiang; Gu,2012,2012,99.13793103448276
same_work,case,10.1177/030089161209800618,USE OF LUMINEX XMAP BEAD-BASED SUSPENSION ARRAY FOR DETECTING MICRORNA IN NSCLC TISSUES AND ITS CLINICAL APPLICATION,Use of Luminex xMAP bead-based suspension array for detecting microRNA in NSCLC tissues and its clinical application,Wang; Shi; Wu,Wang; Shi; Wu; Xu; Wang; Zhang; Jiang; Gu,2012,2012,100.0
same_work,punctuation,10.1177/030089161209800618,Use of Luminex xMAP beadbased suspension array for detecting microRNA in NSCLC tissues and its clinical application,Use of Luminex xMAP bead-based suspension array for detecting microRNA in NSCLC tissues and its clinical application,Wang; Shi; Wu,Wang; Shi; Wu; Xu; Wang; Zhang; Jiang; Gu,2012,2012,96.96969696969697
same_work,opening_words,10.1177/030089161209800618,Use of Luminex xMAP,Use of Luminex xMAP bead-based suspension array for detecting microRNA in NSCLC tissues and its clinical application,Wang; Shi; Wu,Wang; Shi; Wu; Xu; Wang; Zhang; Jiang; Gu,2012,2012,100.0
same_work,compound,10.1177/030089161209800618,Use of Luminex xMAP beadbased suspension array for detecting microRNA in NSLCC tissues,Use of Luminex xMAP bead-based suspension array for detecting microRNA in NSCLC tissues and its clinical application,Wang; Shi; Wu,Wang; Shi; Wu; Xu; Wang; Zhang; Jiang; Gu,2012,2012,89.74358974358974
same_work,identity,10.1002/lt.22397,Priority of candidates with hepatocellular carcinoma awaiting liver transplantation can be reduced after successful bridge therapy,Priority of candidates with hepatocellular carcinoma awaiting liver transplantation can be reduced after successful bridge therapy,Cucchetti; Cescon; Bigonzi,Cucchetti; Cescon; Bigonzi; Piscaglia; Golfieri; Ercolani; Morelli; Ravaioli; Pinna,2011,2011,100.0
same_work,truncate,10.1002/lt.22397,Priority of candidates with hepatocellular carcinoma awaiting liver transplantation can,Priority of candidates with hepatocellular carcinoma awaiting liver transplantation can be reduced after successful bridge therapy,Cucchetti; Cescon; Bigonzi,Cucchetti; Cescon; Bigonzi; Piscaglia; Golfieri; Ercolani; Morelli; Ravaioli; Pinna,2011,2011,100.0
same_work,typo,10.1002/lt.22397,Priority of candidates with hepaotcellular carcinoma awaiting liver transplantation can be reduced after successful bridge therapy,Priority of candidates with hepatocellular carcinoma awaiting liver transplantation can be reduced after successful bridge therapy,Cucchetti; Cescon; Bigonzi,Cucchetti; Cescon; Bigonzi; Piscaglia; Golfieri; Ercolani; Morelli; Ravaioli; Pinna,2011,2011,99.23076923076923
same_work,case,10.1002/lt.22397,PRIORITY OF CANDIDATES WITH HEPATOCELLULAR CARCINOMA AWAITING LIVER TRANSPLANTATION CAN BE REDUCED AFTER SUCCESSFUL BRIDGE THERAPY,Priority of candidates with hepatocellular carcinoma awaiting liver transplantation can be reduced after successful bridge therapy,Cucchetti; Cescon; Bigonzi,Cucchetti; Cescon; Bigonzi; Piscaglia; Golfieri; Ercolani; Morelli; Ravaioli; Pinna,2011,2011,100.0
same_work,opening_words,10.1002/lt.22397,Priority of candidates with,Priority of candidates with hepatocellular carcinoma awaiting liver transplantation can be reduced after successful bridge therapy,Cucchetti; Cescon; Bigonzi,Cucchetti; Cescon; Bigonzi; Piscaglia; Golfieri; Ercolani; Morelli; Ravaioli; Pinna,2011,2011,100.0
same_work,compound,10.1002/lt.22397,Priority of candidates with hepatocellular carcinoma awaiting ilver transplantation can,Priority of candidates with hepatocellular carcinoma awaiting liver transplantation can be reduced after successful bridge therapy,Cucchetti; Cescon; Bigonzi,Cucchetti; Cescon; Bigonzi; Piscaglia; Golfieri; Ercolani; Morelli; Ravaioli; Pinna,2011,2011,96.42857142857143
same_work,identity,10.4103/0019-5545.94645,"Risk factors of post-traumatic stress disorder in tsunami survivors of Kanyakumari District, Tamil Nadu, India","Risk factors of post-traumatic stress disorder in tsunami survivors of Kanyakumari District, Tamil Nadu, India",Pyari; Kutty; Sarma,Pyari; Kutty; Sarma,2012,2012,100.0
same_work,truncate,10.4103/0019-5545.94645,Risk factors of post-traumatic stress disorder in tsunami survivors of,"Risk factors of post-traumatic stress disorder in tsunami survivors of Kanyakumari District, Tamil Nadu, India",Pyari; Kutty; Sarma,Pyari; Kutty; Sarma,2012,2012,100.0
same_work,typo,10.4103/0019-5545.94645,"Risk factors of post-traumatic stress disorder in tsunami survivors of Kanyakumari District, Tamli Nadu, India","Risk factors of post-traumatic stress disorder in tsunami survivors of Kanyakumari District, Tamil Nadu, India",Pyari; Kutty; Sarma,Pyari; Kutty; Sarma,2012,2012,99.04761904761905
same_work,case,10.4103/0019-5545.94645,"RISK FACTORS OF POST-TRAUMATIC STRESS DISORDER IN TSUNAMI SURVIVORS OF KANYAKUMARI DISTRICT, TAMIL NADU, INDIA","Risk factors of post-traumatic stress disorder in tsunami survivors of Kanyakumari District, Tamil Nadu, India",Pyari; Kutty; Sarma,Pyari; Kutty; Sarma,2012,2012,100.0
same_work,punctuation,10.4103/0019-5545.94645,Risk factors of posttraumatic stress disorder in tsunami survivors of Kanyakumari District Tamil Nadu India,"Risk factors of post-traumatic stress disorder in tsunami survivors of Kanyakumari District, Tamil Nadu, India",Pyari; Kutty; Sarma,Pyari; Kutty; Sarma,2012,2012,99.52153110047847
same_work,opening_words,10.4103/0019-5545.94645,Risk factors of post-traumatic,"Risk factors of post-traumatic stress disorder in tsunami survivors of Kanyakumari District, Tamil Nadu, India",Pyari; Kutty; Sarma,Pyari; Kutty; Sarma,2012,2012,100.0
same_work,compound,10.4103/0019-5545.94645,Risk factors of posttruamatic stress disorder in tsunami survivors,"Risk factors of post-traumatic stress disorder in tsunami survivors of Kanyakumari District, Tamil Nadu, India",Pyari; Kutty; Sarma,Pyari; Kutty; Sarma,2012,2012,88.13559322033899
same_work,identity,10.1111/bor.12015,"Chronology, stratigraphy and palaeoenvironmental interpretation of a <scp>L</scp>ate <scp>P</scp>leistocene to mid‐<scp>H</scp>olocene cave accumulation on <scp>K</scp>angaroo <scp>I</scp>sland, <scp>S</scp>outh <scp>A</scp>ustralia","Chronology, stratigraphy and palaeoenvironmental interpretation of a <scp>L</scp>ate <scp>P</scp>leistocene to mid‐<scp>H</scp>olocene cave accumulation on <scp>K</scp>angaroo <scp>I</scp>sland, <scp>S</scp>outh <scp>A</scp>ustralia",McDowell; Bestland; Bertuch,McDowell; Bestland; Bertuch; Ayliffe; Hellstrom; Jacobsen; Prideaux,2013,2013,100.0
same_work,truncate,10.1111/bor.12015,"Chronology, stratigraphy and palaeoenvironmental interpretation of a <scp>L</scp>ate <scp>P</scp>leistocene to mid‐<scp>H</scp>olocene cave","Chronology, stratigraphy and palaeoenvironmental interpretation of a <scp>L</scp>ate <scp>P</scp>leistocene to mid‐<scp>H</scp>olocene cave accumulation on <scp>K</scp>angaroo <scp>I</scp>sland, <scp>S</scp>outh <scp>A</scp>ustralia",McDowell; Bestland; Bertuch,McDowell; Bestland; Bertuch; Ayliffe; Hellstrom; Jacobsen; Prideaux,2013,2013,100.0
same_work,typo,10.1111/bor.12015,"Chronology, stratigraphy and palaeoenvironmental interpretation of a <scp>L</scp>ate <scp>P</scp>leistocene to mid‐<scp>H</scp>olocene cave accumulation on <scp>K</scp>angaroo <scp>I</sc>psland, <scp>S</scp>outh <scp>A</scp>ustralia","Chronology, stratigraphy and palaeoenvironmental interpretation of a <scp>L</scp>ate <scp>P</scp>leistocene to mid‐<scp>H</scp>olocene cave accumulation on <scp>K</scp>angaroo <scp>I</scp>sland, <scp>S</scp>outh <scp>A</scp>ustralia",McDowell; Bestland; Bertuch,McDowell; Bestland; Bertuch; Ayliffe; Hellstrom; Jacobsen; Prideaux,2013,2013,98.78048780487805
same_work,case,10.1111/bor.12015,"chronology, stratigraphy and palaeoenvironmental interpretation of a <scp>l</scp>ate <scp>p</scp>leistocene to mid‐<scp>h</scp>olocene cave accumulation on <scp>k</scp>angaroo <scp>i</scp>sland, <scp>s</scp>outh <scp>a</scp>ustralia","Chronology, stratigraphy and palaeoenvironmental interpretation of a <scp>L</scp>ate <scp>P</scp>leistocene to mid‐<scp>H</scp>olocene cave accumulation on <scp>K</scp>angaroo <scp>I</scp>sland, <scp>S</scp>outh <scp>A</scp>ustralia",McDowell; Bestland; Bertuch,McDowell; Bestland; Bertuch; Ayliffe; Hellstrom; Jacobsen; Prideaux,2013,2013,100.0
same_work,punctuation,10.1111/bor.12015,Chronology stratigraphy and palaeoenvironmental interpretation of a scpLscpate scpPscpleistocene to midscpHscpolocene cave accumulation on scpKscpangaroo scpIscpsland scpSscpouth scpAscpustralia,"Chronology, stratigraphy and palaeoenvironmental interpretation of a <scp>L</scp>ate <scp>P</scp>leistocene to mid‐<scp>H</scp>olocene cave accumulation on <scp>K</scp>angaroo <scp>I</scp>sland, <scp>S</scp>outh <scp>A</scp>ustralia",McDowell; Bestland; Bertuch,McDowell; Bestland; Bertuch; Ayliffe; Hellstrom; Jacobsen; Prideaux,2013,2013,71.93675889328063
same_work,opening_words,10.1111/bor.12015,"Chronology, stratigraphy and palaeoenvironmental","Chronology, stratigraphy and palaeoenvironmental interpretation of a <scp>L</scp>ate <scp>P</scp>leistocene to mid‐<scp>H</scp>olocene cave accumulation on <scp>K</scp>angaroo <scp>I</scp>sland, <scp>S</scp>outh <scp>A</scp>ustralia",McDowell; Bestland; Bertuch,McDowell; Bestland; Bertuch; Ayliffe; Hellstrom; Jacobsen; Prideaux,2013,2013,100.0
same_work,compound,10.1111/bor.12015,Chronology stratigraphy and palaeoenvironmental interpretation of a scpLscpate scpPscpleistocene to midscpHscpolocene cave accumulation on,"Chronology, stratigraphy and palaeoenvironmental interpretation of a <scp>L</scp>ate <scp>P</scp>leistocene to mid‐<scp>H</scp>olocene cave accumulation on <scp>K</scp>angaroo <scp>I</scp>sland, <scp>S</scp>outh <scp>A</scp>ustralia",McDowell; Bestland; Bertuch,McDowell; Bestland; Bertuch; Ayliffe; Hellstrom; Jacobsen; Prideaux,2013,2013,79.47598253275109
same_work,identity,10.4028/www.scientific.net/amm.423-426.2576,An Automatic Testing System Design for Accelerometer Based on LabVIEW,An Automatic Testing System Design for Accelerometer Based on LabVIEW,Zhang; Zhang; Gao,Zhang; Zhang; Gao; Wu,2013,2013,100.0
same_work,truncate,10.4028/www.scientific.net/amm.423-426.2576,An Automatic Testing System Design for Accelerometer,An Automatic Testing System Design for Accelerometer Based on LabVIEW,Zhang; Zhang; Gao,Zhang; Zhang; Gao; Wu,2013,2013,100.0
same_work,typo,10.4028/www.scientific.net/amm.423-426.2576,An Automatic Testing System Design fo rAccelerometer Based on LabVIEW,An Automatic Testing System Design for Accelerometer Based on LabVIEW,Zhang; Zhang; Gao,Zhang; Zhang; Gao; Wu,2013,2013,94.20289855072464
same_work,case,10.4028/www.scientific.net/amm.423-426.2576,an automatic testing system design for accelerometer based on labview,An Automatic Testing System Design for Accelerometer Based on LabVIEW,Zhang; Zhang; Gao,Zhang; Zhang; Gao; Wu,2013,2013,100.0
same_work,opening_words,10.4028/www.scientific.net/amm.423-426.2576,An Automatic Testing System,An Automatic Testing System Design for Accelerometer Based on LabVIEW,Zhang; Zhang; Gao,Zhang; Zhang; Gao; Wu,2013,2013,100.0
same_work,compound,10.4028/www.scientific.net/amm.423-426.2576,An Automatic Tesitng System Design for,An Automatic Testing System Design for Accelerometer Based on LabVIEW,Zhang; Zhang; Gao,Zhang; Zhang; Gao; Wu,2013,2013,88.23529411764706
same_work,identity,10.2304/elea.2010.7.3.200,The Teacher as Designer: Pedagogy in the New Media Age,The Teacher as Designer: Pedagogy in the New Media Age,Kalantzis; Cope,Kalantzis; Cope,2010,2010,100.0
same_work,drop_subtitle,10.2304/elea.2010.7.3.200,The Teacher as Designer,The Teacher as Designer: Pedagogy in the New Media Age,Kalantzis; Cope,Kalantzis; Cope,2010,2010,100.0
same_work,truncate,10.2304/elea.2010.7.3.200,The Teacher as Designer: Pedagogy in,The Teacher as Designer: Pedagogy in the New Media Age,Kalantzis; Cope,Kalantzis; Cope,2010,2010,100.0
same_work,typo,10.2304/elea.2010.7.3.200,The Teacher as Desginer: Pedagogy in the New Media Age,The Teacher as Designer: Pedagogy in the New Media Age,Kalantzis; Cope,Kalantzis; Cope,2010,2010,97.95918367346938
same_work,case,10.2304/elea.2010.7.3.200,THE TEACHER AS DESIGNER: PEDAGOGY IN THE NEW MEDIA AGE,The Teacher as Designer: Pedagogy in the New Media Age,Kalantzis; Cope,Kalantzis; Cope,2010,2010,100.0
same_work,punctuation,10.2304/elea.2010.7.3.200,The Teacher as Designer Pedagogy in the New Media Age,The Teacher as Designer: Pedagogy in the New Media Age,Kalantzis; Cope,Kalantzis; Cope,2010,2010,100.0
same_work,opening_words,10.2304/elea.2010.7.3.200,The Teacher as Designer: Pedagogy,The Teacher as Designer: Pedagogy in the New Media Age,Kalantzis; Cope,Kalantzis; Cope,2010,2010,100.0
same_work,compound,10.2304/elea.2010.7.3.200,The Teacher as eDsigner,The Teacher as Designer: Pedagogy in the New Media Age,Kalantzis; Cope,Kalantzis; Cope,2010,2010,75.67567567567568
same_work,identity,10.1177/1352458513510981,Contribution of spinal cord biopsy to diagnosis of aquaporin-4 antibody positive neuromyelitis optica spectrum disorder,Contribution of spinal cord biopsy to diagnosis of aquaporin-4 antibody positive neuromyelitis optica spectrum disorder,Ringelstein; Metz; Ruprecht,Ringelstein; Metz; Ruprecht; Koch; Rappold; Ingwersen; Mathys; Jarius; Brück; Hartung; Paul; Aktas; for the Neuromyelitis Optica Study Group (NEMOS); Langel; Oy; Reuss; Wilke; Münch; Hellwig; Kleiter; Niehaus; Melms; Linker; Mayer; Guthke; Pellkofer; Hoffmann; Zentner; Stangel; Trebst; Wildemann; Geis; Ettrich; Bergh; Wandinger; Berthele; Hemmer; Kümpfel; Marziniak; Böttcher; Rommer; Neuhaus; Sieb; Veauthier; Faiss; Kern; Ziemann; Tumani; Lauda; Brettschneider; Liebetrau; Kleinschnitz; Schippling,2013,2013,100.0
same_work,truncate,10.1177/1352458513510981,Contribution of spinal cord biopsy to diagnosis of aquaporin-4 antibody,Contribution of spinal cord biopsy to diagnosis of aquaporin-4 antibody positive neuromyelitis optica spectrum disorder,Ringelstein; Metz; Ruprecht,Ringelstein; Metz; Ruprecht; Koch; Rappold; Ingwersen; Mathys; Jarius; Brück; Hartung; Paul; Aktas; for the Neuromyelitis Optica Study Group (NEMOS); Langel; Oy; Reuss; Wilke; Münch; Hellwig; Kleiter; Niehaus; Melms; Linker; Mayer; Guthke; Pellkofer; Hoffmann; Zentner; Stangel; Trebst; Wildemann; Geis; Ettrich; Bergh; Wandinger; Berthele; Hemmer; Kümpfel; Marziniak; Böttcher; Rommer; Neuhaus; Sieb; Veauthier; Faiss; Kern; Ziemann; Tumani; Lauda; Brettschneider; Liebetrau; Kleinschnitz; Schippling,2013,2013,100.0
same_work,typo,10.1177/1352458513510981,Contribution of spinal cord biopsy to diagnoiss of aquaporin-4 antibody positive neuromyelitis optica spectrum disorder,Contribution of spinal cord biopsy to diagnosis of aquaporin-4 antibody positive neuromyelitis optica spectrum disorder,Ringelstein; Metz; Ruprecht,Ringelstein; Metz; Ruprecht; Koch; Rappold; Ingwersen; Mathys; Jarius; Brück; Hartung; Paul; Aktas; for the Neuromyelitis Optica Study Group (NEMOS); Langel; Oy; Reuss; Wilke; Münch; Hellwig; Kleiter; Niehaus; Melms; Linker; Mayer; Guthke; Pellkofer; Hoffmann; Zentner; Stangel; Trebst; Wildemann; Geis; Ettrich; Bergh; Wandinger; Berthele; Hemmer; Kümpfel; Marziniak; Böttcher; Rommer; Neuhaus; Sieb; Veauthier; Faiss; Kern; Ziemann; Tumani; Lauda; Brettschneider; Liebetrau; Kleinschnitz; Schippling,2013,2013,99.13793103448276
same_work,case,10.1177/1352458513510981,contribution of spinal cord biopsy to diagnosis of aquaporin-4 antibody positive neuromyelitis optica spectrum disorder,Contribution of spinal cord biopsy to diagnosis of aquaporin-4 antibody positive neuromyelitis optica spectrum disorder,Ringelstein; Metz; Ruprecht,Ringelstein; Metz; Ruprecht; Koch; Rappold; Ingwersen; Mathys; Jarius; Brück; Hartung; Paul; Aktas; for the Neuromyelitis Optica Study Group (NEMOS); Langel; Oy; Reuss; Wilke; Münch; Hellwig; Kleiter; Niehaus; Melms; Linker; Mayer; Guthke; Pellkofer; Hoffmann; Zentner; Stangel; Trebst; Wildemann; Geis; Ettrich; Bergh; Wandinger; Berthele; Hemmer; Kümpfel; Marziniak; Böttcher; Rommer; Neuhaus; Sieb; Veauthier; Faiss; Kern; Ziemann; Tumani; Lauda; Brettschneider; Liebetrau; Kleinschnitz; Schippling,2013,2013,100.0
same_work,punctuation,10.1177/1352458513510981,Contribution of spinal cord biopsy to diagnosis of aquaporin4 antibody positive neuromyelitis optica spectrum disorder,Contribution of spinal cord biopsy to diagnosis of aquaporin-4 antibody positive neuromyelitis optica spectrum disorder,Ringelstein; Metz; Ruprecht,Ringelstein; Metz; Ruprecht; Koch; Rappold; Ingwersen; Mathys; Jarius; Brück; Hartung; Paul; Aktas; for the Neuromyelitis Optica Study Group (NEMOS); Langel; Oy; Reuss; Wilke; Münch; Hellwig; Kleiter; Niehaus; Melms; Linker; Mayer; Guthke; Pellkofer; Hoffmann; Zentner; Stangel; Trebst; Wildemann; Geis; Ettrich; Bergh; Wandinger; Berthele; Hemmer; Kümpfel; Marziniak; Böttcher; Rommer; Neuhaus; Sieb; Veauthier; Faiss; Kern; Ziemann; Tumani; Lauda; Brettschneider; Liebetrau; Kleinschnitz; Schippling,2013,2013,98.7012987012987
same_work,opening_words,10.1177/1352458513510981,Contribution of spinal cord,Contribution of spinal cord biopsy to diagnosis of aquaporin-4 antibody positive neuromyelitis optica spectrum disorder,Ringelstein; Metz; Ruprecht,Ringelstein; Metz; Ruprecht; Koch; Rappold; Ingwersen; Mathys; Jarius; Brück; Hartung; Paul; Aktas; for the Neuromyelitis Optica Study Group (NEMOS); Langel; Oy; Reuss; Wilke; Münch; Hellwig; Kleiter; Niehaus; Melms; Linker; Mayer; Guthke; Pellkofer; Hoffmann; Zentner; Stangel; Trebst; Wildemann; Geis; Ettrich; Bergh; Wandinger; Berthele; Hemmer; Kümpfel; Marziniak; Böttcher; Rommer; Neuhaus; Sieb; Veauthier; Faiss; Kern; Ziemann; Tumani; Lauda; Brettschneider; Liebetrau; Kleinschnitz; Schippling,2013,2013,100.0
same_work,compound,10.1177/1352458513510981,Contribution of spinal ocrd biopsy to diagnosis of aquaporin4 antibody,Contribution of spinal cord biopsy to diagnosis of aquaporin-4 antibody positive neuromyelitis optica spectrum disorder,Ringelstein; Metz; Ruprecht,Ringelstein; Metz; Ruprecht; Koch; Rappold; Ingwersen; Mathys; Jarius; Brück; Hartung; Paul; Aktas; for the Neuromyelitis Optica Study Group (NEMOS); Langel; Oy; Reuss; Wilke; Münch; Hellwig; Kleiter; Niehaus; Melms; Linker; Mayer; Guthke; Pellkofer; Hoffmann; Zentner; Stangel; Trebst; Wildemann; Geis; Ettrich; Bergh; Wandinger; Berthele; Hemmer; Kümpfel; Marziniak; Böttcher; Rommer; Neuhaus; Sieb; Veauthier; Faiss; Kern; Ziemann; Tumani; Lauda; Brettschneider; Liebetrau; Kleinschnitz; Schippling,2013,2013,86.4406779661017
same_work,identity,10.1152/ajpgi.00380.2013,Mitochondrial calcium handling within the interstitial cells of Cajal,Mitochondrial calcium handling within the interstitial cells of Cajal,Means; Cheng,Means; Cheng,2014,2014,100.0
same_work,truncate,10.1152/ajpgi.00380.2013,Mitochondrial calcium handling within the,Mitochondrial calcium handling within the interstitial cells of Cajal,Means; Cheng,Means; Cheng,2014,2014,100.0
same_work,typo,10.1152/ajpgi.00380.2013,Mitochnodrial calcium handling within the interstitial cells of Cajal,Mitochondrial calcium handling within the interstitial cells of Cajal,Means; Cheng,Means; Cheng,2014,2014,98.55072463768116
same_work,case,10.1152/ajpgi.00380.2013,MITOCHONDRIAL CALCIUM HANDLING WITHIN THE INTERSTITIAL CELLS OF CAJAL,Mitochondrial calcium handling within the interstitial cells of Cajal,Means; Cheng,Means; Cheng,2014,2014,100.0
same_work,opening_words,10.1152/ajpgi.00380.2013,Mitochondrial calcium handling within the,Mitochondrial calcium handling within the interstitial cells of Cajal,Means; Cheng,Means; Cheng,2014,2014,100.0
same_work,compound,10.1152/ajpgi.00380.2013,Mitochondiral calcium handling within the interstitial cells,Mitochondrial calcium handling within the interstitial cells of Cajal,Means; Cheng,Means; Cheng,2014,2014,91.47286821705427
same_work,identity,10.1111/acps.12208,Increased parental history of bipolar disorder in the <scp>U</scp>nited <scp>S</scp>tates: association with early age of onset,Increased parental history of bipolar disorder in the <scp>U</scp>nited <scp>S</scp>tates: association with early age of onset,Post; Leverich; Kupka,Post; Leverich; Kupka; Keck; McElroy; Altshuler; Frye; Luckenbaugh; Rowe; Grunze; Suppes; Nolen,2013,2013,100.0
same_work,drop_subtitle,10.1111/acps.12208,Increased parental history of bipolar disorder in the <scp>U</scp>nited <scp>S</scp>tates,Increased parental history of bipolar disorder in the <scp>U</scp>nited <scp>S</scp>tates: association with early age of onset,Post; Leverich; Kupka,Post; Leverich; Kupka; Keck; McElroy; Altshuler; Frye; Luckenbaugh; Rowe; Grunze; Suppes; Nolen,2013,2013,100.0
same_work,truncate,10.1111/acps.12208,Increased parental history of bipolar disorder in the <scp>U</scp>nited <scp>S</scp>tates: association with,Increased parental history of bipolar disorder in the <scp>U</scp>nited <scp>S</scp>tates: association with early age of onset,Post; Leverich; Kupka,Post; Leverich; Kupka; Keck; McElroy; Altshuler; Frye; Luckenbaugh; Rowe; Grunze; Suppes; Nolen,2013,2013,100.0
same_work,typo,10.1111/acps.12208,Increased parental history of bipolar disorder in the <scp>U</scp>nited <scp>S</scp>tates: association with early age of onest,Increased parental history of bipolar disorder in the <scp>U</scp>nited <scp>S</scp>tates: association with early age of onset,Post; Leverich; Kupka,Post; Leverich; Kupka; Keck; McElroy; Altshuler; Frye; Luckenbaugh; Rowe; Grunze; Suppes; Nolen,2013,2013,99.05660377358491
same_work,case,10.1111/acps.12208,increased parental history of bipolar disorder in the <scp>u</scp>nited <scp>s</scp>tates: association with early age of onset,Increased parental history of bipolar disorder in the <scp>U</scp>nited <scp>S</scp>tates: association with early age of onset,Post; Leverich; Kupka,Post; Leverich; Kupka; Keck; McElroy; Altshuler; Frye; Luckenbaugh; Rowe; Grunze; Suppes; Nolen,2013,2013,100.0
same_work,punctuation,10.1111/acps.12208,Increased parental history of bipolar disorder in the scpUscpnited scpSscptates association with early age of onset,Increased parental history of bipolar disorder in the <scp>U</scp>nited <scp>S</scp>tates: association with early age of onset,Post; Leverich; Kupka,Post; Leverich; Kupka; Keck; McElroy; Altshuler; Frye; Luckenbaugh; Rowe; Grunze; Suppes; Nolen,2013,2013,89.90825688073394
same_work,opening_words,10.1111/acps.12208,Increased parental history of bipolar,Increased parental history of bipolar disorder in the <scp>U</scp>nited <scp>S</scp>tates: association with early age of onset,Post; Leverich; Kupka,Post; Leverich; Kupka; Keck; McElroy; Altshuler; Frye; Luckenbaugh; Rowe; Grunze; Suppes; Nolen,2013,2013,100.0
same_work,compound,10.1111/acps.12208,Increased parenatl history of bipolar disorder in,Increased parental history of bipolar disorder in the <scp>U</scp>nited <scp>S</scp>tates: association with early age of onset,Post; Leverich; Kupka,Post; Leverich; Kupka; Keck; McElroy; Altshuler; Frye; Luckenbaugh; Rowe; Grunze; Suppes; Nolen,2013,2013,89.88764044943821
same_work,identity,10.1182/blood.v120.21.4273.4273,Health Care Utilization and Associated Costs in Elderly Persons with Non-CML Myeloproliferative Neoplasms: Real-World Evidence From a United States Medicare Population,Health Care Utilization and Associated Costs in Elderly Persons with Non-CML Myeloproliferative Neoplasms: Real-World Evidence From a United States Medicare Population,Karve; Price; Davis,Karve; Price; Davis; Pohl; Walgren,2012,2012,100.0
same_work,drop_subtitle,10.1182/blood.v120.21.4273.4273,Health Care Utilization and Associated Costs in Elderly Persons with Non-CML Myeloproliferative Neoplasms,Health Care Utilization and Associated Costs in Elderly Persons with Non-CML Myeloproliferative Neoplasms: Real-World Evidence From a United States Medicare Population,Karve; Price; Davis,Karve; Price; Davis; Pohl; Walgren,2012,2012,100.0
same_work,truncate,10.1182/blood.v120.21.4273.4273,Health Care Utilization and Associated Costs in Elderly Persons with Non-CML Myeloproliferative Neoplasms: Real-World,Health Care Utilization and Associated Costs in Elderly Persons with Non-CML Myeloproliferative Neoplasms: Real-World Evidence From a United States Medicare Population,Karve; Price; Davis,Karve; Price; Davis; Pohl; Walgren,2012,2012,100.0
same_work,typo,10.1182/blood.v120.21.4273.4273,Health Care Utilization and Associated Costs in Elderly Persons with Non-CML Meyloproliferative Neoplasms: Real-World Evidence From a United States Medicare Population,Health Care Utilization and Associated Costs in Elderly Persons with Non-CML Myeloproliferative Neoplasms: Real-World Evidence From a United States Medicare Population,Karve; Price; Davis,Karve; Price; Davis; Pohl; Walgren,2012,2012,99.39759036144578
same_work,case,10.1182/blood.v120.21.4273.4273,HEALTH CARE UTILIZATION AND ASSOCIATED COSTS IN ELDERLY PERSONS WITH NON-CML MYELOPROLIFERATIVE NEOPLASMS: REAL-WORLD EVIDENCE FROM A UNITED STATES MEDICARE POPULATION,Health Care Utilization and Associated Costs in Elderly Persons with Non-CML Myeloproliferative Neoplasms: Real-World Evidence From a United States Medicare Population,Karve; Price; Davis,Karve; Price; Davis; Pohl; Walgren,2012,2012,100.0
same_work,punctuation,10.1182/blood.v120.21.4273.4273,Health Care Utilization and Associated Costs in Elderly Persons with NonCML Myeloproliferative Neoplasms RealWorld Evidence From a United States Medicare Population,Health Care Utilization and Associated Costs in Elderly Persons with Non-CML Myeloproliferative Neoplasms: Real-World Evidence From a United States Medicare Population,Karve; Price; Davis,Karve; Price; Davis; Pohl; Walgren,2012,2012,97.57575757575758
same_work,opening_words,10.1182/blood.v120.21.4273.4273,Health Care Utilization and,Health Care Utilization and Associated Costs in Elderly Persons with Non-CML Myeloproliferative Neoplasms: Real-World Evidence From a United States Medicare Population,Karve; Price; Davis,Karve; Price; Davis; Pohl; Walgren,2012,2012,100.0
same_work,compound,10.1182/blood.v120.21.4273.4273,Health Care Utilization and Associated Costs in Edlerly,Health Care Utilization and Associated Costs in Elderly Persons with Non-CML Myeloproliferative Neoplasms: Real-World Evidence From a United States Medicare Population,Karve; Price; Davis,Karve; Price; Davis; Pohl; Walgren,2012,2012,92.15686274509804
same_work,identity,10.1155/2013/183187,An Overview of HIV Prevention Interventions for People Who Inject Drugs in Tanzania,An Overview of HIV Prevention Interventions for People Who Inject Drugs in Tanzania,Ratliff; McCurdy; Mbwambo,Ratliff; McCurdy; Mbwambo; Lambdin; Voets; Pont; Maruyama; Kilonzo,2013,2013,100.0
same_work,truncate,10.1155/2013/183187,An Overview of HIV Prevention Interventions for People Who,An Overview of HIV Prevention Interventions for People Who Inject Drugs in Tanzania,Ratliff; McCurdy; Mbwambo,Ratliff; McCurdy; Mbwambo; Lambdin; Voets; Pont; Maruyama; Kilonzo,2013,2013,100.0
same_work,typo,10.1155/2013/183187,An Overview of HIV Prevention Interventions for People Who Inject Durgs in Tanzania,An Overview of HIV Prevention Interventions for People Who Inject Drugs in Tanzania,Ratliff; McCurdy; Mbwambo,Ratliff; McCurdy; Mbwambo; Lambdin; Voets; Pont; Maruyama; Kilonzo,2013,2013,98.79518072289157
same_work,case,10.1155/2013/183187,AN OVERVIEW OF HIV PREVENTION INTERVENTIONS FOR PEOPLE WHO INJECT DRUGS IN TANZANIA,An Overview of HIV Prevention Interventions for People Who Inject Drugs in Tanzania,Ratliff; McCurdy; Mbwambo,Ratliff; McCurdy; Mbwambo; Lambdin; Voets; Pont; Maruyama; Kilonzo,2013,2013,100.0
same_work,opening_words,10.1155/2013/183187,An Overview of HIV Prevention,An Overview of HIV Prevention Interventions for People Who Inject Drugs in Tanzania,Ratliff; McCurdy; Mbwambo,Ratliff; McCurdy; Mbwambo; Lambdin; Voets; Pont; Maruyama; Kilonzo,2013,2013,100.0
same_work,compound,10.1155/2013/183187,An Overview of HIV Prevention Inetrventions for,An Overview of HIV Prevention Interventions for People Who Inject Drugs in Tanzania,Ratliff; McCurdy; Mbwambo,Ratliff; McCurdy; Mbwambo; Lambdin; Voets; Pont; Maruyama; Kilonzo,2013,2013,82.5
same_work,identity,10.32508/stdj.v17i2.1315,Modification of aluminium and aluminium alloys by AL-B master alloy,Modification of aluminium and aluminium alloys by AL-B master alloy,Huynh; Vo,Huynh; Vo,2014,2014,100.0
same_work,truncate,10.32508/stdj.v17i2.1315,Modification of aluminium and aluminium alloys,Modification of aluminium and aluminium alloys by AL-B master alloy,Huynh; Vo,Huynh; Vo,2014,2014,100.0
same_work,typo,10.32508/stdj.v17i2.1315,Modification of aluminium and aluminium alloys by LA-B master alloy,Modification of aluminium and aluminium alloys by AL-B master alloy,Huynh; Vo,Huynh; Vo,2014,2014,98.24561403508773
same_work,case,10.32508/stdj.v17i2.1315,MODIFICATION OF ALUMINIUM AND ALUMINIUM ALLOYS BY AL-B MASTER ALLOY,Modification of aluminium and aluminium alloys by AL-B master alloy,Huynh; Vo,Huynh; Vo,2014,2014,100.0
same_work,punctuation,10.32508/stdj.v17i2.1315,Modification of aluminium and aluminium alloys by ALB master alloy,Modification of aluminium and aluminium alloys by AL-B master alloy,Huynh; Vo,Huynh; Vo,2014,2014,99.11504424778761
same_work,opening_words,10.32508/stdj.v17i2.1315,Modification of aluminium and aluminium,Modification of aluminium and aluminium alloys by AL-B master alloy,Huynh; Vo,Huynh; Vo,2014,2014,100.0
same_work,compound,10.32508/stdj.v17i2.1315,Modiifcation of aluminium and aluminium alloys by,Modification of aluminium and aluminium alloys by AL-B master alloy,Huynh; Vo,Huynh; Vo,2014,2014,80.0
same_work,identity,10.1889/1.3500596,7.2: Wide Temperature Range Blue Phase Liquid Crystals for Display Applications,7.2: Wide Temperature Range Blue Phase Liquid Crystals for Display Applications,Xiang; Lu; Chien,Xiang; Lu; Chien,2010,2010,100.0
same_work,truncate,10.1889/1.3500596,7.2: Wide Temperature Range Blue Phase,7.2: Wide Temperature Range Blue Phase Liquid Crystals for Display Applications,Xiang; Lu; Chien,Xiang; Lu; Chien,2010,2010,100.0
same_work,typo,10.1889/1.3500596,7.2: Wide Temperature Range Blue Phase Liquid Crystals for Display Appilcations,7.2: Wide Temperature Range Blue Phase Liquid Crystals for Display Applications,Xiang; Lu; Chien,Xiang; Lu; Chien,2010,2010,98.71794871794872
same_work,case,10.1889/1.3500596,7.2: wide temperature range blue phase liquid crystals for display applications,7.2: Wide Temperature Range Blue Phase Liquid Crystals for Display Applications,Xiang; Lu; Chien,Xiang; Lu; Chien,2010,2010,100.0
same_work,punctuation,10.1889/1.3500596,72 Wide Temperature Range Blue Phase Liquid Crystals for Display Applications,7.2: Wide Temperature Range Blue Phase Liquid Crystals for Display Applications,Xiang; Lu; Chien,Xiang; Lu; Chien,2010,2010,98.06451612903226
same_work,opening_words,10.1889/1.3500596,7.2: Wide Temperature Range Blue,7.2: Wide Temperature Range Blue Phase Liquid Crystals for Display Applications,Xiang; Lu; Chien,Xiang; Lu; Chien,2010,2010,100.0
same_work,compound,10.1889/1.3500596,72 Wide Temperature Range Blue Phase Liqui dCrystals,7.2: Wide Temperature Range Blue Phase Liquid Crystals for Display Applications,Xiang; Lu; Chien,Xiang; Lu; Chien,2010,2010,77.64705882352942
same_work,identity,10.38140/pie.v28i4.57,Dominant discourses of teachers in early childhood education,Dominant discourses of teachers in early childhood education,Ebrahim,Ebrahim,2010,2010,100.0
same_work,truncate,10.38140/pie.v28i4.57,Dominant discourses of teachers in,Dominant discourses of teachers in early childhood education,Ebrahim,Ebrahim,2010,2010,100.0
same_work,typo,10.38140/pie.v28i4.57,Dominant discourses of taechers in early childhood education,Dominant discourses of teachers in early childhood education,Ebrahim,Ebrahim,2010,2010,98.33333333333333
same_work,case,10.38140/pie.v28i4.57,dominant discourses of teachers in early childhood education,Dominant discourses of teachers in early childhood education,Ebrahim,Ebrahim,2010,2010,100.0
same_work,compound,10.38140/pie.v28i4.57,Dominant discourses of tecahers in early,Dominant discourses of teachers in early childhood education,Ebrahim,Ebrahim,2010,2010,87.32394366197182
same_work,identity,10.1556/avet.2014.021,First records of Dirofilaria repens in wild canids from the region of Central Balkan,First records of Dirofilaria repens in wild canids from the region of Central Balkan,Ćirović; Penezić; Pavlović,Ćirović; Penezić; Pavlović; Kulišić; Ćosić; Burazerović; Maletić,2014,2014,100.0
same_work,truncate,10.1556/avet.2014.021,First records of Dirofilaria repens in wild canids,First records of Dirofilaria repens in wild canids from the region of Central Balkan,Ćirović; Penezić; Pavlović,Ćirović; Penezić; Pavlović; Kulišić; Ćosić; Burazerović; Maletić,2014,2014,100.0
same_work,typo,10.1556/avet.2014.021,First records of Dirofliaria repens in wild canids from the region of Central Balkan,First records of Dirofilaria repens in wild canids from the region of Central Balkan,Ćirović; Penezić; Pavlović,Ćirović; Penezić; Pavlović; Kulišić; Ćosić; Burazerović; Maletić,2014,2014,98.76543209876543
same_work,case,10.1556/avet.2014.021,FIRST RECORDS OF DIROFILARIA REPENS IN WILD CANIDS FROM THE REGION OF CENTRAL BALKAN,First records of Dirofilaria repens in wild canids from the region of Central Balkan,Ćirović; Penezić; Pavlović,Ćirović; Penezić; Pavlović; Kulišić; Ćosić; Burazerović; Maletić,2014,2014,100.0
same_work,opening_words,10.1556/avet.2014.021,First records of Dirofilaria,First records of Dirofilaria repens in wild canids from the region of Central Balkan,Ćirović; Penezić; Pavlović,Ćirović; Penezić; Pavlović; Kulišić; Ćosić; Burazerović; Maletić,2014,2014,100.0
same_work,compound,10.1556/avet.2014.021,First rceords of Dirofilaria repens in wild canids from,First records of Dirofilaria repens in wild canids from the region of Central Balkan,Ćirović; Penezić; Pavlović,Ćirović; Penezić; Pavlović; Kulišić; Ćosić; Burazerović; Maletić,2014,2014,92.15686274509804
same_work,identity,10.1017/s003224741100043x,The WikiLeaks Arctic cables,The WikiLeaks Arctic cables,Dodds,Dodds,2011,2011,100.0
same_work,typo,10.1017/s003224741100043x,The WikLieaks Arctic cables,The WikiLeaks Arctic cables,Dodds,Dodds,2011,2011,96.29629629629629
same_work,case,10.1017/s003224741100043x,THE WIKILEAKS ARCTIC CABLES,The WikiLeaks Arctic cables,Dodds,Dodds,2011,2011,100.0
same_work,compound,10.1017/s003224741100043x,The WikieLaks Arctic cables,The WikiLeaks Arctic cables,Dodds,Dodds,2011,2011,96.29629629629629
same_work,identity,10.1177/1532708612446431,Penn State’s “Success With Honor”,Penn State’s “Success With Honor”,Proffitt; Corrigan,Proffitt; Corrigan,2012,2012,100.0
same_work,typo,10.1177/1532708612446431,Penn Satte’s “Success With Honor”,Penn State’s “Success With Honor”,Proffitt; Corrigan,Proffitt; Corrigan,2012,2012,96.7741935483871
same_work,case,10.1177/1532708612446431,penn state’s “success with honor”,Penn State’s “Success With Honor”,Proffitt; Corrigan,Proffitt; Corrigan,2012,2012,100.0
same_work,punctuation,10.1177/1532708612446431,Penn States Success With Honor,Penn State’s “Success With Honor”,Proffitt; Corrigan,Proffitt; Corrigan,2012,2012,95.08196721311475
same_work,compound,10.1177/1532708612446431,Penn State sSuccess With Honor,Penn State’s “Success With Honor”,Proffitt; Corrigan,Proffitt; Corrigan,2012,2012,98.36065573770492
same_work,identity,10.1039/c4ra11770k,"Ultrasonic-assisted rational design of uniform rhombus-shaped ZnMoO
                    <sub>x</sub>
                    on graphene for advanced sunlight-driven photocatalysts, functional supercapacitor electrodes, and antibacterial platforms","Ultrasonic-assisted rational design of uniform rhombus-shaped ZnMoO
                    <sub>x</sub>
                    on graphene for advanced sunlight-driven photocatalysts, functional supercapacitor electrodes, and antibacterial platforms",Dong; Hu; Feng,Dong; Hu; Feng; Pi; Li; Li; Liu; Sun; Sun,2014,2014,100.0
same_work,truncate,10.1039/c4ra11770k,Ultrasonic-assisted rational design of uniform rhombus-shaped ZnMoO <sub>x</sub> on graphene for advanced,"Ultrasonic-assisted rational design of uniform rhombus-shaped ZnMoO
                    <sub>x</sub>
                    on graphene for advanced sunlight-driven photocatalysts, functional supercapacitor electrodes, and antibacterial platforms",Dong; Hu; Feng,Dong; Hu; Feng; Pi; Li; Li; Liu; Sun; Sun,2014,2014,100.0
same_work,typo,10.1039/c4ra11770k,"Ultrasonic-assisted rational design of uniform rhombus-shaped ZnMoO
                    <sub>x</sub>
                    on graphene for advanced sunlight-driven photocatalysts, functional supercapactior electrodes, and antibacterial platforms","Ultrasonic-assisted rational design of uniform rhombus-shaped ZnMoO
                    <sub>x</sub>
                    on graphene for advanced sunlight-driven photocatalysts, functional supercapacitor electrodes, and antibacterial platforms",Dong; Hu; Feng,Dong; Hu; Feng; Pi; Li; Li; Liu; Sun; Sun,2014,2014,99.48453608247422
same_work,case,10.1039/c4ra11770k,"ULTRASONIC-ASSISTED RATIONAL DESIGN OF UNIFORM RHOMBUS-SHAPED ZNMOO
                    <SUB>X</SUB>
                    ON GRAPHENE FOR ADVANCED SUNLIGHT-DRIVEN PHOTOCATALYSTS, FUNCTIONAL SUPERCAPACITOR ELECTRODES, AND ANTIBACTERIAL PLATFORMS","Ultrasonic-assisted rational design of uniform rhombus-shaped ZnMoO
                    <sub>x</sub>
                    on graphene for advanced sunlight-driven photocatalysts, functional supercapacitor electrodes, and antibacterial platforms",Dong; Hu; Feng,Dong; Hu; Feng; Pi; Li; Li; Liu; Sun; Sun,2014,2014,100.0
same_work,punctuation,10.1039/c4ra11770k,"Ultrasonicassisted rational design of uniform rhombusshaped ZnMoO
                    subxsub
                    on graphene for advanced sunlightdriven photocatalysts functional supercapacitor electrodes and antibacterial platforms","Ultrasonic-assisted rational design of uniform rhombus-shaped ZnMoO
                    <sub>x</sub>
                    on graphene for advanced sunlight-driven photocatalysts, functional supercapacitor electrodes, and antibacterial platforms",Dong; Hu; Feng,Dong; Hu; Feng; Pi; Li; Li; Liu; Sun; Sun,2014,2014,90.43927648578811
same_work,opening_words,10.1039/c4ra11770k,Ultrasonic-assisted rational design of uniform,"Ultrasonic-assisted rational design of uniform rhombus-shaped ZnMoO
                    <sub>x</sub>
                    on graphene for advanced sunlight-driven photocatalysts, functional supercapacitor electrodes, and antibacterial platforms",Dong; Hu; Feng,Dong; Hu; Feng; Pi; Li; Li; Liu; Sun; Sun,2014,2014,100.0
same_work,compound,10.1039/c4ra11770k,Ultrasonicassisted rational design of uniform rhombusshaped ZnMoO sbuxsub on graphene for advanced sunlightdriven photocatalysts functional,"Ultrasonic-assisted rational design of uniform rhombus-shaped ZnMoO
                    <sub>x</sub>
                    on graphene for advanced sunlight-driven photocatalysts, functional supercapacitor electrodes, and antibacterial platforms",Dong; Hu; Feng,Dong; Hu; Feng; Pi; Li; Li; Liu; Sun; Sun,2014,2014,74.77477477477477
same_work,identity,10.1017/s1479262114000860,Profiling of triterpenoid saponin content variation in different chemotypic accessions of <i>Centella asiatica</i> L.,Profiling of triterpenoid saponin content variation in different chemotypic accessions of <i>Centella asiatica</i> L.,Singh; Singh Sangwan; Gupta,Singh; Singh Sangwan; Gupta; Saxena; Sangwan,2014,2014,100.0
same_work,truncate,10.1017/s1479262114000860,Profiling of triterpenoid saponin content variation in different chemotypic,Profiling of triterpenoid saponin content variation in different chemotypic accessions of <i>Centella asiatica</i> L.,Singh; Singh Sangwan; Gupta,Singh; Singh Sangwan; Gupta; Saxena; Sangwan,2014,2014,100.0
same_work,typo,10.1017/s1479262114000860,Profiling of triterpenoid saponin content variation in differetn chemotypic accessions of <i>Centella asiatica</i> L.,Profiling of triterpenoid saponin content variation in different chemotypic accessions of <i>Centella asiatica</i> L.,Singh; Singh Sangwan; Gupta,Singh; Singh Sangwan; Gupta; Saxena; Sangwan,2014,2014,99.07407407407408
same_work,case,10.1017/s1479262114000860,PROFILING OF TRITERPENOID SAPONIN CONTENT VARIATION IN DIFFERENT CHEMOTYPIC ACCESSIONS OF <I>CENTELLA ASIATICA</I> L.,Profiling of triterpenoid saponin content variation in different chemotypic accessions of <i>Centella asiatica</i> L.,Singh; Singh Sangwan; Gupta,Singh; Singh Sangwan; Gupta; Saxena; Sangwan,2014,2014,100.0
same_work,punctuation,10.1017/s1479262114000860,Profiling of triterpenoid saponin content variation in different chemotypic accessions of iCentella asiaticai L,Profiling of triterpenoid saponin content variation in different chemotypic accessions of <i>Centella asiatica</i> L.,Singh; Singh Sangwan; Gupta,Singh; Singh Sangwan; Gupta; Saxena; Sangwan,2014,2014,98.14814814814815
same_work,opening_words,10.1017/s1479262114000860,Profiling of triterpenoid saponin,Profiling of triterpenoid saponin content variation in different chemotypic accessions of <i>Centella asiatica</i> L.,Singh; Singh Sangwan; Gupta,Singh; Singh Sangwan; Gupta; Saxena; Sangwan,2014,2014,100.0
same_work,compound,10.1017/s1479262114000860,Profiling of triterpenoid saponin cnotent variation in different chemotypic,Profiling of triterpenoid saponin content variation in different chemotypic accessions of <i>Centella asiatica</i> L.,Singh; Singh Sangwan; Gupta,Singh; Singh Sangwan; Gupta; Saxena; Sangwan,2014,2014,94.36619718309859
same_work,identity,10.4028/www.scientific.net/amr.960-961.1134,A Gas-Turbine with Approximate General Carnot Cycle and Its Performance Prediction,A Gas-Turbine with Approximate General Carnot Cycle and Its Performance Prediction,Li; Zhang; Li,Li; Zhang; Li; Yang; Qin; Yang; Wang,2014,2014,100.0
same_work,truncate,10.4028/www.scientific.net/amr.960-961.1134,A Gas-Turbine with Approximate General Carnot Cycle and,A Gas-Turbine with Approximate General Carnot Cycle and Its Performance Prediction,Li; Zhang; Li,Li; Zhang; Li; Yang; Qin; Yang; Wang,2014,2014,100.0
same_work,typo,10.4028/www.scientific.net/amr.960-961.1134,A Gas-Turbine with Approximate General Cranot Cycle and Its Performance Prediction,A Gas-Turbine with Approximate General Carnot Cycle and Its Performance Prediction,Li; Zhang; Li,Li; Zhang; Li; Yang; Qin; Yang; Wang,2014,2014,98.78048780487805
same_work,case,10.4028/www.scientific.net/amr.960-961.1134,A GAS-TURBINE WITH APPROXIMATE GENERAL CARNOT CYCLE AND ITS PERFORMANCE PREDICTION,A Gas-Turbine with Approximate General Carnot Cycle and Its Performance Prediction,Li; Zhang; Li,Li; Zhang; Li; Yang; Qin; Yang; Wang,2014,2014,100.0
same_work,punctuation,10.4028/www.scientific.net/amr.960-961.1134,A GasTurbine with Approximate General Carnot Cycle and Its Performance Prediction,A Gas-Turbine with Approximate General Carnot Cycle and Its Performance Prediction,Li; Zhang; Li,Li; Zhang; Li; Yang; Qin; Yang; Wang,2014,2014,99.38650306748467
same_work,opening_words,10.4028/www.scientific.net/amr.960-961.1134,A Gas-Turbine with Approximate,A Gas-Turbine with Approximate General Carnot Cycle and Its Performance Prediction,Li; Zhang; Li,Li; Zhang; Li; Yang; Qin; Yang; Wang,2014,2014,100.0
same_work,compound,10.4028/www.scientific.net/amr.960-961.1134,A GasTurbine with Approxmiate General Carnot Cycle,A Gas-Turbine with Approximate General Carnot Cycle and Its Performance Prediction,Li; Zhang; Li,Li; Zhang; Li; Yang; Qin; Yang; Wang,2014,2014,74.24242424242425
same_work,identity,10.1063/1.3567096,Spontaneous mode-selection in the self-propelled motion of a solid/liquid composite driven by interfacial instability,Spontaneous mode-selection in the self-propelled motion of a solid/liquid composite driven by interfacial instability,Takabatake; Magome; Ichikawa,Takabatake; Magome; Ichikawa; Yoshikawa,2011,2011,100.0
same_work,truncate,10.1063/1.3567096,Spontaneous mode-selection in the self-propelled motion of a solid/liquid,Spontaneous mode-selection in the self-propelled motion of a solid/liquid composite driven by interfacial instability,Takabatake; Magome; Ichikawa,Takabatake; Magome; Ichikawa; Yoshikawa,2011,2011,100.0
same_work,typo,10.1063/1.3567096,Spontaneous mode-selection in the self-propelled motion of a solid/liquid composite dirven by interfacial instability,Spontaneous mode-selection in the self-propelled motion of a solid/liquid composite driven by interfacial instability,Takabatake; Magome; Ichikawa,Takabatake; Magome; Ichikawa; Yoshikawa,2011,2011,99.14529914529915
same_work,case,10.1063/1.3567096,SPONTANEOUS MODE-SELECTION IN THE SELF-PROPELLED MOTION OF A SOLID/LIQUID COMPOSITE DRIVEN BY INTERFACIAL INSTABILITY,Spontaneous mode-selection in the self-propelled motion of a solid/liquid composite driven by interfacial instability,Takabatake; Magome; Ichikawa,Takabatake; Magome; Ichikawa; Yoshikawa,2011,2011,100.0
same_work,punctuation,10.1063/1.3567096,Spontaneous modeselection in the selfpropelled motion of a solidliquid composite driven by interfacial instability,Spontaneous mode-selection in the self-propelled motion of a solid/liquid composite driven by interfacial instability,Takabatake; Magome; Ichikawa,Takabatake; Magome; Ichikawa; Yoshikawa,2011,2011,85.71428571428571
same_work,opening_words,10.1063/1.3567096,Spontaneous mode-selection in the,Spontaneous mode-selection in the self-propelled motion of a solid/liquid composite driven by interfacial instability,Takabatake; Magome; Ichikawa,Takabatake; Magome; Ichikawa; Yoshikawa,2011,2011,100.0
same_work,compound,10.1063/1.3567096,Spontaneous modeselectino in the selfpropelled motion of a,Spontaneous mode-selection in the self-propelled motion of a solid/liquid composite driven by interfacial instability,Takabatake; Magome; Ichikawa,Takabatake; Magome; Ichikawa; Yoshikawa,2011,2011,68.18181818181819
same_work,identity,10.12968/joan.2013.2.5.224,"An introduction to superficial, medium, deep and combination chemical peels","An introduction to superficial, medium, deep and combination chemical peels",Bowes,Bowes,2013,2013,100.0
same_work,truncate,10.12968/joan.2013.2.5.224,"An introduction to superficial, medium, deep and","An introduction to superficial, medium, deep and combination chemical peels",Bowes,Bowes,2013,2013,100.0
same_work,typo,10.12968/joan.2013.2.5.224,"An introduction to superficial, medium, deep and combination chemiacl peels","An introduction to superficial, medium, deep and combination chemical peels",Bowes,Bowes,2013,2013,98.63013698630137
same_work,case,10.12968/joan.2013.2.5.224,"an introduction to superficial, medium, deep and combination chemical peels","An introduction to superficial, medium, deep and combination chemical peels",Bowes,Bowes,2013,2013,100.0
same_work,punctuation,10.12968/joan.2013.2.5.224,An introduction to superficial medium deep and combination chemical peels,"An introduction to superficial, medium, deep and combination chemical peels",Bowes,Bowes,2013,2013,100.0
same_work,opening_words,10.12968/joan.2013.2.5.224,"An introduction to superficial,","An introduction to superficial, medium, deep and combination chemical peels",Bowes,Bowes,2013,2013,100.0
same_work,compound,10.12968/joan.2013.2.5.224,An introduction to superficial medium deep nad,"An introduction to superficial, medium, deep and combination chemical peels",Bowes,Bowes,2013,2013,95.45454545454545
same_work,identity,10.4028/www.scientific.net/amr.554-556.1690,Comparison of the ITS Sequences of 5 Common &lt;i&gt;Potentilla&lt;/i&gt; Species in Jilin Province of China,Comparison of the ITS Sequences of 5 Common &lt;i&gt;Potentilla&lt;/i&gt; Species in Jilin Province of China,Zhang; Liu; Wang,Zhang; Liu; Wang; Ling; Sun; Lin,2012,2012,100.0
same_work,truncate,10.4028/www.scientific.net/amr.554-556.1690,Comparison of the ITS Sequences of 5 Common &lt;i&gt;Potentilla&lt;/i&gt; Species,Comparison of the ITS Sequences of 5 Common &lt;i&gt;Potentilla&lt;/i&gt; Species in Jilin Province of China,Zhang; Liu; Wang,Zhang; Liu; Wang; Ling; Sun; Lin,2012,2012,100.0
same_work,typo,10.4028/www.scientific.net/amr.554-556.1690,Comparison of the ITS Sequenecs of 5 Common &lt;i&gt;Potentilla&lt;/i&gt; Species in Jilin Province of China,Comparison of the ITS Sequences of 5 Common &lt;i&gt;Potentilla&lt;/i&gt; Species in Jilin Province of China,Zhang; Liu; Wang,Zhang; Liu; Wang; Ling; Sun; Lin,2012,2012,98.9010989010989
same_work,case,10.4028/www.scientific.net/amr.554-556.1690,COMPARISON OF THE ITS SEQUENCES OF 5 COMMON &LT;I&GT;POTENTILLA&LT;/I&GT; SPECIES IN JILIN PROVINCE OF CHINA,Comparison of the ITS Sequences of 5 Common &lt;i&gt;Potentilla&lt;/i&gt; Species in Jilin Province of China,Zhang; Liu; Wang,Zhang; Liu; Wang; Ling; Sun; Lin,2012,2012,100.0
same_work,punctuation,10.4028/www.scientific.net/amr.554-556.1690,Comparison of the ITS Sequences of 5 Common ltigtPotentillaltigt Species in Jilin Province of China,Comparison of the ITS Sequences of 5 Common &lt;i&gt;Potentilla&lt;/i&gt; Species in Jilin Province of China,Zhang; Liu; Wang,Zhang; Liu; Wang; Ling; Sun; Lin,2012,2012,93.47826086956522
same_work,opening_words,10.4028/www.scientific.net/amr.554-556.1690,Comparison of the ITS,Comparison of the ITS Sequences of 5 Common &lt;i&gt;Potentilla&lt;/i&gt; Species in Jilin Province of China,Zhang; Liu; Wang,Zhang; Liu; Wang; Ling; Sun; Lin,2012,2012,100.0
same_work,compound,10.4028/www.scientific.net/amr.554-556.1690,Comparison of the ITS Sequences of 5 Common ltigtPotentillatligt Species in,Comparison of the ITS Sequences of 5 Common &lt;i&gt;Potentilla&lt;/i&gt; Species in Jilin Province of China,Zhang; Liu; Wang,Zhang; Liu; Wang; Ling; Sun; Lin,2012,2012,82.92682926829268
same_work,identity,10.4049/jimmunol.184.supp.99.3,SLAM-associated protein (SAP)-deficiency impedes the function of T follicular helper cells in germinal center formation (99.3),SLAM-associated protein (SAP)-deficiency impedes the function of T follicular helper cells in germinal center formation (99.3),Lu; Cannons; Kanno,Lu; Cannons; Kanno; O’Shea; Schwartzberg,2010,2010,100.0
same_work,truncate,10.4049/jimmunol.184.supp.99.3,SLAM-associated protein (SAP)-deficiency impedes the function of T follicular,SLAM-associated protein (SAP)-deficiency impedes the function of T follicular helper cells in germinal center formation (99.3),Lu; Cannons; Kanno,Lu; Cannons; Kanno; O’Shea; Schwartzberg,2010,2010,100.0
same_work,typo,10.4049/jimmunol.184.supp.99.3,SLAM-associated protein (SAP)-deficiency impedes the fnuction of T follicular helper cells in germinal center formation (99.3),SLAM-associated protein (SAP)-deficiency impedes the function of T follicular helper cells in germinal center formation (99.3),Lu; Cannons; Kanno,Lu; Cannons; Kanno; O’Shea; Schwartzberg,2010,2010,99.18032786885246
same_work,case,10.4049/jimmunol.184.supp.99.3,slam-associated protein (sap)-deficiency impedes the function of t follicular helper cells in germinal center formation (99.3),SLAM-associated protein (SAP)-deficiency impedes the function of T follicular helper cells in germinal center formation (99.3),Lu; Cannons; Kanno,Lu; Cannons; Kanno; O’Shea; Schwartzberg,2010,2010,100.0
same_work,punctuation,10.4049/jimmunol.184.supp.99.3,SLAMassociated protein SAPdeficiency impedes the function of T follicular helper cells in germinal center formation 993,SLAM-associated protein (SAP)-deficiency impedes the function of T follicular helper cells in germinal center formation (99.3),Lu; Cannons; Kanno,Lu; Cannons; Kanno; O’Shea; Schwartzberg,2010,2010,88.79668049792531
same_work,opening_words,10.4049/jimmunol.184.supp.99.3,SLAM-associated protein (SAP)-deficiency impedes the,SLAM-associated protein (SAP)-deficiency impedes the function of T follicular helper cells in germinal center formation (99.3),Lu; Cannons; Kanno,Lu; Cannons; Kanno; O’Shea; Schwartzberg,2010,2010,100.0
same_work,compound,10.4049/jimmunol.184.supp.99.3,SLAMassociated protein SAPdeficiency impedes the function of T follicluar helper cells,SLAM-associated protein (SAP)-deficiency impedes the function of T follicular helper cells in germinal center formation (99.3),Lu; Cannons; Kanno,Lu; Cannons; Kanno; O’Shea; Schwartzberg,2010,2010,69.69696969696969
same_work,identity,10.1111/j.1471-4159.2010.07119.x,Climbing fiber‐evoked Purkinje cell discharge reduces expression of GABA<scp>a</scp> receptor‐associated protein and decreases its interaction with GABA<scp>a</scp> receptors,Climbing fiber‐evoked Purkinje cell discharge reduces expression of GABA<scp>a</scp> receptor‐associated protein and decreases its interaction with GABA<scp>a</scp> receptors,Qian; Yakhnitsa; Barmack,Qian; Yakhnitsa; Barmack,2011,2011,100.0
same_work,truncate,10.1111/j.1471-4159.2010.07119.x,Climbing fiber‐evoked Purkinje cell discharge reduces expression of GABA<scp>a</scp> receptor‐associated protein,Climbing fiber‐evoked Purkinje cell discharge reduces expression of GABA<scp>a</scp> receptor‐associated protein and decreases its interaction with GABA<scp>a</scp> receptors,Qian; Yakhnitsa; Barmack,Qian; Yakhnitsa; Barmack,2011,2011,100.0
same_work,typo,10.1111/j.1471-4159.2010.07119.x,Climbing fiber‐evoked Purkinje cell discharge reduces exprsesion of GABA<scp>a</scp> receptor‐associated protein and decreases its interaction with GABA<scp>a</scp> receptors,Climbing fiber‐evoked Purkinje cell discharge reduces expression of GABA<scp>a</scp> receptor‐associated protein and decreases its interaction with GABA<scp>a</scp> receptors,Qian; Yakhnitsa; Barmack,Qian; Yakhnitsa; Barmack,2011,2011,99.33774834437087
same_work,case,10.1111/j.1471-4159.2010.07119.x,CLIMBING FIBER‐EVOKED PURKINJE CELL DISCHARGE REDUCES EXPRESSION OF GABA<SCP>A</SCP> RECEPTOR‐ASSOCIATED PROTEIN AND DECREASES ITS INTERACTION WITH GABA<SCP>A</SCP> RECEPTORS,Climbing fiber‐evoked Purkinje cell discharge reduces expression of GABA<scp>a</scp> receptor‐associated protein and decreases its interaction with GABA<scp>a</scp> receptors,Qian; Yakhnitsa; Barmack,Qian; Yakhnitsa; Barmack,2011,2011,100.0
same_work,punctuation,10.1111/j.1471-4159.2010.07119.x,Climbing fiberevoked Purkinje cell discharge reduces expression of GABAscpascp receptorassociated protein and decreases its interaction with GABAscpascp receptors,Climbing fiber‐evoked Purkinje cell discharge reduces expression of GABA<scp>a</scp> receptor‐associated protein and decreases its interaction with GABA<scp>a</scp> receptors,Qian; Yakhnitsa; Barmack,Qian; Yakhnitsa; Barmack,2011,2011,87.70764119601328
same_work,opening_words,10.1111/j.1471-4159.2010.07119.x,Climbing fiber‐evoked Purkinje cell,Climbing fiber‐evoked Purkinje cell discharge reduces expression of GABA<scp>a</scp> receptor‐associated protein and decreases its interaction with GABA<scp>a</scp> receptors,Qian; Yakhnitsa; Barmack,Qian; Yakhnitsa; Barmack,2011,2011,100.0
same_work,compound,10.1111/j.1471-4159.2010.07119.x,Climbing fiberveoked Purkinje cell discharge reduces expression of GABAscpascp receptorassociated protein and decreases,Climbing fiber‐evoked Purkinje cell discharge reduces expression of GABA<scp>a</scp> receptor‐associated protein and decreases its interaction with GABA<scp>a</scp> receptors,Qian; Yakhnitsa; Barmack,Qian; Yakhnitsa; Barmack,2011,2011,79.25925925925927
same_work,identity,10.1111/j.1471-0528.2010.02614.x,Apgar score and perinatal death after one previous caesarean delivery,Apgar score and perinatal death after one previous caesarean delivery,Carlsson Wallin; Ekström; Maršál,Carlsson Wallin; Ekström; Maršál; Källén,2010,2010,100.0
same_work,truncate,10.1111/j.1471-0528.2010.02614.x,Apgar score and perinatal death after,Apgar score and perinatal death after one previous caesarean delivery,Carlsson Wallin; Ekström; Maršál,Carlsson Wallin; Ekström; Maršál; Källén,2010,2010,100.0
same_work,typo,10.1111/j.1471-0528.2010.02614.x,Apgar score and perinatal death after one previous caesaraen delivery,Apgar score and perinatal death after one previous caesarean delivery,Carlsson Wallin; Ekström; Maršál,Carlsson Wallin; Ekström; Maršál; Källén,2010,2010,98.55072463768116
same_work,case,10.1111/j.1471-0528.2010.02614.x,apgar score and perinatal death after one previous caesarean delivery,Apgar score and perinatal death after one previous caesarean delivery,Carlsson Wallin; Ekström; Maršál,Carlsson Wallin; Ekström; Maršál; Källén,2010,2010,100.0
same_work,opening_words,10.1111/j.1471-0528.2010.02614.x,Apgar score and perinatal death,Apgar score and perinatal death after one previous caesarean delivery,Carlsson Wallin; Ekström; Maršál,Carlsson Wallin; Ekström; Maršál; Källén,2010,2010,100.0
same_work,compound,10.1111/j.1471-0528.2010.02614.x,Apgar score and eprinatal death after one,Apgar score and perinatal death after one previous caesarean delivery,Carlsson Wallin; Ekström; Maršál,Carlsson Wallin; Ekström; Maršál; Källén,2010,2010,86.11111111111111
same_work,identity,10.1520/jai102800,Development of a Novel Solvent-Based Formulation for Pesticides That Are Prone to Crystallization,Development of a Novel Solvent-Based Formulation for Pesticides That Are Prone to Crystallization,Leming; Moreno; Paganini,Leming; Moreno; Paganini,2010,2010,100.0
same_work,truncate,10.1520/jai102800,Development of a Novel Solvent-Based Formulation for Pesticides That,Development of a Novel Solvent-Based Formulation for Pesticides That Are Prone to Crystallization,Leming; Moreno; Paganini,Leming; Moreno; Paganini,2010,2010,100.0
same_work,typo,10.1520/jai102800,Development of a Noevl Solvent-Based Formulation for Pesticides That Are Prone to Crystallization,Development of a Novel Solvent-Based Formulation for Pesticides That Are Prone to Crystallization,Leming; Moreno; Paganini,Leming; Moreno; Paganini,2010,2010,98.96907216494846
same_work,case,10.1520/jai102800,DEVELOPMENT OF A NOVEL SOLVENT-BASED FORMULATION FOR PESTICIDES THAT ARE PRONE TO CRYSTALLIZATION,Development of a Novel Solvent-Based Formulation for Pesticides That Are Prone to Crystallization,Leming; Moreno; Paganini,Leming; Moreno; Paganini,2010,2010,100.0
same_work,punctuation,10.1520/jai102800,Development of a Novel SolventBased Formulation for Pesticides That Are Prone to Crystallization,Development of a Novel Solvent-Based Formulation for Pesticides That Are Prone to Crystallization,Leming; Moreno; Paganini,Leming; Moreno; Paganini,2010,2010,94.30051813471502
same_work,opening_words,10.1520/jai102800,Development of a Novel Solvent-Based,Development of a Novel Solvent-Based Formulation for Pesticides That Are Prone to Crystallization,Leming; Moreno; Paganini,Leming; Moreno; Paganini,2010,2010,100.0
same_work,compound,10.1520/jai102800,Development of a Novel SolventBased Formualtion for,Development of a Novel Solvent-Based Formulation for Pesticides That Are Prone to Crystallization,Leming; Moreno; Paganini,Leming; Moreno; Paganini,2010,2010,67.53246753246754
same_work,identity,10.4103/0975-7406.100224,Fusion of complex odontome with permanent mandibular molar,Fusion of complex odontome with permanent mandibular molar,Talari; Ananda; Prince,Talari; Ananda; Prince; Annaporna; Pranavadhyani,2012,2012,100.0
same_work,truncate,10.4103/0975-7406.100224,Fusion of complex odontome with permanent,Fusion of complex odontome with permanent mandibular molar,Talari; Ananda; Prince,Talari; Ananda; Prince; Annaporna; Pranavadhyani,2012,2012,100.0
same_work,typo,10.4103/0975-7406.100224,Fusion of complex odontome with permanent manidbular molar,Fusion of complex odontome with permanent mandibular molar,Talari; Ananda; Prince,Talari; Ananda; Prince; Annaporna; Pranavadhyani,2012,2012,98.27586206896552
same_work,case,10.4103/0975-7406.100224,FUSION OF COMPLEX ODONTOME WITH PERMANENT MANDIBULAR MOLAR,Fusion of complex odontome with permanent mandibular molar,Talari; Ananda; Prince,Talari; Ananda; Prince; Annaporna; Pranavadhyani,2012,2012,100.0
same_work,compound,10.4103/0975-7406.100224,Fusion of complex odontome iwth,Fusion of complex odontome with permanent mandibular molar,Talari; Ananda; Prince,Talari; Ananda; Prince; Annaporna; Pranavadhyani,2012,2012,91.2280701754386
same_work,identity,10.1096/fasebj.26.1_supplement.663.9,Activation of G‐protein‐coupled estrogen receptor (GPER) inhibits coronary artery smooth muscle cell proliferation,Activation of G‐protein‐coupled estrogen receptor (GPER) inhibits coronary artery smooth muscle cell proliferation,Li; Wang; Zhou,Li; Wang; Zhou; White; Heaps; Stallone; Han,2012,2012,100.0
same_work,truncate,10.1096/fasebj.26.1_supplement.663.9,Activation of G‐protein‐coupled estrogen receptor (GPER) inhibits coronary,Activation of G‐protein‐coupled estrogen receptor (GPER) inhibits coronary artery smooth muscle cell proliferation,Li; Wang; Zhou,Li; Wang; Zhou; White; Heaps; Stallone; Han,2012,2012,100.0
same_work,typo,10.1096/fasebj.26.1_supplement.663.9,Activation of G‐portein‐coupled estrogen receptor (GPER) inhibits coronary artery smooth muscle cell proliferation,Activation of G‐protein‐coupled estrogen receptor (GPER) inhibits coronary artery smooth muscle cell proliferation,Li; Wang; Zhou,Li; Wang; Zhou; White; Heaps; Stallone; Han,2012,2012,99.10714285714286
same_work,case,10.1096/fasebj.26.1_supplement.663.9,activation of g‐protein‐coupled estrogen receptor (gper) inhibits coronary artery smooth muscle cell proliferation,Activation of G‐protein‐coupled estrogen receptor (GPER) inhibits coronary artery smooth muscle cell proliferation,Li; Wang; Zhou,Li; Wang; Zhou; White; Heaps; Stallone; Han,2012,2012,100.0
same_work,punctuation,10.1096/fasebj.26.1_supplement.663.9,Activation of Gproteincoupled estrogen receptor GPER inhibits coronary artery smooth muscle cell proliferation,Activation of G‐protein‐coupled estrogen receptor (GPER) inhibits coronary artery smooth muscle cell proliferation,Li; Wang; Zhou,Li; Wang; Zhou; White; Heaps; Stallone; Han,2012,2012,92.7927927927928
same_work,opening_words,10.1096/fasebj.26.1_supplement.663.9,Activation of G‐protein‐coupled estrogen,Activation of G‐protein‐coupled estrogen receptor (GPER) inhibits coronary artery smooth muscle cell proliferation,Li; Wang; Zhou,Li; Wang; Zhou; White; Heaps; Stallone; Han,2012,2012,100.0
same_work,compound,10.1096/fasebj.26.1_supplement.663.9,Activation of Gproteincoupled estrogen receptor GPER ihnibits coronary artery smooth,Activation of G‐protein‐coupled estrogen receptor (GPER) inhibits coronary artery smooth muscle cell proliferation,Li; Wang; Zhou,Li; Wang; Zhou; White; Heaps; Stallone; Han,2012,2012,82.51748251748252
same_work,identity,10.1016/j.adolescence.2014.10.004,Brief report: The association between adolescents' characteristics and engagement in sexting,Brief report: The association between adolescents' characteristics and engagement in sexting,Van Ouytsel; Van Gool; Ponnet,Van Ouytsel; Van Gool; Ponnet; Walrave,2014,2014,100.0
same_work,truncate,10.1016/j.adolescence.2014.10.004,Brief report: The association between adolescents' characteristics and,Brief report: The association between adolescents' characteristics and engagement in sexting,Van Ouytsel; Van Gool; Ponnet,Van Ouytsel; Van Gool; Ponnet; Walrave,2014,2014,100.0
same_work,typo,10.1016/j.adolescence.2014.10.004,Brief report: The association between adolescents' characteristic sand engagement in sexting,Brief report: The association between adolescents' characteristics and engagement in sexting,Van Ouytsel; Van Gool; Ponnet,Van Ouytsel; Van Gool; Ponnet; Walrave,2014,2014,95.55555555555556
same_work,case,10.1016/j.adolescence.2014.10.004,BRIEF REPORT: THE ASSOCIATION BETWEEN ADOLESCENTS' CHARACTERISTICS AND ENGAGEMENT IN SEXTING,Brief report: The association between adolescents' characteristics and engagement in sexting,Van Ouytsel; Van Gool; Ponnet,Van Ouytsel; Van Gool; Ponnet; Walrave,2014,2014,100.0
same_work,punctuation,10.1016/j.adolescence.2014.10.004,Brief report The association between adolescents characteristics and engagement in sexting,Brief report: The association between adolescents' characteristics and engagement in sexting,Van Ouytsel; Van Gool; Ponnet,Van Ouytsel; Van Gool; Ponnet; Walrave,2014,2014,100.0
same_work,opening_words,10.1016/j.adolescence.2014.10.004,Brief report: The association between,Brief report: The association between adolescents' characteristics and engagement in sexting,Van Ouytsel; Van Gool; Ponnet,Van Ouytsel; Van Gool; Ponnet; Walrave,2014,2014,100.0
same_work,compound,10.1016/j.adolescence.2014.10.004,Brief repor tThe association between adolescents,Brief report: The association between adolescents' characteristics and engagement in sexting,Van Ouytsel; Van Gool; Ponnet,Van Ouytsel; Van Gool; Ponnet; Walrave,2014,2014,87.05882352941177
same_work,identity,10.4000/osb.1658,La coalition face au gouvernement écossais du SNP : l'épineuse question du statut de l'Écosse,La coalition face au gouvernement écossais du SNP : l'épineuse question du statut de l'Écosse,Camp-Pietrain,Camp-Pietrain,2014,2014,100.0
same_work,drop_subtitle,10.4000/osb.1658,La coalition face au gouvernement écossais du SNP,La coalition face au gouvernement écossais du SNP : l'épineuse question du statut de l'Écosse,Camp-Pietrain,Camp-Pietrain,2014,2014,100.0
same_work,truncate,10.4000/osb.1658,La coalition face au gouvernement écossais du SNP :,La coalition face au gouvernement écossais du SNP : l'épineuse question du statut de l'Écosse,Camp-Pietrain,Camp-Pietrain,2014,2014,100.0
same_work,typo,10.4000/osb.1658,La coalition face au gouvernemen técossais du SNP : l'épineuse question du statut de l'Écosse,La coalition face au gouvernement écossais du SNP : l'épineuse question du statut de l'Écosse,Camp-Pietrain,Camp-Pietrain,2014,2014,89.53488372093022
same_work,case,10.4000/osb.1658,LA COALITION FACE AU GOUVERNEMENT ÉCOSSAIS DU SNP : L'ÉPINEUSE QUESTION DU STATUT DE L'ÉCOSSE,La coalition face au gouvernement écossais du SNP : l'épineuse question du statut de l'Écosse,Camp-Pietrain,Camp-Pietrain,2014,2014,100.0
same_work,punctuation,10.4000/osb.1658,La coalition face au gouvernement écossais du SNP  lépineuse question du statut de lÉcosse,La coalition face au gouvernement écossais du SNP : l'épineuse question du statut de l'Écosse,Camp-Pietrain,Camp-Pietrain,2014,2014,97.67441860465117
same_work,opening_words,10.4000/osb.1658,La coalition face au gouvernement,La coalition face au gouvernement écossais du SNP : l'épineuse question du statut de l'Écosse,Camp-Pietrain,Camp-Pietrain,2014,2014,100.0
same_work,compound,10.4000/osb.1658,La coalition face au guovernement écossais,La coalition face au gouvernement écossais du SNP : l'épineuse question du statut de l'Écosse,Camp-Pietrain,Camp-Pietrain,2014,2014,81.69014084507043
same_work,identity,10.1002/ajpa.22677,The role of kinship in the formation of a primate multilevel society,The role of kinship in the formation of a primate multilevel society,Guo; Huang; Ji,Guo; Huang; Ji; Garber; Li,2014,2014,100.0
same_work,truncate,10.1002/ajpa.22677,The role of kinship in the formation,The role of kinship in the formation of a primate multilevel society,Guo; Huang; Ji,Guo; Huang; Ji; Garber; Li,2014,2014,100.0
same_work,typo,10.1002/ajpa.22677,The role of kinship in the formaiton of a primate multilevel society,The role of kinship in the formation of a primate multilevel society,Guo; Huang; Ji,Guo; Huang; Ji; Garber; Li,2014,2014,98.36065573770492
same_work,case,10.1002/ajpa.22677,THE ROLE OF KINSHIP IN THE FORMATION OF A PRIMATE MULTILEVEL SOCIETY,The role of kinship in the formation of a primate multilevel society,Guo; Huang; Ji,Guo; Huang; Ji; Garber; Li,2014,2014,100.0
same_work,opening_words,10.1002/ajpa.22677,The role of kinship in,The role of kinship in the formation of a primate multilevel society,Guo; Huang; Ji,Guo; Huang; Ji; Garber; Li,2014,2014,100.0
same_work,compound,10.1002/ajpa.22677,The role of kinship in teh formation,The role of kinship in the formation of a primate multilevel society,Guo; Huang; Ji,Guo; Huang; Ji; Garber; Li,2014,2014,94.11764705882354
same_work,identity,10.4028/www.scientific.net/amr.610-613.3323,Early Forest Fire Identification Algorithm of Infrared Thermal Imager,Early Forest Fire Identification Algorithm of Infrared Thermal Imager,Li; Zhou; Li,Li; Zhou; Li; Wang; Wu,2012,2012,100.0
same_work,truncate,10.4028/www.scientific.net/amr.610-613.3323,Early Forest Fire Identification Algorithm of,Early Forest Fire Identification Algorithm of Infrared Thermal Imager,Li; Zhou; Li,Li; Zhou; Li; Wang; Wu,2012,2012,100.0
same_work,typo,10.4028/www.scientific.net/amr.610-613.3323,Early Forest Fire Identfiication Algorithm of Infrared Thermal Imager,Early Forest Fire Identification Algorithm of Infrared Thermal Imager,Li; Zhou; Li,Li; Zhou; Li; Wang; Wu,2012,2012,98.55072463768116
same_work,case,10.4028/www.scientific.net/amr.610-613.3323,EARLY FOREST FIRE IDENTIFICATION ALGORITHM OF INFRARED THERMAL IMAGER,Early Forest Fire Identification Algorithm of Infrared Thermal Imager,Li; Zhou; Li,Li; Zhou; Li; Wang; Wu,2012,2012,100.0
same_work,opening_words,10.4028/www.scientific.net/amr.610-613.3323,Early Forest Fire Identification,Early Forest Fire Identification Algorithm of Infrared Thermal Imager,Li; Zhou; Li,Li; Zhou; Li; Wang; Wu,2012,2012,100.0
same_work,compound,10.4028/www.scientific.net/amr.610-613.3323,Early Foerst Fire Identification Algorithm of,Early Forest Fire Identification Algorithm of Infrared Thermal Imager,Li; Zhou; Li,Li; Zhou; Li; Wang; Wu,2012,2012,91.56626506024097
same_work,identity,10.71152/ajms.v1i2.3220,International Conference on HIV-AIDS in Nepal-2010,International Conference on HIV-AIDS in Nepal-2010,Assistant,Assistant,2011,2011,100.0
same_work,typo,10.71152/ajms.v1i2.3220,International Conference on HIV-AIDS ni Nepal-2010,International Conference on HIV-AIDS in Nepal-2010,Assistant,Assistant,2011,2011,98.0
same_work,case,10.71152/ajms.v1i2.3220,INTERNATIONAL CONFERENCE ON HIV-AIDS IN NEPAL-2010,International Conference on HIV-AIDS in Nepal-2010,Assistant,Assistant,2011,2011,100.0
same_work,punctuation,10.71152/ajms.v1i2.3220,International Conference on HIVAIDS in Nepal2010,International Conference on HIV-AIDS in Nepal-2010,Assistant,Assistant,2011,2011,83.6734693877551
same_work,compound,10.71152/ajms.v1i2.3220,International Conference no HIVAIDS in Nepal2010,International Conference on HIV-AIDS in Nepal-2010,Assistant,Assistant,2011,2011,81.63265306122449
same_work,identity,10.18192/clg-cgl.v4i1.824,Real urban images: policy and culture in northern Britain,Real urban images: policy and culture in northern Britain,Wharton; Fenwick,Wharton; Fenwick,2012,2012,100.0
same_work,drop_subtitle,10.18192/clg-cgl.v4i1.824,Real urban images,Real urban images: policy and culture in northern Britain,Wharton; Fenwick,Wharton; Fenwick,2012,2012,100.0
same_work,truncate,10.18192/clg-cgl.v4i1.824,Real urban images: policy and culture,Real urban images: policy and culture in northern Britain,Wharton; Fenwick,Wharton; Fenwick,2012,2012,100.0
same_work,typo,10.18192/clg-cgl.v4i1.824,Real urban images: policy and culture in onrthern Britain,Real urban images: policy and culture in northern Britain,Wharton; Fenwick,Wharton; Fenwick,2012,2012,98.21428571428571
same_work,case,10.18192/clg-cgl.v4i1.824,real urban images: policy and culture in northern britain,Real urban images: policy and culture in northern Britain,Wharton; Fenwick,Wharton; Fenwick,2012,2012,100.0
same_work,punctuation,10.18192/clg-cgl.v4i1.824,Real urban images policy and culture in northern Britain,Real urban images: policy and culture in northern Britain,Wharton; Fenwick,Wharton; Fenwick,2012,2012,100.0
same_work,opening_words,10.18192/clg-cgl.v4i1.824,Real urban images: policy and,Real urban images: policy and culture in northern Britain,Wharton; Fenwick,Wharton; Fenwick,2012,2012,100.0
same_work,compound,10.18192/clg-cgl.v4i1.824,Real urba nimages,Real urban images: policy and culture in northern Britain,Wharton; Fenwick,Wharton; Fenwick,2012,2012,46.57534246575342
same_work,identity,10.1002/mop.25687,A new material classification of lossy metamaterials,A new material classification of lossy metamaterials,Lee; Park,Lee; Park,2010,2010,100.0
same_work,typo,10.1002/mop.25687,A new material classification of lossy metamaterials,A new material classification of lossy metamaterials,Lee; Park,Lee; Park,2010,2010,100.0
same_work,case,10.1002/mop.25687,A NEW MATERIAL CLASSIFICATION OF LOSSY METAMATERIALS,A new material classification of lossy metamaterials,Lee; Park,Lee; Park,2010,2010,100.0
same_work,compound,10.1002/mop.25687,A new material classification of lossy metmaaterials,A new material classification of lossy metamaterials,Lee; Park,Lee; Park,2010,2010,98.07692307692308
same_work,identity,10.1063/1.3534006,Precessing vortices and antivortices in ferromagnetic elements,Precessing vortices and antivortices in ferromagnetic elements,Lyberatos; Komineas; Papanicolaou,Lyberatos; Komineas; Papanicolaou,2011,2011,100.0
same_work,typo,10.1063/1.3534006,Precessign vortices and antivortices in ferromagnetic elements,Precessing vortices and antivortices in ferromagnetic elements,Lyberatos; Komineas; Papanicolaou,Lyberatos; Komineas; Papanicolaou,2011,2011,98.38709677419355
same_work,case,10.1063/1.3534006,precessing vortices and antivortices in ferromagnetic elements,Precessing vortices and antivortices in ferromagnetic elements,Lyberatos; Komineas; Papanicolaou,Lyberatos; Komineas; Papanicolaou,2011,2011,100.0
same_work,identity,10.1590/s0104-12902013000200011,O trabalho dos agentes comunitários de saúde em evidência: uma análise com foco na atividade,O trabalho dos agentes comunitários de saúde em evidência: uma análise com foco na atividade,Binda; Bianco; Sousa,Binda; Bianco; Sousa,2013,2013,100.0
same_work,drop_subtitle,10.1590/s0104-12902013000200011,O trabalho dos agentes comunitários de saúde em evidência,O trabalho dos agentes comunitários de saúde em evidência: uma análise com foco na atividade,Binda; Bianco; Sousa,Binda; Bianco; Sousa,2013,2013,100.0
same_work,truncate,10.1590/s0104-12902013000200011,O trabalho dos agentes comunitários de saúde em evidência: uma análise,O trabalho dos agentes comunitários de saúde em evidência: uma análise com foco na atividade,Binda; Bianco; Sousa,Binda; Bianco; Sousa,2013,2013,100.0
same_work,typo,10.1590/s0104-12902013000200011,O trabalho dos agentes comunitários de saúde em evidência: uma análise cmo foco na atividade,O trabalho dos agentes comunitários de saúde em evidência: uma análise com foco na atividade,Binda; Bianco; Sousa,Binda; Bianco; Sousa,2013,2013,98.9010989010989
same_work,case,10.1590/s0104-12902013000200011,O TRABALHO DOS AGENTES COMUNITÁRIOS DE SAÚDE EM EVIDÊNCIA: UMA ANÁLISE COM FOCO NA ATIVIDADE,O trabalho dos agentes comunitários de saúde em evidência: uma análise com foco na atividade,Binda; Bianco; Sousa,Binda; Bianco; Sousa,2013,2013,100.0
same_work,punctuation,10.1590/s0104-12902013000200011,O trabalho dos agentes comunitários de saúde em evidência uma análise com foco na atividade,O trabalho dos agentes comunitários de saúde em evidência: uma análise com foco na atividade,Binda; Bianco; Sousa,Binda; Bianco; Sousa,2013,2013,100.0
same_work,opening_words,10.1590/s0104-12902013000200011,O trabalho dos agentes,O trabalho dos agentes comunitários de saúde em evidência: uma análise com foco na atividade,Binda; Bianco; Sousa,Binda; Bianco; Sousa,2013,2013,100.0
same_work,compound,10.1590/s0104-12902013000200011,O trabalho dos gaentes comunitários de,O trabalho dos agentes comunitários de saúde em evidência: uma análise com foco na atividade,Binda; Bianco; Sousa,Binda; Bianco; Sousa,2013,2013,88.23529411764706
same_work,identity,10.1121/1.3565472,On the aeroacoustic tonal noise generation mechanism of a sharp-edged plate,On the aeroacoustic tonal noise generation mechanism of a sharp-edged plate,Moreau; Brooks; Doolan,Moreau; Brooks; Doolan,2011,2011,100.0
same_work,truncate,10.1121/1.3565472,On the aeroacoustic tonal noise generation mechanism,On the aeroacoustic tonal noise generation mechanism of a sharp-edged plate,Moreau; Brooks; Doolan,Moreau; Brooks; Doolan,2011,2011,100.0
same_work,typo,10.1121/1.3565472,On the aeroacoustic tonal noise generation mechanism fo a sharp-edged plate,On the aeroacoustic tonal noise generation mechanism of a sharp-edged plate,Moreau; Brooks; Doolan,Moreau; Brooks; Doolan,2011,2011,98.66666666666667
same_work,case,10.1121/1.3565472,on the aeroacoustic tonal noise generation mechanism of a sharp-edged plate,On the aeroacoustic tonal noise generation mechanism of a sharp-edged plate,Moreau; Brooks; Doolan,Moreau; Brooks; Doolan,2011,2011,100.0
same_work,punctuation,10.1121/1.3565472,On the aeroacoustic tonal noise generation mechanism of a sharpedged plate,On the aeroacoustic tonal noise generation mechanism of a sharp-edged plate,Moreau; Brooks; Doolan,Moreau; Brooks; Doolan,2011,2011,92.61744966442953
same_work,opening_words,10.1121/1.3565472,On the aeroacoustic tonal noise,On the aeroacoustic tonal noise generation mechanism of a sharp-edged plate,Moreau; Brooks; Doolan,Moreau; Brooks; Doolan,2011,2011,100.0
same_work,compound,10.1121/1.3565472,On teh aeroacoustic tonal noise generation mechanism of,On the aeroacoustic tonal noise generation mechanism of a sharp-edged plate,Moreau; Brooks; Doolan,Moreau; Brooks; Doolan,2011,2011,96.22641509433963
same_work,identity,10.1523/jneurosci.4437-12.2013,Brain Microstructure Reveals Early Abnormalities more than Two Years prior to Clinical Progression from Mild Cognitive Impairment to Alzheimer's Disease,Brain Microstructure Reveals Early Abnormalities more than Two Years prior to Clinical Progression from Mild Cognitive Impairment to Alzheimer's Disease,Douaud; Menke; Gass,Douaud; Menke; Gass; Monsch; Rao; Whitcher; Zamboni; Matthews; Sollberger; Smith,2013,2013,100.0
same_work,truncate,10.1523/jneurosci.4437-12.2013,Brain Microstructure Reveals Early Abnormalities more than Two Years prior to Clinical Progression from Mild,Brain Microstructure Reveals Early Abnormalities more than Two Years prior to Clinical Progression from Mild Cognitive Impairment to Alzheimer's Disease,Douaud; Menke; Gass,Douaud; Menke; Gass; Monsch; Rao; Whitcher; Zamboni; Matthews; Sollberger; Smith,2013,2013,100.0
same_work,typo,10.1523/jneurosci.4437-12.2013,Brain Microstructure Reveals Early Abnormalities mor ethan Two Years prior to Clinical Progression from Mild Cognitive Impairment to Alzheimer's Disease,Brain Microstructure Reveals Early Abnormalities more than Two Years prior to Clinical Progression from Mild Cognitive Impairment to Alzheimer's Disease,Douaud; Menke; Gass,Douaud; Menke; Gass; Monsch; Rao; Whitcher; Zamboni; Matthews; Sollberger; Smith,2013,2013,97.31543624161074
same_work,case,10.1523/jneurosci.4437-12.2013,brain microstructure reveals early abnormalities more than two years prior to clinical progression from mild cognitive impairment to alzheimer's disease,Brain Microstructure Reveals Early Abnormalities more than Two Years prior to Clinical Progression from Mild Cognitive Impairment to Alzheimer's Disease,Douaud; Menke; Gass,Douaud; Menke; Gass; Monsch; Rao; Whitcher; Zamboni; Matthews; Sollberger; Smith,2013,2013,100.0
same_work,punctuation,10.1523/jneurosci.4437-12.2013,Brain Microstructure Reveals Early Abnormalities more than Two Years prior to Clinical Progression from Mild Cognitive Impairment to Alzheimers Disease,Brain Microstructure Reveals Early Abnormalities more than Two Years prior to Clinical Progression from Mild Cognitive Impairment to Alzheimer's Disease,Douaud; Menke; Gass,Douaud; Menke; Gass; Monsch; Rao; Whitcher; Zamboni; Matthews; Sollberger; Smith,2013,2013,99.66329966329967
same_work,opening_words,10.1523/jneurosci.4437-12.2013,Brain Microstructure Reveals Early Abnormalities,Brain Microstructure Reveals Early Abnormalities more than Two Years prior to Clinical Progression from Mild Cognitive Impairment to Alzheimer's Disease,Douaud; Menke; Gass,Douaud; Menke; Gass; Monsch; Rao; Whitcher; Zamboni; Matthews; Sollberger; Smith,2013,2013,100.0
same_work,compound,10.1523/jneurosci.4437-12.2013,Brain Microstructure Reveasl Early Abnormalities more than Two Years prior to Clinical Progression from,Brain Microstructure Reveals Early Abnormalities more than Two Years prior to Clinical Progression from Mild Cognitive Impairment to Alzheimer's Disease,Douaud; Menke; Gass,Douaud; Menke; Gass; Monsch; Rao; Whitcher; Zamboni; Matthews; Sollberger; Smith,2013,2013,95.95959595959596
same_work,identity,10.25009/s.2010.2.394,Se intenta transitar desde una reflexión sobre la técnica hacia una concepción,Se intenta transitar desde una reflexión sobre la técnica hacia una concepción,Díaz Carvajal,Díaz Carvajal,2013,2013,100.0
same_work,truncate,10.25009/s.2010.2.394,Se intenta transitar desde una reflexión sobre,Se intenta transitar desde una reflexión sobre la técnica hacia una concepción,Díaz Carvajal,Díaz Carvajal,2013,2013,100.0
same_work,typo,10.25009/s.2010.2.394,Se intenta transitar desde una refleixón sobre la técnica hacia una concepción,Se intenta transitar desde una reflexión sobre la técnica hacia una concepción,Díaz Carvajal,Díaz Carvajal,2013,2013,98.64864864864865
same_work,case,10.25009/s.2010.2.394,SE INTENTA TRANSITAR DESDE UNA REFLEXIÓN SOBRE LA TÉCNICA HACIA UNA CONCEPCIÓN,Se intenta transitar desde una reflexión sobre la técnica hacia una concepción,Díaz Carvajal,Díaz Carvajal,2013,2013,100.0
same_work,opening_words,10.25009/s.2010.2.394,Se intenta transitar desde una,Se intenta transitar desde una reflexión sobre la técnica hacia una concepción,Díaz Carvajal,Díaz Carvajal,2013,2013,100.0
same_work,compound,10.25009/s.2010.2.394,Se intenta transitar desde una reflexión sobre la técinca,Se intenta transitar desde una reflexión sobre la técnica hacia una concepción,Díaz Carvajal,Díaz Carvajal,2013,2013,92.45283018867924
same_work,identity,10.1177/1056789511425395,New Strain-Energy-Based Coupled Elastoplastic Two-Parameter Damage and Healing Models for Earth-Moving Processes,New Strain-Energy-Based Coupled Elastoplastic Two-Parameter Damage and Healing Models for Earth-Moving Processes,Ju; Yuan,Ju; Yuan,2011,2011,100.0
same_work,truncate,10.1177/1056789511425395,New Strain-Energy-Based Coupled Elastoplastic Two-Parameter Damage and Healing Models,New Strain-Energy-Based Coupled Elastoplastic Two-Parameter Damage and Healing Models for Earth-Moving Processes,Ju; Yuan,Ju; Yuan,2011,2011,100.0
same_work,typo,10.1177/1056789511425395,New Strain-Energy-Based Coupled Elastoplastic Two-Parameter Damage and Healing Models ofr Earth-Moving Processes,New Strain-Energy-Based Coupled Elastoplastic Two-Parameter Damage and Healing Models for Earth-Moving Processes,Ju; Yuan,Ju; Yuan,2011,2011,99.10714285714286
same_work,case,10.1177/1056789511425395,NEW STRAIN-ENERGY-BASED COUPLED ELASTOPLASTIC TWO-PARAMETER DAMAGE AND HEALING MODELS FOR EARTH-MOVING PROCESSES,New Strain-Energy-Based Coupled Elastoplastic Two-Parameter Damage and Healing Models for Earth-Moving Processes,Ju; Yuan,Ju; Yuan,2011,2011,100.0
same_work,punctuation,10.1177/1056789511425395,New StrainEnergyBased Coupled Elastoplastic TwoParameter Damage and Healing Models for EarthMoving Processes,New Strain-Energy-Based Coupled Elastoplastic Two-Parameter Damage and Healing Models for Earth-Moving Processes,Ju; Yuan,Ju; Yuan,2011,2011,80.9090909090909
same_work,opening_words,10.1177/1056789511425395,New Strain-Energy-Based Coupled Elastoplastic Two-Parameter,New Strain-Energy-Based Coupled Elastoplastic Two-Parameter Damage and Healing Models for Earth-Moving Processes,Ju; Yuan,Ju; Yuan,2011,2011,100.0
same_work,compound,10.1177/1056789511425395,New StrainEnergyBased Coupled Elastoplastic TwoParameter Daamge and,New Strain-Energy-Based Coupled Elastoplastic Two-Parameter Damage and Healing Models for Earth-Moving Processes,Ju; Yuan,Ju; Yuan,2011,2011,62.56983240223464
same_work,identity,10.1108/02644401011050912,Virtual testing for the prediction of damping in joints,Virtual testing for the prediction of damping in joints,Caignot; Ladevèze; Néron,Caignot; Ladevèze; Néron; Durand,2010,2010,100.0
same_work,truncate,10.1108/02644401011050912,Virtual testing for the prediction of,Virtual testing for the prediction of damping in joints,Caignot; Ladevèze; Néron,Caignot; Ladevèze; Néron; Durand,2010,2010,100.0
same_work,typo,10.1108/02644401011050912,Virutal testing for the prediction of damping in joints,Virtual testing for the prediction of damping in joints,Caignot; Ladevèze; Néron,Caignot; Ladevèze; Néron; Durand,2010,2010,98.18181818181819
same_work,case,10.1108/02644401011050912,VIRTUAL TESTING FOR THE PREDICTION OF DAMPING IN JOINTS,Virtual testing for the prediction of damping in joints,Caignot; Ladevèze; Néron,Caignot; Ladevèze; Néron; Durand,2010,2010,100.0
same_work,opening_words,10.1108/02644401011050912,Virtual testing for the prediction,Virtual testing for the prediction of damping in joints,Caignot; Ladevèze; Néron,Caignot; Ladevèze; Néron; Durand,2010,2010,100.0
same_work,compound,10.1108/02644401011050912,Virtual testing fro the prediction,Virtual testing for the prediction of damping in joints,Caignot; Ladevèze; Néron,Caignot; Ladevèze; Néron; Durand,2010,2010,93.75
same_work,identity,10.1111/efp.12010,Pine wilt disease: detection of the pinewood nematode (<i><scp>B</scp>ursaphelenchus xylophilus</i>) as a tool for a pine breeding programme,Pine wilt disease: detection of the pinewood nematode (<i><scp>B</scp>ursaphelenchus xylophilus</i>) as a tool for a pine breeding programme,Ribeiro; Espada; Vu,Ribeiro; Espada; Vu; Nóbrega; Mota; Carrasquinho,2012,2012,100.0
same_work,drop_subtitle,10.1111/efp.12010,Pine wilt disease,Pine wilt disease: detection of the pinewood nematode (<i><scp>B</scp>ursaphelenchus xylophilus</i>) as a tool for a pine breeding programme,Ribeiro; Espada; Vu,Ribeiro; Espada; Vu; Nóbrega; Mota; Carrasquinho,2012,2012,100.0
same_work,truncate,10.1111/efp.12010,Pine wilt disease: detection of the pinewood nematode (<i><scp>B</scp>ursaphelenchus xylophilus</i>) as,Pine wilt disease: detection of the pinewood nematode (<i><scp>B</scp>ursaphelenchus xylophilus</i>) as a tool for a pine breeding programme,Ribeiro; Espada; Vu,Ribeiro; Espada; Vu; Nóbrega; Mota; Carrasquinho,2012,2012,100.0
same_work,typo,10.1111/efp.12010,Pine wilt disease: detection of the pinewood nematode (<i><scp>B</scp>ursaphelenchus xylophilus</i>) as  atool for a pine breeding programme,Pine wilt disease: detection of the pinewood nematode (<i><scp>B</scp>ursaphelenchus xylophilus</i>) as a tool for a pine breeding programme,Ribeiro; Espada; Vu,Ribeiro; Espada; Vu; Nóbrega; Mota; Carrasquinho,2012,2012,99.581589958159
same_work,case,10.1111/efp.12010,PINE WILT DISEASE: DETECTION OF THE PINEWOOD NEMATODE (<I><SCP>B</SCP>URSAPHELENCHUS XYLOPHILUS</I>) AS A TOOL FOR A PINE BREEDING PROGRAMME,Pine wilt disease: detection of the pinewood nematode (<i><scp>B</scp>ursaphelenchus xylophilus</i>) as a tool for a pine breeding programme,Ribeiro; Espada; Vu,Ribeiro; Espada; Vu; Nóbrega; Mota; Carrasquinho,2012,2012,100.0
same_work,punctuation,10.1111/efp.12010,Pine wilt disease detection of the pinewood nematode iscpBscpursaphelenchus xylophilusi as a tool for a pine breeding programme,Pine wilt disease: detection of the pinewood nematode (<i><scp>B</scp>ursaphelenchus xylophilus</i>) as a tool for a pine breeding programme,Ribeiro; Espada; Vu,Ribeiro; Espada; Vu; Nóbrega; Mota; Carrasquinho,2012,2012,96.23430962343096
same_work,opening_words,10.1111/efp.12010,Pine wilt disease: detection of,Pine wilt disease: detection of the pinewood nematode (<i><scp>B</scp>ursaphelenchus xylophilus</i>) as a tool for a pine breeding programme,Ribeiro; Espada; Vu,Ribeiro; Espada; Vu; Nóbrega; Mota; Carrasquinho,2012,2012,100.0
same_work,compound,10.1111/efp.12010,Pine wlit disease,Pine wilt disease: detection of the pinewood nematode (<i><scp>B</scp>ursaphelenchus xylophilus</i>) as a tool for a pine breeding programme,Ribeiro; Espada; Vu,Ribeiro; Espada; Vu; Nóbrega; Mota; Carrasquinho,2012,2012,82.75862068965517
same_work,identity,10.12681/dchae.608,Η κτιτορική τοιχογραφία στο περίστωο της Παντανάσσης Φιλιππιάδος,Η κτιτορική τοιχογραφία στο περίστωο της Παντανάσσης Φιλιππιάδος,ΒΟΚΟΤΟΠΟΥΛΟΣ,ΒΟΚΟΤΟΠΟΥΛΟΣ,2011,2011,100.0
same_work,truncate,10.12681/dchae.608,Η κτιτορική τοιχογραφία στο περίστωο της,Η κτιτορική τοιχογραφία στο περίστωο της Παντανάσσης Φιλιππιάδος,ΒΟΚΟΤΟΠΟΥΛΟΣ,ΒΟΚΟΤΟΠΟΥΛΟΣ,2011,2011,100.0
same_work,typo,10.12681/dchae.608,Η κτιτοριήκ τοιχογραφία στο περίστωο της Παντανάσσης Φιλιππιάδος,Η κτιτορική τοιχογραφία στο περίστωο της Παντανάσσης Φιλιππιάδος,ΒΟΚΟΤΟΠΟΥΛΟΣ,ΒΟΚΟΤΟΠΟΥΛΟΣ,2011,2011,98.4375
same_work,case,10.12681/dchae.608,Η ΚΤΙΤΟΡΙΚΉ ΤΟΙΧΟΓΡΑΦΊΑ ΣΤΟ ΠΕΡΊΣΤΩΟ ΤΗΣ ΠΑΝΤΑΝΆΣΣΗΣ ΦΙΛΙΠΠΙΆΔΟΣ,Η κτιτορική τοιχογραφία στο περίστωο της Παντανάσσης Φιλιππιάδος,ΒΟΚΟΤΟΠΟΥΛΟΣ,ΒΟΚΟΤΟΠΟΥΛΟΣ,2011,2011,100.0
same_work,compound,10.12681/dchae.608,Η κτιτροική τοιχογραφία στο περίστωο,Η κτιτορική τοιχογραφία στο περίστωο της Παντανάσσης Φιλιππιάδος,ΒΟΚΟΤΟΠΟΥΛΟΣ,ΒΟΚΟΤΟΠΟΥΛΟΣ,2011,2011,83.87096774193549
same_work,identity,10.4028/www.scientific.net/amr.821-822.1200,Investigation on Tensile Properties of Weft Insertion Warp Knitted Fabric Reinforced Composites,Investigation on Tensile Properties of Weft Insertion Warp Knitted Fabric Reinforced Composites,Qin; Ma,Qin; Ma,2013,2013,100.0
same_work,truncate,10.4028/www.scientific.net/amr.821-822.1200,Investigation on Tensile Properties of Weft Insertion Warp Knitted,Investigation on Tensile Properties of Weft Insertion Warp Knitted Fabric Reinforced Composites,Qin; Ma,Qin; Ma,2013,2013,100.0
same_work,typo,10.4028/www.scientific.net/amr.821-822.1200,Investigation on Tensile Properties of Weft Insertion Warp Knitted Fabric Reinforced oCmposites,Investigation on Tensile Properties of Weft Insertion Warp Knitted Fabric Reinforced Composites,Qin; Ma,Qin; Ma,2013,2013,98.94736842105263
same_work,case,10.4028/www.scientific.net/amr.821-822.1200,INVESTIGATION ON TENSILE PROPERTIES OF WEFT INSERTION WARP KNITTED FABRIC REINFORCED COMPOSITES,Investigation on Tensile Properties of Weft Insertion Warp Knitted Fabric Reinforced Composites,Qin; Ma,Qin; Ma,2013,2013,100.0
same_work,opening_words,10.4028/www.scientific.net/amr.821-822.1200,Investigation on Tensile Properties of,Investigation on Tensile Properties of Weft Insertion Warp Knitted Fabric Reinforced Composites,Qin; Ma,Qin; Ma,2013,2013,100.0
same_work,compound,10.4028/www.scientific.net/amr.821-822.1200,Invetsigation on Tensile Properties of Weft Insertion Warp,Investigation on Tensile Properties of Weft Insertion Warp Knitted Fabric Reinforced Composites,Qin; Ma,Qin; Ma,2013,2013,86.27450980392157
same_work,identity,10.1111/psyg.12099,Depressive symptoms associated with dabigatran: a case report,Depressive symptoms associated with dabigatran: a case report,Eryilmaz; Enez Darcin; Saglam,Eryilmaz; Enez Darcin; Saglam; Gogcegoz Gul,2014,2014,100.0
same_work,drop_subtitle,10.1111/psyg.12099,Depressive symptoms associated with dabigatran,Depressive symptoms associated with dabigatran: a case report,Eryilmaz; Enez Darcin; Saglam,Eryilmaz; Enez Darcin; Saglam; Gogcegoz Gul,2014,2014,100.0
same_work,truncate,10.1111/psyg.12099,Depressive symptoms associated with dabigatran: a,Depressive symptoms associated with dabigatran: a case report,Eryilmaz; Enez Darcin; Saglam,Eryilmaz; Enez Darcin; Saglam; Gogcegoz Gul,2014,2014,100.0
same_work,typo,10.1111/psyg.12099,Depressive symptoms associated with dabigatrna: a case report,Depressive symptoms associated with dabigatran: a case report,Eryilmaz; Enez Darcin; Saglam,Eryilmaz; Enez Darcin; Saglam; Gogcegoz Gul,2014,2014,98.33333333333333
same_work,case,10.1111/psyg.12099,DEPRESSIVE SYMPTOMS ASSOCIATED WITH DABIGATRAN: A CASE REPORT,Depressive symptoms associated with dabigatran: a case report,Eryilmaz; Enez Darcin; Saglam,Eryilmaz; Enez Darcin; Saglam; Gogcegoz Gul,2014,2014,100.0
same_work,punctuation,10.1111/psyg.12099,Depressive symptoms associated with dabigatran a case report,Depressive symptoms associated with dabigatran: a case report,Eryilmaz; Enez Darcin; Saglam,Eryilmaz; Enez Darcin; Saglam; Gogcegoz Gul,2014,2014,100.0
same_work,compound,10.1111/psyg.12099,Depressive smyptoms associated with dabigatran,Depressive symptoms associated with dabigatran: a case report,Eryilmaz; Enez Darcin; Saglam,Eryilmaz; Enez Darcin; Saglam; Gogcegoz Gul,2014,2014,89.1566265060241
same_work,identity,10.1111/tger.10153,Taking the Awful Out of the German Language: A Study of a New Way to Teach German Gender and Plural Assignment,Taking the Awful Out of the German Language: A Study of a New Way to Teach German Gender and Plural Assignment,Kraiss,Kraiss,2014,2014,100.0
same_work,drop_subtitle,10.1111/tger.10153,Taking the Awful Out of the German Language,Taking the Awful Out of the German Language: A Study of a New Way to Teach German Gender and Plural Assignment,Kraiss,Kraiss,2014,2014,100.0
same_work,truncate,10.1111/tger.10153,Taking the Awful Out of the German Language: A Study of a,Taking the Awful Out of the German Language: A Study of a New Way to Teach German Gender and Plural Assignment,Kraiss,Kraiss,2014,2014,100.0
same_work,typo,10.1111/tger.10153,Taking the Awful Out of the German Language: A Study of a New Way to Teach German Gender nad Plural Assignment,Taking the Awful Out of the German Language: A Study of a New Way to Teach German Gender and Plural Assignment,Kraiss,Kraiss,2014,2014,98.9247311827957
same_work,case,10.1111/tger.10153,taking the awful out of the german language: a study of a new way to teach german gender and plural assignment,Taking the Awful Out of the German Language: A Study of a New Way to Teach German Gender and Plural Assignment,Kraiss,Kraiss,2014,2014,100.0
same_work,punctuation,10.1111/tger.10153,Taking the Awful Out of the German Language A Study of a New Way to Teach German Gender and Plural Assignment,Taking the Awful Out of the German Language: A Study of a New Way to Teach German Gender and Plural Assignment,Kraiss,Kraiss,2014,2014,100.0
same_work,opening_words,10.1111/tger.10153,Taking the Awful Out,Taking the Awful Out of the German Language: A Study of a New Way to Teach German Gender and Plural Assignment,Kraiss,Kraiss,2014,2014,100.0
same_work,compound,10.1111/tger.10153,Taking teh Awful Out of,Taking the Awful Out of the German Language: A Study of a New Way to Teach German Gender and Plural Assignment,Kraiss,Kraiss,2014,2014,90.47619047619048
same_work,identity,10.1002/jso.21843,A multi‐center study on the surgical management of metastatic disease to adrenal glands,A multi‐center study on the surgical management of metastatic disease to adrenal glands,Valeri; Bergamini; Tozzi,Valeri; Bergamini; Tozzi; Martellucci; Di Costanzo; Antonuzzo,2010,2010,100.0
same_work,truncate,10.1002/jso.21843,A multi‐center study on the surgical management of metastatic,A multi‐center study on the surgical management of metastatic disease to adrenal glands,Valeri; Bergamini; Tozzi,Valeri; Bergamini; Tozzi; Martellucci; Di Costanzo; Antonuzzo,2010,2010,100.0
same_work,typo,10.1002/jso.21843,A multi‐center study on the surgical managemen tof metastatic disease to adrenal glands,A multi‐center study on the surgical management of metastatic disease to adrenal glands,Valeri; Bergamini; Tozzi,Valeri; Bergamini; Tozzi; Martellucci; Di Costanzo; Antonuzzo,2010,2010,98.85057471264368
same_work,case,10.1002/jso.21843,a multi‐center study on the surgical management of metastatic disease to adrenal glands,A multi‐center study on the surgical management of metastatic disease to adrenal glands,Valeri; Bergamini; Tozzi,Valeri; Bergamini; Tozzi; Martellucci; Di Costanzo; Antonuzzo,2010,2010,100.0
same_work,punctuation,10.1002/jso.21843,A multicenter study on the surgical management of metastatic disease to adrenal glands,A multi‐center study on the surgical management of metastatic disease to adrenal glands,Valeri; Bergamini; Tozzi,Valeri; Bergamini; Tozzi; Martellucci; Di Costanzo; Antonuzzo,2010,2010,93.64161849710983
same_work,opening_words,10.1002/jso.21843,A multi‐center study on,A multi‐center study on the surgical management of metastatic disease to adrenal glands,Valeri; Bergamini; Tozzi,Valeri; Bergamini; Tozzi; Martellucci; Di Costanzo; Antonuzzo,2010,2010,100.0
same_work,compound,10.1002/jso.21843,A multicenter study no the surgical management of metastatic,A multi‐center study on the surgical management of metastatic disease to adrenal glands,Valeri; Bergamini; Tozzi,Valeri; Bergamini; Tozzi; Martellucci; Di Costanzo; Antonuzzo,2010,2010,85.71428571428571
same_work,identity,10.1590/s2236-34592014000300004,"Renovação dos programas de ensino de aritmética da escola primária em São Paulo e no Paraná, nos anos de 1930: um estudo histórico comparativo","Renovação dos programas de ensino de aritmética da escola primária em São Paulo e no Paraná, nos anos de 1930: um estudo histórico comparativo",Pinto,Pinto,2014,2014,100.0
same_work,drop_subtitle,10.1590/s2236-34592014000300004,"Renovação dos programas de ensino de aritmética da escola primária em São Paulo e no Paraná, nos anos de 1930","Renovação dos programas de ensino de aritmética da escola primária em São Paulo e no Paraná, nos anos de 1930: um estudo histórico comparativo",Pinto,Pinto,2014,2014,100.0
same_work,truncate,10.1590/s2236-34592014000300004,"Renovação dos programas de ensino de aritmética da escola primária em São Paulo e no Paraná, nos","Renovação dos programas de ensino de aritmética da escola primária em São Paulo e no Paraná, nos anos de 1930: um estudo histórico comparativo",Pinto,Pinto,2014,2014,100.0
same_work,typo,10.1590/s2236-34592014000300004,"Renovçaão dos programas de ensino de aritmética da escola primária em São Paulo e no Paraná, nos anos de 1930: um estudo histórico comparativo","Renovação dos programas de ensino de aritmética da escola primária em São Paulo e no Paraná, nos anos de 1930: um estudo histórico comparativo",Pinto,Pinto,2014,2014,99.25373134328358
same_work,case,10.1590/s2236-34592014000300004,"RENOVAÇÃO DOS PROGRAMAS DE ENSINO DE ARITMÉTICA DA ESCOLA PRIMÁRIA EM SÃO PAULO E NO PARANÁ, NOS ANOS DE 1930: UM ESTUDO HISTÓRICO COMPARATIVO","Renovação dos programas de ensino de aritmética da escola primária em São Paulo e no Paraná, nos anos de 1930: um estudo histórico comparativo",Pinto,Pinto,2014,2014,100.0
same_work,punctuation,10.1590/s2236-34592014000300004,Renovação dos programas de ensino de aritmética da escola primária em São Paulo e no Paraná nos anos de 1930 um estudo histórico comparativo,"Renovação dos programas de ensino de aritmética da escola primária em São Paulo e no Paraná, nos anos de 1930: um estudo histórico comparativo",Pinto,Pinto,2014,2014,100.0
same_work,opening_words,10.1590/s2236-34592014000300004,Renovação dos programas de,"Renovação dos programas de ensino de aritmética da escola primária em São Paulo e no Paraná, nos anos de 1930: um estudo histórico comparativo",Pinto,Pinto,2014,2014,100.0
same_work,compound,10.1590/s2236-34592014000300004,Renovação ods programas de ensino de aritmética da escola primária em São Paulo e no,"Renovação dos programas de ensino de aritmética da escola primária em São Paulo e no Paraná, nos anos de 1930: um estudo histórico comparativo",Pinto,Pinto,2014,2014,97.46835443037975
same_work,identity,10.1063/1.4863169,Low temperature and magnetic field behaviour of the (Cr84Re16)89.6V10.4 alloy,Low temperature and magnetic field behaviour of the (Cr84Re16)89.6V10.4 alloy,Jacobs; Sheppard; Prinsloo,Jacobs; Sheppard; Prinsloo; Lodya,2014,2014,100.0
same_work,truncate,10.1063/1.4863169,Low temperature and magnetic field behaviour,Low temperature and magnetic field behaviour of the (Cr84Re16)89.6V10.4 alloy,Jacobs; Sheppard; Prinsloo,Jacobs; Sheppard; Prinsloo; Lodya,2014,2014,100.0
same_work,typo,10.1063/1.4863169,Low temperature and magnetic field beahviour of the (Cr84Re16)89.6V10.4 alloy,Low temperature and magnetic field behaviour of the (Cr84Re16)89.6V10.4 alloy,Jacobs; Sheppard; Prinsloo,Jacobs; Sheppard; Prinsloo; Lodya,2014,2014,98.6842105263158
same_work,case,10.1063/1.4863169,low temperature and magnetic field behaviour of the (cr84re16)89.6v10.4 alloy,Low temperature and magnetic field behaviour of the (Cr84Re16)89.6V10.4 alloy,Jacobs; Sheppard; Prinsloo,Jacobs; Sheppard; Prinsloo; Lodya,2014,2014,100.0
same_work,punctuation,10.1063/1.4863169,Low temperature and magnetic field behaviour of the Cr84Re16896V104 alloy,Low temperature and magnetic field behaviour of the (Cr84Re16)89.6V10.4 alloy,Jacobs; Sheppard; Prinsloo,Jacobs; Sheppard; Prinsloo; Lodya,2014,2014,88.59060402684564
same_work,opening_words,10.1063/1.4863169,Low temperature and magnetic field,Low temperature and magnetic field behaviour of the (Cr84Re16)89.6V10.4 alloy,Jacobs; Sheppard; Prinsloo,Jacobs; Sheppard; Prinsloo; Lodya,2014,2014,100.0
same_work,compound,10.1063/1.4863169,Low temperature and magnetic field behaviuor,Low temperature and magnetic field behaviour of the (Cr84Re16)89.6V10.4 alloy,Jacobs; Sheppard; Prinsloo,Jacobs; Sheppard; Prinsloo; Lodya,2014,2014,87.17948717948718
same_work,identity,10.1017/s0010417512000576,"Margaret Tart, Lao She, and the Opium-Master's Wife: Race and Class among Chinese Commercial Immigrants in London and Australia, 1866–1929","Margaret Tart, Lao She, and the Opium-Master's Wife: Race and Class among Chinese Commercial Immigrants in London and Australia, 1866–1929",Auerbach,Auerbach,2013,2013,100.0
same_work,drop_subtitle,10.1017/s0010417512000576,"Margaret Tart, Lao She, and the Opium-Master's Wife","Margaret Tart, Lao She, and the Opium-Master's Wife: Race and Class among Chinese Commercial Immigrants in London and Australia, 1866–1929",Auerbach,Auerbach,2013,2013,100.0
same_work,truncate,10.1017/s0010417512000576,"Margaret Tart, Lao She, and the Opium-Master's Wife: Race and Class among Chinese","Margaret Tart, Lao She, and the Opium-Master's Wife: Race and Class among Chinese Commercial Immigrants in London and Australia, 1866–1929",Auerbach,Auerbach,2013,2013,100.0
same_work,typo,10.1017/s0010417512000576,"Margaret Tart, Lao She, and the Opium-Master's Wife: Race and Class maong Chinese Commercial Immigrants in London and Australia, 1866–1929","Margaret Tart, Lao She, and the Opium-Master's Wife: Race and Class among Chinese Commercial Immigrants in London and Australia, 1866–1929",Auerbach,Auerbach,2013,2013,99.2063492063492
same_work,case,10.1017/s0010417512000576,"MARGARET TART, LAO SHE, AND THE OPIUM-MASTER'S WIFE: RACE AND CLASS AMONG CHINESE COMMERCIAL IMMIGRANTS IN LONDON AND AUSTRALIA, 1866–1929","Margaret Tart, Lao She, and the Opium-Master's Wife: Race and Class among Chinese Commercial Immigrants in London and Australia, 1866–1929",Auerbach,Auerbach,2013,2013,100.0
same_work,punctuation,10.1017/s0010417512000576,Margaret Tart Lao She and the OpiumMasters Wife Race and Class among Chinese Commercial Immigrants in London and Australia 18661929,"Margaret Tart, Lao She, and the Opium-Master's Wife: Race and Class among Chinese Commercial Immigrants in London and Australia, 1866–1929",Auerbach,Auerbach,2013,2013,94.77911646586345
same_work,opening_words,10.1017/s0010417512000576,"Margaret Tart, Lao She,","Margaret Tart, Lao She, and the Opium-Master's Wife: Race and Class among Chinese Commercial Immigrants in London and Australia, 1866–1929",Auerbach,Auerbach,2013,2013,100.0
same_work,compound,10.1017/s0010417512000576,Maragret Tart Lao She and,"Margaret Tart, Lao She, and the Opium-Master's Wife: Race and Class among Chinese Commercial Immigrants in London and Australia, 1866–1929",Auerbach,Auerbach,2013,2013,78.04878048780488
same_work,identity,10.1111/ele.12144,Rates of projected climate change dramatically exceed past rates of climatic niche evolution among vertebrate species,Rates of projected climate change dramatically exceed past rates of climatic niche evolution among vertebrate species,Quintero; Wiens,Quintero; Wiens,2013,2013,100.0
same_work,truncate,10.1111/ele.12144,Rates of projected climate change dramatically exceed past rates of,Rates of projected climate change dramatically exceed past rates of climatic niche evolution among vertebrate species,Quintero; Wiens,Quintero; Wiens,2013,2013,100.0
same_work,typo,10.1111/ele.12144,Rates of projected climate change dramatically exceed past rates of climatic inche evolution among vertebrate species,Rates of projected climate change dramatically exceed past rates of climatic niche evolution among vertebrate species,Quintero; Wiens,Quintero; Wiens,2013,2013,99.07407407407408
same_work,case,10.1111/ele.12144,RATES OF PROJECTED CLIMATE CHANGE DRAMATICALLY EXCEED PAST RATES OF CLIMATIC NICHE EVOLUTION AMONG VERTEBRATE SPECIES,Rates of projected climate change dramatically exceed past rates of climatic niche evolution among vertebrate species,Quintero; Wiens,Quintero; Wiens,2013,2013,100.0
same_work,opening_words,10.1111/ele.12144,Rates of projected climate change,Rates of projected climate change dramatically exceed past rates of climatic niche evolution among vertebrate species,Quintero; Wiens,Quintero; Wiens,2013,2013,100.0
same_work,compound,10.1111/ele.12144,Rates of projected climate change dramatically excee dpast rates of,Rates of projected climate change dramatically exceed past rates of climatic niche evolution among vertebrate species,Quintero; Wiens,Quintero; Wiens,2013,2013,88.46153846153847
same_work,identity,10.3917/cdsu.058.0021,"Un réseau de transport pour désenclaver le quartier, à Aubenas","Un réseau de transport pour désenclaver le quartier, à Aubenas",Deleuze,Deleuze,2013,2013,100.0
same_work,truncate,10.3917/cdsu.058.0021,Un réseau de transport pour désenclaver,"Un réseau de transport pour désenclaver le quartier, à Aubenas",Deleuze,Deleuze,2013,2013,100.0
same_work,typo,10.3917/cdsu.058.0021,"Un réseau de rtansport pour désenclaver le quartier, à Aubenas","Un réseau de transport pour désenclaver le quartier, à Aubenas",Deleuze,Deleuze,2013,2013,98.36065573770492
same_work,case,10.3917/cdsu.058.0021,"un réseau de transport pour désenclaver le quartier, à aubenas","Un réseau de transport pour désenclaver le quartier, à Aubenas",Deleuze,Deleuze,2013,2013,100.0
same_work,punctuation,10.3917/cdsu.058.0021,Un réseau de transport pour désenclaver le quartier à Aubenas,"Un réseau de transport pour désenclaver le quartier, à Aubenas",Deleuze,Deleuze,2013,2013,100.0
same_work,opening_words,10.3917/cdsu.058.0021,Un réseau de transport,"Un réseau de transport pour désenclaver le quartier, à Aubenas",Deleuze,Deleuze,2013,2013,100.0
same_work,compound,10.3917/cdsu.058.0021,Un réseau de trasnport pour désenclaver,"Un réseau de transport pour désenclaver le quartier, à Aubenas",Deleuze,Deleuze,2013,2013,85.29411764705883
same_work,identity,10.1007/s12598-013-0053-x,"The electrochemical hydrogen storage performances of Si‐added La–Mg–Ni–Co‐based A
                    <sub>2</sub>
                    B
                    <sub>7</sub>
                    ‐type electrode alloys","The electrochemical hydrogen storage performances of Si‐added La–Mg–Ni–Co‐based A
                    <sub>2</sub>
                    B
                    <sub>7</sub>
                    ‐type electrode alloys",Zhang; Chen; Yang,Zhang; Chen; Yang; Xu; Ren; Zhao,2013,2013,100.0
same_work,truncate,10.1007/s12598-013-0053-x,The electrochemical hydrogen storage performances of Si‐added La–Mg–Ni–Co‐based A <sub>2</sub>,"The electrochemical hydrogen storage performances of Si‐added La–Mg–Ni–Co‐based A
                    <sub>2</sub>
                    B
                    <sub>7</sub>
                    ‐type electrode alloys",Zhang; Chen; Yang,Zhang; Chen; Yang; Xu; Ren; Zhao,2013,2013,100.0
same_work,typo,10.1007/s12598-013-0053-x,"The electrochemical hydrogen storage performances of Si‐added La–Mg–Ni–Co‐based A
                    <sub>2</sub>
                    B
                    <sub>7</sub>
                    ‐type electroed alloys","The electrochemical hydrogen storage performances of Si‐added La–Mg–Ni–Co‐based A
                    <sub>2</sub>
                    B
                    <sub>7</sub>
                    ‐type electrode alloys",Zhang; Chen; Yang,Zhang; Chen; Yang; Xu; Ren; Zhao,2013,2013,99.11504424778761
same_work,case,10.1007/s12598-013-0053-x,"the electrochemical hydrogen storage performances of si‐added la–mg–ni–co‐based a
                    <sub>2</sub>
                    b
                    <sub>7</sub>
                    ‐type electrode alloys","The electrochemical hydrogen storage performances of Si‐added La–Mg–Ni–Co‐based A
                    <sub>2</sub>
                    B
                    <sub>7</sub>
                    ‐type electrode alloys",Zhang; Chen; Yang,Zhang; Chen; Yang; Xu; Ren; Zhao,2013,2013,100.0
same_work,punctuation,10.1007/s12598-013-0053-x,"The electrochemical hydrogen storage performances of Siadded LaMgNiCobased A
                    sub2sub
                    B
                    sub7sub
                    type electrode alloys","The electrochemical hydrogen storage performances of Si‐added La–Mg–Ni–Co‐based A
                    <sub>2</sub>
                    B
                    <sub>7</sub>
                    ‐type electrode alloys",Zhang; Chen; Yang,Zhang; Chen; Yang; Xu; Ren; Zhao,2013,2013,81.67539267015707
same_work,opening_words,10.1007/s12598-013-0053-x,The electrochemical hydrogen storage,"The electrochemical hydrogen storage performances of Si‐added La–Mg–Ni–Co‐based A
                    <sub>2</sub>
                    B
                    <sub>7</sub>
                    ‐type electrode alloys",Zhang; Chen; Yang,Zhang; Chen; Yang; Xu; Ren; Zhao,2013,2013,100.0
same_work,compound,10.1007/s12598-013-0053-x,The electrochemical hydrogen storage performances of Siadded LaMNgiCobased A,"The electrochemical hydrogen storage performances of Si‐added La–Mg–Ni–Co‐based A
                    <sub>2</sub>
                    B
                    <sub>7</sub>
                    ‐type electrode alloys",Zhang; Chen; Yang,Zhang; Chen; Yang; Xu; Ren; Zhao,2013,2013,83.07692307692308
same_work,identity,10.1159/000337098,Probiotic Supplements (Lactobacillus reuteri DSM 17938 and ATCC PTA 5289) Do Not Affect Regrowth of Mutans Streptococci after Full-Mouth Disinfection with Chlorhexidine: A Randomized Controlled Multicenter Trial,Probiotic Supplements (Lactobacillus reuteri DSM 17938 and ATCC PTA 5289) Do Not Affect Regrowth of Mutans Streptococci after Full-Mouth Disinfection with Chlorhexidine: A Randomized Controlled Multicenter Trial,Keller; Hasslöf; Dahlén,Keller; Hasslöf; Dahlén; Stecksén-Blicks; Twetman,2012,2012,100.0
same_work,drop_subtitle,10.1159/000337098,Probiotic Supplements (Lactobacillus reuteri DSM 17938 and ATCC PTA 5289) Do Not Affect Regrowth of Mutans Streptococci after Full-Mouth Disinfection with Chlorhexidine,Probiotic Supplements (Lactobacillus reuteri DSM 17938 and ATCC PTA 5289) Do Not Affect Regrowth of Mutans Streptococci after Full-Mouth Disinfection with Chlorhexidine: A Randomized Controlled Multicenter Trial,Keller; Hasslöf; Dahlén,Keller; Hasslöf; Dahlén; Stecksén-Blicks; Twetman,2012,2012,100.0
same_work,truncate,10.1159/000337098,Probiotic Supplements (Lactobacillus reuteri DSM 17938 and ATCC PTA 5289) Do Not Affect Regrowth of Mutans Streptococci after Full-Mouth Disinfection with,Probiotic Supplements (Lactobacillus reuteri DSM 17938 and ATCC PTA 5289) Do Not Affect Regrowth of Mutans Streptococci after Full-Mouth Disinfection with Chlorhexidine: A Randomized Controlled Multicenter Trial,Keller; Hasslöf; Dahlén,Keller; Hasslöf; Dahlén; Stecksén-Blicks; Twetman,2012,2012,100.0
same_work,typo,10.1159/000337098,Probiotic Supplements (Lactobacillus reuteri DSM 17938 nad ATCC PTA 5289) Do Not Affect Regrowth of Mutans Streptococci after Full-Mouth Disinfection with Chlorhexidine: A Randomized Controlled Multicenter Trial,Probiotic Supplements (Lactobacillus reuteri DSM 17938 and ATCC PTA 5289) Do Not Affect Regrowth of Mutans Streptococci after Full-Mouth Disinfection with Chlorhexidine: A Randomized Controlled Multicenter Trial,Keller; Hasslöf; Dahlén,Keller; Hasslöf; Dahlén; Stecksén-Blicks; Twetman,2012,2012,99.51923076923077
same_work,case,10.1159/000337098,PROBIOTIC SUPPLEMENTS (LACTOBACILLUS REUTERI DSM 17938 AND ATCC PTA 5289) DO NOT AFFECT REGROWTH OF MUTANS STREPTOCOCCI AFTER FULL-MOUTH DISINFECTION WITH CHLORHEXIDINE: A RANDOMIZED CONTROLLED MULTICENTER TRIAL,Probiotic Supplements (Lactobacillus reuteri DSM 17938 and ATCC PTA 5289) Do Not Affect Regrowth of Mutans Streptococci after Full-Mouth Disinfection with Chlorhexidine: A Randomized Controlled Multicenter Trial,Keller; Hasslöf; Dahlén,Keller; Hasslöf; Dahlén; Stecksén-Blicks; Twetman,2012,2012,100.0
same_work,punctuation,10.1159/000337098,Probiotic Supplements Lactobacillus reuteri DSM 17938 and ATCC PTA 5289 Do Not Affect Regrowth of Mutans Streptococci after FullMouth Disinfection with Chlorhexidine A Randomized Controlled Multicenter Trial,Probiotic Supplements (Lactobacillus reuteri DSM 17938 and ATCC PTA 5289) Do Not Affect Regrowth of Mutans Streptococci after Full-Mouth Disinfection with Chlorhexidine: A Randomized Controlled Multicenter Trial,Keller; Hasslöf; Dahlén,Keller; Hasslöf; Dahlén; Stecksén-Blicks; Twetman,2012,2012,99.75903614457832
same_work,opening_words,10.1159/000337098,Probiotic Supplements (Lactobacillus reuteri DSM,Probiotic Supplements (Lactobacillus reuteri DSM 17938 and ATCC PTA 5289) Do Not Affect Regrowth of Mutans Streptococci after Full-Mouth Disinfection with Chlorhexidine: A Randomized Controlled Multicenter Trial,Keller; Hasslöf; Dahlén,Keller; Hasslöf; Dahlén; Stecksén-Blicks; Twetman,2012,2012,100.0
same_work,compound,10.1159/000337098,Probiotic Supplements Lactobacillus reuteri DSM 17938 and ATCC PAT 5289 Do Not Affect Regrowth,Probiotic Supplements (Lactobacillus reuteri DSM 17938 and ATCC PTA 5289) Do Not Affect Regrowth of Mutans Streptococci after Full-Mouth Disinfection with Chlorhexidine: A Randomized Controlled Multicenter Trial,Keller; Hasslöf; Dahlén,Keller; Hasslöf; Dahlén; Stecksén-Blicks; Twetman,2012,2012,97.82608695652173
same_work,identity,10.1002/cjoc.201090180,"Keggin Heteropolyacid Catalyzed Synthesis of Isoxazolo‐ [5,4‐<i>d</i>]pyrimidine‐4,6(5<i>H</i>,7<i>H</i>)‐diones at Room Temperature","Keggin Heteropolyacid Catalyzed Synthesis of Isoxazolo‐ [5,4‐<i>d</i>]pyrimidine‐4,6(5<i>H</i>,7<i>H</i>)‐diones at Room Temperature",Bamoharram; Roshani; Heravi,Bamoharram; Roshani; Heravi; Mahdavi; Javid; Emampour,2010,2010,100.0
same_work,truncate,10.1002/cjoc.201090180,Keggin Heteropolyacid Catalyzed Synthesis of Isoxazolo‐,"Keggin Heteropolyacid Catalyzed Synthesis of Isoxazolo‐ [5,4‐<i>d</i>]pyrimidine‐4,6(5<i>H</i>,7<i>H</i>)‐diones at Room Temperature",Bamoharram; Roshani; Heravi,Bamoharram; Roshani; Heravi; Mahdavi; Javid; Emampour,2010,2010,100.0
same_work,typo,10.1002/cjoc.201090180,"Keggin Heteropolyacid Catalyzed Synthesis of Isoxazolo‐ [5,4‐<i>d</i>]pyrimidin‐e4,6(5<i>H</i>,7<i>H</i>)‐diones at Room Temperature","Keggin Heteropolyacid Catalyzed Synthesis of Isoxazolo‐ [5,4‐<i>d</i>]pyrimidine‐4,6(5<i>H</i>,7<i>H</i>)‐diones at Room Temperature",Bamoharram; Roshani; Heravi,Bamoharram; Roshani; Heravi; Mahdavi; Javid; Emampour,2010,2010,98.13084112149532
same_work,case,10.1002/cjoc.201090180,"KEGGIN HETEROPOLYACID CATALYZED SYNTHESIS OF ISOXAZOLO‐ [5,4‐<I>D</I>]PYRIMIDINE‐4,6(5<I>H</I>,7<I>H</I>)‐DIONES AT ROOM TEMPERATURE","Keggin Heteropolyacid Catalyzed Synthesis of Isoxazolo‐ [5,4‐<i>d</i>]pyrimidine‐4,6(5<i>H</i>,7<i>H</i>)‐diones at Room Temperature",Bamoharram; Roshani; Heravi,Bamoharram; Roshani; Heravi; Mahdavi; Javid; Emampour,2010,2010,100.0
same_work,punctuation,10.1002/cjoc.201090180,Keggin Heteropolyacid Catalyzed Synthesis of Isoxazolo 54idipyrimidine465iHi7iHidiones at Room Temperature,"Keggin Heteropolyacid Catalyzed Synthesis of Isoxazolo‐ [5,4‐<i>d</i>]pyrimidine‐4,6(5<i>H</i>,7<i>H</i>)‐diones at Room Temperature",Bamoharram; Roshani; Heravi,Bamoharram; Roshani; Heravi; Mahdavi; Javid; Emampour,2010,2010,83.9622641509434
same_work,opening_words,10.1002/cjoc.201090180,Keggin Heteropolyacid Catalyzed Synthesis of,"Keggin Heteropolyacid Catalyzed Synthesis of Isoxazolo‐ [5,4‐<i>d</i>]pyrimidine‐4,6(5<i>H</i>,7<i>H</i>)‐diones at Room Temperature",Bamoharram; Roshani; Heravi,Bamoharram; Roshani; Heravi; Mahdavi; Javid; Emampour,2010,2010,100.0
same_work,compound,10.1002/cjoc.201090180,Keggin Heteropolyacid Catalyzed Synthesi sof Isoxazolo 54idipyrimidine465iHi7iHidiones,"Keggin Heteropolyacid Catalyzed Synthesis of Isoxazolo‐ [5,4‐<i>d</i>]pyrimidine‐4,6(5<i>H</i>,7<i>H</i>)‐diones at Room Temperature",Bamoharram; Roshani; Heravi,Bamoharram; Roshani; Heravi; Mahdavi; Javid; Emampour,2010,2010,69.79166666666667
same_work,identity,10.1557/jmr.2010.20,Sequential self-assembly of micron-scale components with light,Sequential self-assembly of micron-scale components with light,Saeedi; Etzkorn; Parviz,Saeedi; Etzkorn; Parviz,2011,2011,100.0
same_work,typo,10.1557/jmr.2010.20,Sequential self-assembly of micron-scale components iwth light,Sequential self-assembly of micron-scale components with light,Saeedi; Etzkorn; Parviz,Saeedi; Etzkorn; Parviz,2011,2011,98.38709677419355
same_work,case,10.1557/jmr.2010.20,sequential self-assembly of micron-scale components with light,Sequential self-assembly of micron-scale components with light,Saeedi; Etzkorn; Parviz,Saeedi; Etzkorn; Parviz,2011,2011,100.0
same_work,punctuation,10.1557/jmr.2010.20,Sequential selfassembly of micronscale components with light,Sequential self-assembly of micron-scale components with light,Saeedi; Etzkorn; Parviz,Saeedi; Etzkorn; Parviz,2011,2011,85.24590163934427
same_work,compound,10.1557/jmr.2010.20,Sequential selfassembly of microncsale components with light,Sequential self-assembly of micron-scale components with light,Saeedi; Etzkorn; Parviz,Saeedi; Etzkorn; Parviz,2011,2011,83.60655737704919
same_work,identity,10.1111/j.1755-3768.2014.f057.x,Antiangiogenic effect of ALS‐L1023 on experimental choroidal neovascularization in mice,Antiangiogenic effect of ALS‐L1023 on experimental choroidal neovascularization in mice,KANG; RHO,KANG; RHO,2014,2014,100.0
same_work,truncate,10.1111/j.1755-3768.2014.f057.x,Antiangiogenic effect of ALS‐L1023 on experimental choroidal,Antiangiogenic effect of ALS‐L1023 on experimental choroidal neovascularization in mice,KANG; RHO,KANG; RHO,2014,2014,100.0
same_work,typo,10.1111/j.1755-3768.2014.f057.x,Antiangiogenic effect of ALS‐L1023 on expermiental choroidal neovascularization in mice,Antiangiogenic effect of ALS‐L1023 on experimental choroidal neovascularization in mice,KANG; RHO,KANG; RHO,2014,2014,98.85057471264368
same_work,case,10.1111/j.1755-3768.2014.f057.x,antiangiogenic effect of als‐l1023 on experimental choroidal neovascularization in mice,Antiangiogenic effect of ALS‐L1023 on experimental choroidal neovascularization in mice,KANG; RHO,KANG; RHO,2014,2014,100.0
same_work,punctuation,10.1111/j.1755-3768.2014.f057.x,Antiangiogenic effect of ALSL1023 on experimental choroidal neovascularization in mice,Antiangiogenic effect of ALS‐L1023 on experimental choroidal neovascularization in mice,KANG; RHO,KANG; RHO,2014,2014,99.42196531791907
same_work,opening_words,10.1111/j.1755-3768.2014.f057.x,Antiangiogenic effect of ALS‐L1023,Antiangiogenic effect of ALS‐L1023 on experimental choroidal neovascularization in mice,KANG; RHO,KANG; RHO,2014,2014,100.0
same_work,compound,10.1111/j.1755-3768.2014.f057.x,Antiangiogenic effect of ALSL1023 on expermiental,Antiangiogenic effect of ALS‐L1023 on experimental choroidal neovascularization in mice,KANG; RHO,KANG; RHO,2014,2014,71.05263157894737
same_work,identity,10.5565/rev/aiet.2,2012: La segona recessió,2012: La segona recessió,Recio Andreu,Recio Andreu,2013,2013,100.0
same_work,typo,10.5565/rev/aiet.2,2012: La segon arecessió,2012: La segona recessió,Recio Andreu,Recio Andreu,2013,2013,95.65217391304348
same_work,case,10.5565/rev/aiet.2,2012: LA SEGONA RECESSIÓ,2012: La segona recessió,Recio Andreu,Recio Andreu,2013,2013,100.0
same_work,punctuation,10.5565/rev/aiet.2,2012 La segona recessió,2012: La segona recessió,Recio Andreu,Recio Andreu,2013,2013,100.0
same_work,compound,10.5565/rev/aiet.2,2012 La segona recessió,2012: La segona recessió,Recio Andreu,Recio Andreu,2013,2013,100.0
same_work,identity,10.19026/ajfst.5.3272,Analysis of Factors Influencing the Satisfaction Degree of Leisure Agricultural Parks Management Based on Binary Logistic Model,Analysis of Factors Influencing the Satisfaction Degree of Leisure Agricultural Parks Management Based on Binary Logistic Model,Zhang; Zhao,Zhang; Zhao,2013,2013,100.0
same_work,truncate,10.19026/ajfst.5.3272,Analysis of Factors Influencing the Satisfaction Degree of Leisure Agricultural Parks Management,Analysis of Factors Influencing the Satisfaction Degree of Leisure Agricultural Parks Management Based on Binary Logistic Model,Zhang; Zhao,Zhang; Zhao,2013,2013,100.0
same_work,typo,10.19026/ajfst.5.3272,Analysis of Factors Influencing the Satisfaction Dgeree of Leisure Agricultural Parks Management Based on Binary Logistic Model,Analysis of Factors Influencing the Satisfaction Degree of Leisure Agricultural Parks Management Based on Binary Logistic Model,Zhang; Zhao,Zhang; Zhao,2013,2013,99.19354838709677
same_work,case,10.19026/ajfst.5.3272,analysis of factors influencing the satisfaction degree of leisure agricultural parks management based on binary logistic model,Analysis of Factors Influencing the Satisfaction Degree of Leisure Agricultural Parks Management Based on Binary Logistic Model,Zhang; Zhao,Zhang; Zhao,2013,2013,100.0
same_work,opening_words,10.19026/ajfst.5.3272,Analysis of Factors Influencing the,Analysis of Factors Influencing the Satisfaction Degree of Leisure Agricultural Parks Management Based on Binary Logistic Model,Zhang; Zhao,Zhang; Zhao,2013,2013,100.0
same_work,compound,10.19026/ajfst.5.3272,Analysis of Factors Influencin gthe Satisfaction Degree of Leisure Agricultural,Analysis of Factors Influencing the Satisfaction Degree of Leisure Agricultural Parks Management Based on Binary Logistic Model,Zhang; Zhao,Zhang; Zhao,2013,2013,88.23529411764706
same_work,identity,10.7183/0002-7316.76.3.473,An Analysis of the Last 1000 Years Human Diet on Tutuila (American Samoa) Using Carbon and Nitrogen Stable Isotope Data,An Analysis of the Last 1000 Years Human Diet on Tutuila (American Samoa) Using Carbon and Nitrogen Stable Isotope Data,Valentin; Herrscher; Petchey,Valentin; Herrscher; Petchey; Addison,2011,2011,100.0
same_work,truncate,10.7183/0002-7316.76.3.473,An Analysis of the Last 1000 Years Human Diet on Tutuila (American Samoa),An Analysis of the Last 1000 Years Human Diet on Tutuila (American Samoa) Using Carbon and Nitrogen Stable Isotope Data,Valentin; Herrscher; Petchey,Valentin; Herrscher; Petchey; Addison,2011,2011,100.0
same_work,typo,10.7183/0002-7316.76.3.473,An Analysis o fthe Last 1000 Years Human Diet on Tutuila (American Samoa) Using Carbon and Nitrogen Stable Isotope Data,An Analysis of the Last 1000 Years Human Diet on Tutuila (American Samoa) Using Carbon and Nitrogen Stable Isotope Data,Valentin; Herrscher; Petchey,Valentin; Herrscher; Petchey; Addison,2011,2011,98.2905982905983
same_work,case,10.7183/0002-7316.76.3.473,AN ANALYSIS OF THE LAST 1000 YEARS HUMAN DIET ON TUTUILA (AMERICAN SAMOA) USING CARBON AND NITROGEN STABLE ISOTOPE DATA,An Analysis of the Last 1000 Years Human Diet on Tutuila (American Samoa) Using Carbon and Nitrogen Stable Isotope Data,Valentin; Herrscher; Petchey,Valentin; Herrscher; Petchey; Addison,2011,2011,100.0
same_work,punctuation,10.7183/0002-7316.76.3.473,An Analysis of the Last 1000 Years Human Diet on Tutuila American Samoa Using Carbon and Nitrogen Stable Isotope Data,An Analysis of the Last 1000 Years Human Diet on Tutuila (American Samoa) Using Carbon and Nitrogen Stable Isotope Data,Valentin; Herrscher; Petchey,Valentin; Herrscher; Petchey; Addison,2011,2011,100.0
same_work,opening_words,10.7183/0002-7316.76.3.473,An Analysis of the,An Analysis of the Last 1000 Years Human Diet on Tutuila (American Samoa) Using Carbon and Nitrogen Stable Isotope Data,Valentin; Herrscher; Petchey,Valentin; Herrscher; Petchey; Addison,2011,2011,100.0
same_work,compound,10.7183/0002-7316.76.3.473,An Analysis of the Last 1000 Years Human Die ton Tutuila American,An Analysis of the Last 1000 Years Human Diet on Tutuila (American Samoa) Using Carbon and Nitrogen Stable Isotope Data,Valentin; Herrscher; Petchey,Valentin; Herrscher; Petchey; Addison,2011,2011,93.44262295081967
same_work,identity,10.1017/s0003598x0006748x,"Paul Jacobsthal's<i>Early Celtic Art</i>, his anonymous co-author, and National Socialism: new evidence from the archives","Paul Jacobsthal's<i>Early Celtic Art</i>, his anonymous co-author, and National Socialism: new evidence from the archives",Crawford; Ulmschneider,Crawford; Ulmschneider,2011,2011,100.0
same_work,drop_subtitle,10.1017/s0003598x0006748x,"Paul Jacobsthal's<i>Early Celtic Art</i>, his anonymous co-author, and National Socialism","Paul Jacobsthal's<i>Early Celtic Art</i>, his anonymous co-author, and National Socialism: new evidence from the archives",Crawford; Ulmschneider,Crawford; Ulmschneider,2011,2011,100.0
same_work,truncate,10.1017/s0003598x0006748x,"Paul Jacobsthal's<i>Early Celtic Art</i>, his anonymous co-author, and National","Paul Jacobsthal's<i>Early Celtic Art</i>, his anonymous co-author, and National Socialism: new evidence from the archives",Crawford; Ulmschneider,Crawford; Ulmschneider,2011,2011,100.0
same_work,typo,10.1017/s0003598x0006748x,"Paul Jacobsthal's<i>Eraly Celtic Art</i>, his anonymous co-author, and National Socialism: new evidence from the archives","Paul Jacobsthal's<i>Early Celtic Art</i>, his anonymous co-author, and National Socialism: new evidence from the archives",Crawford; Ulmschneider,Crawford; Ulmschneider,2011,2011,99.12280701754386
same_work,case,10.1017/s0003598x0006748x,"PAUL JACOBSTHAL'S<I>EARLY CELTIC ART</I>, HIS ANONYMOUS CO-AUTHOR, AND NATIONAL SOCIALISM: NEW EVIDENCE FROM THE ARCHIVES","Paul Jacobsthal's<i>Early Celtic Art</i>, his anonymous co-author, and National Socialism: new evidence from the archives",Crawford; Ulmschneider,Crawford; Ulmschneider,2011,2011,100.0
same_work,punctuation,10.1017/s0003598x0006748x,Paul JacobsthalsiEarly Celtic Arti his anonymous coauthor and National Socialism new evidence from the archives,"Paul Jacobsthal's<i>Early Celtic Art</i>, his anonymous co-author, and National Socialism: new evidence from the archives",Crawford; Ulmschneider,Crawford; Ulmschneider,2011,2011,90.66666666666667
same_work,opening_words,10.1017/s0003598x0006748x,"Paul Jacobsthal's<i>Early Celtic Art</i>,","Paul Jacobsthal's<i>Early Celtic Art</i>, his anonymous co-author, and National Socialism: new evidence from the archives",Crawford; Ulmschneider,Crawford; Ulmschneider,2011,2011,100.0
same_work,compound,10.1017/s0003598x0006748x,Paul aJcobsthalsiEarly Celtic Arti his anonymous coauthor,"Paul Jacobsthal's<i>Early Celtic Art</i>, his anonymous co-author, and National Socialism: new evidence from the archives",Crawford; Ulmschneider,Crawford; Ulmschneider,2011,2011,60.97560975609756
same_work,identity,10.4028/www.scientific.net/amm.651-653.1460,Research on Evaluation of the City Environmental Pollution Based on Support Vector Machine,Research on Evaluation of the City Environmental Pollution Based on Support Vector Machine,Zhang; Yang,Zhang; Yang,2014,2014,100.0
same_work,truncate,10.4028/www.scientific.net/amm.651-653.1460,Research on Evaluation of the City Environmental Pollution Based,Research on Evaluation of the City Environmental Pollution Based on Support Vector Machine,Zhang; Yang,Zhang; Yang,2014,2014,100.0
same_work,typo,10.4028/www.scientific.net/amm.651-653.1460,Research on Evaluation of the iCty Environmental Pollution Based on Support Vector Machine,Research on Evaluation of the City Environmental Pollution Based on Support Vector Machine,Zhang; Yang,Zhang; Yang,2014,2014,98.85057471264368
same_work,case,10.4028/www.scientific.net/amm.651-653.1460,research on evaluation of the city environmental pollution based on support vector machine,Research on Evaluation of the City Environmental Pollution Based on Support Vector Machine,Zhang; Yang,Zhang; Yang,2014,2014,100.0
same_work,opening_words,10.4028/www.scientific.net/amm.651-653.1460,Research on Evaluation of,Research on Evaluation of the City Environmental Pollution Based on Support Vector Machine,Zhang; Yang,Zhang; Yang,2014,2014,100.0
same_work,compound,10.4028/www.scientific.net/amm.651-653.1460,Research on Evaluation of the City Environmetnal Pollution,Research on Evaluation of the City Environmental Pollution Based on Support Vector Machine,Zhang; Yang,Zhang; Yang,2014,2014,86.27450980392157
same_work,identity,10.4028/www.scientific.net/amr.424-425.1224,Effect Analysis of Different Exhaust Velocity on Fire Smoke Control in Subway Tunnel,Effect Analysis of Different Exhaust Velocity on Fire Smoke Control in Subway Tunnel,Han; Gao; Cong,Han; Gao; Cong,2012,2012,100.0
same_work,truncate,10.4028/www.scientific.net/amr.424-425.1224,Effect Analysis of Different Exhaust Velocity on Fire Smoke,Effect Analysis of Different Exhaust Velocity on Fire Smoke Control in Subway Tunnel,Han; Gao; Cong,Han; Gao; Cong,2012,2012,100.0
same_work,typo,10.4028/www.scientific.net/amr.424-425.1224,Effect Analysis of Different Exhaust Velocity on Fire Smoke Control in uSbway Tunnel,Effect Analysis of Different Exhaust Velocity on Fire Smoke Control in Subway Tunnel,Han; Gao; Cong,Han; Gao; Cong,2012,2012,98.80952380952381
same_work,case,10.4028/www.scientific.net/amr.424-425.1224,EFFECT ANALYSIS OF DIFFERENT EXHAUST VELOCITY ON FIRE SMOKE CONTROL IN SUBWAY TUNNEL,Effect Analysis of Different Exhaust Velocity on Fire Smoke Control in Subway Tunnel,Han; Gao; Cong,Han; Gao; Cong,2012,2012,100.0
same_work,opening_words,10.4028/www.scientific.net/amr.424-425.1224,Effect Analysis of Different,Effect Analysis of Different Exhaust Velocity on Fire Smoke Control in Subway Tunnel,Han; Gao; Cong,Han; Gao; Cong,2012,2012,100.0
same_work,compound,10.4028/www.scientific.net/amr.424-425.1224,Effect Analysis of Different Exhaust Veloicty on Fire Smoke,Effect Analysis of Different Exhaust Velocity on Fire Smoke Control in Subway Tunnel,Han; Gao; Cong,Han; Gao; Cong,2012,2012,91.74311926605505
same_work,identity,10.7547/0003-0538-104.3.287,A New Snowboard Injury Caused by “FLOW” Bindings,A New Snowboard Injury Caused by “FLOW” Bindings,Haverkamp; Hoornenborg; Maas,Haverkamp; Hoornenborg; Maas; Kerkhoffs,2014,2014,100.0
same_work,truncate,10.7547/0003-0538-104.3.287,A New Snowboard Injury Caused,A New Snowboard Injury Caused by “FLOW” Bindings,Haverkamp; Hoornenborg; Maas,Haverkamp; Hoornenborg; Maas; Kerkhoffs,2014,2014,100.0
same_work,typo,10.7547/0003-0538-104.3.287,A New Snowboard Ijnury Caused by “FLOW” Bindings,A New Snowboard Injury Caused by “FLOW” Bindings,Haverkamp; Hoornenborg; Maas,Haverkamp; Hoornenborg; Maas; Kerkhoffs,2014,2014,97.82608695652173
same_work,case,10.7547/0003-0538-104.3.287,a new snowboard injury caused by “flow” bindings,A New Snowboard Injury Caused by “FLOW” Bindings,Haverkamp; Hoornenborg; Maas,Haverkamp; Hoornenborg; Maas; Kerkhoffs,2014,2014,100.0
same_work,punctuation,10.7547/0003-0538-104.3.287,A New Snowboard Injury Caused by FLOW Bindings,A New Snowboard Injury Caused by “FLOW” Bindings,Haverkamp; Hoornenborg; Maas,Haverkamp; Hoornenborg; Maas; Kerkhoffs,2014,2014,100.0
same_work,compound,10.7547/0003-0538-104.3.287,A New Snowboard Inujry Caused,A New Snowboard Injury Caused by “FLOW” Bindings,Haverkamp; Hoornenborg; Maas,Haverkamp; Hoornenborg; Maas; Kerkhoffs,2014,2014,86.27450980392157
same_work,identity,10.1108/13612021211265854,Information overload in the context of apparel,Information overload in the context of apparel,Stanton; Paolo,Stanton; Paolo,2012,2012,100.0
same_work,typo,10.1108/13612021211265854,Information overload in the cotnext of apparel,Information overload in the context of apparel,Stanton; Paolo,Stanton; Paolo,2012,2012,97.82608695652173
same_work,case,10.1108/13612021211265854,information overload in the context of apparel,Information overload in the context of apparel,Stanton; Paolo,Stanton; Paolo,2012,2012,100.0
same_work,compound,10.1108/13612021211265854,Infomration overload in the context of apparel,Information overload in the context of apparel,Stanton; Paolo,Stanton; Paolo,2012,2012,97.82608695652173
same_work,identity,10.1049/el.2017.1949,Chaos theory‐based NHZ‐FH sequence set for quasi‐synchronous FHMA system,Chaos theory‐based NHZ‐FH sequence set for quasi‐synchronous FHMA system,Zeng; Liu,Zeng; Liu,2017,2017,100.0
same_work,truncate,10.1049/el.2017.1949,Chaos theory‐based NHZ‐FH sequence set for quasi‐synchronous,Chaos theory‐based NHZ‐FH sequence set for quasi‐synchronous FHMA system,Zeng; Liu,Zeng; Liu,2017,2017,100.0
same_work,typo,10.1049/el.2017.1949,Chaos theory‐based NHZ‐F Hsequence set for quasi‐synchronous FHMA system,Chaos theory‐based NHZ‐FH sequence set for quasi‐synchronous FHMA system,Zeng; Liu,Zeng; Liu,2017,2017,98.61111111111111
same_work,case,10.1049/el.2017.1949,CHAOS THEORY‐BASED NHZ‐FH SEQUENCE SET FOR QUASI‐SYNCHRONOUS FHMA SYSTEM,Chaos theory‐based NHZ‐FH sequence set for quasi‐synchronous FHMA system,Zeng; Liu,Zeng; Liu,2017,2017,100.0
same_work,punctuation,10.1049/el.2017.1949,Chaos theorybased NHZFH sequence set for quasisynchronous FHMA system,Chaos theory‐based NHZ‐FH sequence set for quasi‐synchronous FHMA system,Zeng; Liu,Zeng; Liu,2017,2017,87.94326241134752
same_work,opening_words,10.1049/el.2017.1949,Chaos theory‐based NHZ‐FH sequence,Chaos theory‐based NHZ‐FH sequence set for quasi‐synchronous FHMA system,Zeng; Liu,Zeng; Liu,2017,2017,100.0
same_work,compound,10.1049/el.2017.1949,Chaos theorybased NHZF Hsequence set,Chaos theory‐based NHZ‐FH sequence set for quasi‐synchronous FHMA system,Zeng; Liu,Zeng; Liu,2017,2017,53.7037037037037
same_work,identity,10.1149/ma2016-02/43/3193,(Invited) Discovery and Structural Design of New LEDs Phosphors,(Invited) Discovery and Structural Design of New LEDs Phosphors,Xia,Xia,2016,2016,100.0
same_work,truncate,10.1149/ma2016-02/43/3193,(Invited) Discovery and Structural Design,(Invited) Discovery and Structural Design of New LEDs Phosphors,Xia,Xia,2016,2016,100.0
same_work,typo,10.1149/ma2016-02/43/3193,(Invited) Discovery and Structural Design of New LEDs Phsophors,(Invited) Discovery and Structural Design of New LEDs Phosphors,Xia,Xia,2016,2016,98.36065573770492
same_work,case,10.1149/ma2016-02/43/3193,(invited) discovery and structural design of new leds phosphors,(Invited) Discovery and Structural Design of New LEDs Phosphors,Xia,Xia,2016,2016,100.0
same_work,punctuation,10.1149/ma2016-02/43/3193,Invited Discovery and Structural Design of New LEDs Phosphors,(Invited) Discovery and Structural Design of New LEDs Phosphors,Xia,Xia,2016,2016,100.0
same_work,opening_words,10.1149/ma2016-02/43/3193,(Invited) Discovery and Structural,(Invited) Discovery and Structural Design of New LEDs Phosphors,Xia,Xia,2016,2016,100.0
same_work,compound,10.1149/ma2016-02/43/3193,Invited Discovery and Srtuctural Design of,(Invited) Discovery and Structural Design of New LEDs Phosphors,Xia,Xia,2016,2016,84.93150684931507
same_work,identity,10.1108/jamr-12-2018-0112,Examining social capital and participation in networking sites,Examining social capital and participation in networking sites,Varshney; Rajwanshi,Varshney; Rajwanshi,2019,2019,100.0
same_work,truncate,10.1108/jamr-12-2018-0112,Examining social capital and participation,Examining social capital and participation in networking sites,Varshney; Rajwanshi,Varshney; Rajwanshi,2019,2019,100.0
same_work,typo,10.1108/jamr-12-2018-0112,Examining social capital and participation in entworking sites,Examining social capital and participation in networking sites,Varshney; Rajwanshi,Varshney; Rajwanshi,2019,2019,98.38709677419355
same_work,case,10.1108/jamr-12-2018-0112,EXAMINING SOCIAL CAPITAL AND PARTICIPATION IN NETWORKING SITES,Examining social capital and participation in networking sites,Varshney; Rajwanshi,Varshney; Rajwanshi,2019,2019,100.0
same_work,compound,10.1108/jamr-12-2018-0112,Examining social caiptal and participation in,Examining social capital and participation in networking sites,Varshney; Rajwanshi,Varshney; Rajwanshi,2019,2019,90.2439024390244
same_work,identity,10.1680/jgein.18.00035,Failure investigation of a geosynthetic-reinforced soil slope subjected to rainfall,Failure investigation of a geosynthetic-reinforced soil slope subjected to rainfall,Yang; Thuo; Chen,Yang; Thuo; Chen; Liu,2019,2019,100.0
same_work,truncate,10.1680/jgein.18.00035,Failure investigation of a geosynthetic-reinforced soil slope,Failure investigation of a geosynthetic-reinforced soil slope subjected to rainfall,Yang; Thuo; Chen,Yang; Thuo; Chen; Liu,2019,2019,100.0
same_work,typo,10.1680/jgein.18.00035,Failure investigation of a geosynthetic-reinforced soil slope subjected to ranifall,Failure investigation of a geosynthetic-reinforced soil slope subjected to rainfall,Yang; Thuo; Chen,Yang; Thuo; Chen; Liu,2019,2019,98.79518072289157
same_work,case,10.1680/jgein.18.00035,FAILURE INVESTIGATION OF A GEOSYNTHETIC-REINFORCED SOIL SLOPE SUBJECTED TO RAINFALL,Failure investigation of a geosynthetic-reinforced soil slope subjected to rainfall,Yang; Thuo; Chen,Yang; Thuo; Chen; Liu,2019,2019,100.0
same_work,punctuation,10.1680/jgein.18.00035,Failure investigation of a geosyntheticreinforced soil slope subjected to rainfall,Failure investigation of a geosynthetic-reinforced soil slope subjected to rainfall,Yang; Thuo; Chen,Yang; Thuo; Chen; Liu,2019,2019,99.39393939393939
same_work,opening_words,10.1680/jgein.18.00035,Failure investigation of a,Failure investigation of a geosynthetic-reinforced soil slope subjected to rainfall,Yang; Thuo; Chen,Yang; Thuo; Chen; Liu,2019,2019,100.0
same_work,compound,10.1680/jgein.18.00035,Failure investigation of a egosyntheticreinforced soil,Failure investigation of a geosynthetic-reinforced soil slope subjected to rainfall,Yang; Thuo; Chen,Yang; Thuo; Chen; Liu,2019,2019,77.37226277372262
same_work,identity,10.1186/s40691-018-0149-x,Feasibility and user experience of virtual reality fashion stores,Feasibility and user experience of virtual reality fashion stores,Park; Im; Kim,Park; Im; Kim,2018,2018,100.0
same_work,truncate,10.1186/s40691-018-0149-x,Feasibility and user experience of,Feasibility and user experience of virtual reality fashion stores,Park; Im; Kim,Park; Im; Kim,2018,2018,100.0
same_work,typo,10.1186/s40691-018-0149-x,Feasibility nad user experience of virtual reality fashion stores,Feasibility and user experience of virtual reality fashion stores,Park; Im; Kim,Park; Im; Kim,2018,2018,98.46153846153847
same_work,case,10.1186/s40691-018-0149-x,feasibility and user experience of virtual reality fashion stores,Feasibility and user experience of virtual reality fashion stores,Park; Im; Kim,Park; Im; Kim,2018,2018,100.0
same_work,opening_words,10.1186/s40691-018-0149-x,Feasibility and user experience of,Feasibility and user experience of virtual reality fashion stores,Park; Im; Kim,Park; Im; Kim,2018,2018,100.0
same_work,compound,10.1186/s40691-018-0149-x,Feasibility and user expereince of,Feasibility and user experience of virtual reality fashion stores,Park; Im; Kim,Park; Im; Kim,2018,2018,80.7017543859649
same_work,identity,10.1161/hypertensionaha.115.06415,Lanosterol Synthase Gene Polymorphisms and Changes in Endogenous Ouabain in the Response to Low Sodium Intake,Lanosterol Synthase Gene Polymorphisms and Changes in Endogenous Ouabain in the Response to Low Sodium Intake,Lanzani; Gatti; Citterio,Lanzani; Gatti; Citterio; Messaggio; Delli Carpini; Simonini; Casamassima; Zagato; Brioni; Hamlyn; Manunta,2016,2016,100.0
same_work,truncate,10.1161/hypertensionaha.115.06415,Lanosterol Synthase Gene Polymorphisms and Changes in Endogenous Ouabain,Lanosterol Synthase Gene Polymorphisms and Changes in Endogenous Ouabain in the Response to Low Sodium Intake,Lanzani; Gatti; Citterio,Lanzani; Gatti; Citterio; Messaggio; Delli Carpini; Simonini; Casamassima; Zagato; Brioni; Hamlyn; Manunta,2016,2016,100.0
same_work,typo,10.1161/hypertensionaha.115.06415,Lanosterol Synthase Gene Polymorphisms and Changes in Endogenous Ouabain in the Response to Low Soidum Intake,Lanosterol Synthase Gene Polymorphisms and Changes in Endogenous Ouabain in the Response to Low Sodium Intake,Lanzani; Gatti; Citterio,Lanzani; Gatti; Citterio; Messaggio; Delli Carpini; Simonini; Casamassima; Zagato; Brioni; Hamlyn; Manunta,2016,2016,99.05660377358491
same_work,case,10.1161/hypertensionaha.115.06415,LANOSTEROL SYNTHASE GENE POLYMORPHISMS AND CHANGES IN ENDOGENOUS OUABAIN IN THE RESPONSE TO LOW SODIUM INTAKE,Lanosterol Synthase Gene Polymorphisms and Changes in Endogenous Ouabain in the Response to Low Sodium Intake,Lanzani; Gatti; Citterio,Lanzani; Gatti; Citterio; Messaggio; Delli Carpini; Simonini; Casamassima; Zagato; Brioni; Hamlyn; Manunta,2016,2016,100.0
same_work,opening_words,10.1161/hypertensionaha.115.06415,Lanosterol Synthase Gene Polymorphisms,Lanosterol Synthase Gene Polymorphisms and Changes in Endogenous Ouabain in the Response to Low Sodium Intake,Lanzani; Gatti; Citterio,Lanzani; Gatti; Citterio; Messaggio; Delli Carpini; Simonini; Casamassima; Zagato; Brioni; Hamlyn; Manunta,2016,2016,100.0
same_work,compound,10.1161/hypertensionaha.115.06415,Lanosterol Synthase Gnee Polymorphisms and Changes in Endogenous Ouabain in the,Lanosterol Synthase Gene Polymorphisms and Changes in Endogenous Ouabain in the Response to Low Sodium Intake,Lanzani; Gatti; Citterio,Lanzani; Gatti; Citterio; Messaggio; Delli Carpini; Simonini; Casamassima; Zagato; Brioni; Hamlyn; Manunta,2016,2016,96.59863945578232
same_work,identity,10.3139/104.111578,PSS 4.0 – Einflüsse von Industrie 4.0 auf Produkt-Service Systeme,PSS 4.0 – Einflüsse von Industrie 4.0 auf Produkt-Service Systeme,Aurich; Kölsch; Herder,Aurich; Kölsch; Herder; Mert,2016,2016,100.0
same_work,truncate,10.3139/104.111578,PSS 4.0 – Einflüsse von Industrie,PSS 4.0 – Einflüsse von Industrie 4.0 auf Produkt-Service Systeme,Aurich; Kölsch; Herder,Aurich; Kölsch; Herder; Mert,2016,2016,100.0
same_work,typo,10.3139/104.111578,PSS 4.0 – Einflüses von Industrie 4.0 auf Produkt-Service Systeme,PSS 4.0 – Einflüsse von Industrie 4.0 auf Produkt-Service Systeme,Aurich; Kölsch; Herder,Aurich; Kölsch; Herder; Mert,2016,2016,98.30508474576271
same_work,case,10.3139/104.111578,pss 4.0 – einflüsse von industrie 4.0 auf produkt-service systeme,PSS 4.0 – Einflüsse von Industrie 4.0 auf Produkt-Service Systeme,Aurich; Kölsch; Herder,Aurich; Kölsch; Herder; Mert,2016,2016,100.0
same_work,punctuation,10.3139/104.111578,PSS 40  Einflüsse von Industrie 40 auf ProduktService Systeme,PSS 4.0 – Einflüsse von Industrie 4.0 auf Produkt-Service Systeme,Aurich; Kölsch; Herder,Aurich; Kölsch; Herder; Mert,2016,2016,96.55172413793103
same_work,opening_words,10.3139/104.111578,PSS 4.0 – Einflüsse,PSS 4.0 – Einflüsse von Industrie 4.0 auf Produkt-Service Systeme,Aurich; Kölsch; Herder,Aurich; Kölsch; Herder; Mert,2016,2016,100.0
same_work,compound,10.3139/104.111578,PSS 40  Einflüss evon Industrie 40,PSS 4.0 – Einflüsse von Industrie 4.0 auf Produkt-Service Systeme,Aurich; Kölsch; Herder,Aurich; Kölsch; Herder; Mert,2016,2016,65.16853932584269
same_work,identity,10.24320/redie.2018.20.1.1497,Representaciones sociales: el significado de la educación física para los estudiantes de esa disciplina,Representaciones sociales: el significado de la educación física para los estudiantes de esa disciplina,Caniuqueo Vargas; Hernández-Mosqueira; Troyano Agredo,Caniuqueo Vargas; Hernández-Mosqueira; Troyano Agredo; Riquelme Uribe; Vargas; Vargas Vitoria; Fernandes Filho,2018,2018,100.0
same_work,drop_subtitle,10.24320/redie.2018.20.1.1497,Representaciones sociales,Representaciones sociales: el significado de la educación física para los estudiantes de esa disciplina,Caniuqueo Vargas; Hernández-Mosqueira; Troyano Agredo,Caniuqueo Vargas; Hernández-Mosqueira; Troyano Agredo; Riquelme Uribe; Vargas; Vargas Vitoria; Fernandes Filho,2018,2018,100.0
same_work,truncate,10.24320/redie.2018.20.1.1497,Representaciones sociales: el significado de la educación física para los,Representaciones sociales: el significado de la educación física para los estudiantes de esa disciplina,Caniuqueo Vargas; Hernández-Mosqueira; Troyano Agredo,Caniuqueo Vargas; Hernández-Mosqueira; Troyano Agredo; Riquelme Uribe; Vargas; Vargas Vitoria; Fernandes Filho,2018,2018,100.0
same_work,typo,10.24320/redie.2018.20.1.1497,Representaciones sociales: el significado de la educación física paar los estudiantes de esa disciplina,Representaciones sociales: el significado de la educación física para los estudiantes de esa disciplina,Caniuqueo Vargas; Hernández-Mosqueira; Troyano Agredo,Caniuqueo Vargas; Hernández-Mosqueira; Troyano Agredo; Riquelme Uribe; Vargas; Vargas Vitoria; Fernandes Filho,2018,2018,98.98989898989899
same_work,case,10.24320/redie.2018.20.1.1497,REPRESENTACIONES SOCIALES: EL SIGNIFICADO DE LA EDUCACIÓN FÍSICA PARA LOS ESTUDIANTES DE ESA DISCIPLINA,Representaciones sociales: el significado de la educación física para los estudiantes de esa disciplina,Caniuqueo Vargas; Hernández-Mosqueira; Troyano Agredo,Caniuqueo Vargas; Hernández-Mosqueira; Troyano Agredo; Riquelme Uribe; Vargas; Vargas Vitoria; Fernandes Filho,2018,2018,100.0
same_work,punctuation,10.24320/redie.2018.20.1.1497,Representaciones sociales el significado de la educación física para los estudiantes de esa disciplina,Representaciones sociales: el significado de la educación física para los estudiantes de esa disciplina,Caniuqueo Vargas; Hernández-Mosqueira; Troyano Agredo,Caniuqueo Vargas; Hernández-Mosqueira; Troyano Agredo; Riquelme Uribe; Vargas; Vargas Vitoria; Fernandes Filho,2018,2018,100.0
same_work,opening_words,10.24320/redie.2018.20.1.1497,Representaciones sociales: el significado,Representaciones sociales: el significado de la educación física para los estudiantes de esa disciplina,Caniuqueo Vargas; Hernández-Mosqueira; Troyano Agredo,Caniuqueo Vargas; Hernández-Mosqueira; Troyano Agredo; Riquelme Uribe; Vargas; Vargas Vitoria; Fernandes Filho,2018,2018,100.0
same_work,compound,10.24320/redie.2018.20.1.1497,Represnetaciones sociales,Representaciones sociales: el significado de la educación física para los estudiantes de esa disciplina,Caniuqueo Vargas; Hernández-Mosqueira; Troyano Agredo,Caniuqueo Vargas; Hernández-Mosqueira; Troyano Agredo; Riquelme Uribe; Vargas; Vargas Vitoria; Fernandes Filho,2018,2018,48.484848484848484
same_work,identity,10.51206/e-legis.v12i30.511,MÉTODOS DE ANÁLISE AUTOMATIZADA DE CONTEÚDO  APLICADOS AOS DISCURSOS PARLAMENTARES,MÉTODOS DE ANÁLISE AUTOMATIZADA DE CONTEÚDO  APLICADOS AOS DISCURSOS PARLAMENTARES,Vieira,Vieira,2019,2019,100.0
same_work,truncate,10.51206/e-legis.v12i30.511,MÉTODOS DE ANÁLISE AUTOMATIZADA DE CONTEÚDO APLICADOS,MÉTODOS DE ANÁLISE AUTOMATIZADA DE CONTEÚDO  APLICADOS AOS DISCURSOS PARLAMENTARES,Vieira,Vieira,2019,2019,100.0
same_work,typo,10.51206/e-legis.v12i30.511,MÉTODOS ED ANÁLISE AUTOMATIZADA DE CONTEÚDO  APLICADOS AOS DISCURSOS PARLAMENTARES,MÉTODOS DE ANÁLISE AUTOMATIZADA DE CONTEÚDO  APLICADOS AOS DISCURSOS PARLAMENTARES,Vieira,Vieira,2019,2019,100.0
same_work,case,10.51206/e-legis.v12i30.511,MÉTODOS DE ANÁLISE AUTOMATIZADA DE CONTEÚDO  APLICADOS AOS DISCURSOS PARLAMENTARES,MÉTODOS DE ANÁLISE AUTOMATIZADA DE CONTEÚDO  APLICADOS AOS DISCURSOS PARLAMENTARES,Vieira,Vieira,2019,2019,100.0
same_work,opening_words,10.51206/e-legis.v12i30.511,MÉTODOS DE ANÁLISE AUTOMATIZADA,MÉTODOS DE ANÁLISE AUTOMATIZADA DE CONTEÚDO  APLICADOS AOS DISCURSOS PARLAMENTARES,Vieira,Vieira,2019,2019,100.0
same_work,compound,10.51206/e-legis.v12i30.511,MÉTODOS DE ANÁLISE AUTOMATIZADA DE OCNTEÚDO APLICADOS,MÉTODOS DE ANÁLISE AUTOMATIZADA DE CONTEÚDO  APLICADOS AOS DISCURSOS PARLAMENTARES,Vieira,Vieira,2019,2019,90.1098901098901
same_work,identity,10.3390/a12050108,Real-Time Arm Gesture Recognition Using 3D Skeleton Joint Data,Real-Time Arm Gesture Recognition Using 3D Skeleton Joint Data,Paraskevopoulos; Spyrou; Sgouropoulos,Paraskevopoulos; Spyrou; Sgouropoulos; Giannakopoulos; Mylonas,2019,2019,100.0
same_work,truncate,10.3390/a12050108,Real-Time Arm Gesture Recognition Using 3D,Real-Time Arm Gesture Recognition Using 3D Skeleton Joint Data,Paraskevopoulos; Spyrou; Sgouropoulos,Paraskevopoulos; Spyrou; Sgouropoulos; Giannakopoulos; Mylonas,2019,2019,100.0
same_work,typo,10.3390/a12050108,Real-Time Arm Gesture Recognition Using 3D Skeleotn Joint Data,Real-Time Arm Gesture Recognition Using 3D Skeleton Joint Data,Paraskevopoulos; Spyrou; Sgouropoulos,Paraskevopoulos; Spyrou; Sgouropoulos; Giannakopoulos; Mylonas,2019,2019,98.38709677419355
same_work,case,10.3390/a12050108,REAL-TIME ARM GESTURE RECOGNITION USING 3D SKELETON JOINT DATA,Real-Time Arm Gesture Recognition Using 3D Skeleton Joint Data,Paraskevopoulos; Spyrou; Sgouropoulos,Paraskevopoulos; Spyrou; Sgouropoulos; Giannakopoulos; Mylonas,2019,2019,100.0
same_work,punctuation,10.3390/a12050108,RealTime Arm Gesture Recognition Using 3D Skeleton Joint Data,Real-Time Arm Gesture Recognition Using 3D Skeleton Joint Data,Paraskevopoulos; Spyrou; Sgouropoulos,Paraskevopoulos; Spyrou; Sgouropoulos; Giannakopoulos; Mylonas,2019,2019,99.1869918699187
same_work,opening_words,10.3390/a12050108,Real-Time Arm Gesture Recognition Using,Real-Time Arm Gesture Recognition Using 3D Skeleton Joint Data,Paraskevopoulos; Spyrou; Sgouropoulos,Paraskevopoulos; Spyrou; Sgouropoulos; Giannakopoulos; Mylonas,2019,2019,100.0
same_work,compound,10.3390/a12050108,RealTime Arm Gesture Recognition sUing,Real-Time Arm Gesture Recognition Using 3D Skeleton Joint Data,Paraskevopoulos; Spyrou; Sgouropoulos,Paraskevopoulos; Spyrou; Sgouropoulos; Giannakopoulos; Mylonas,2019,2019,75.40983606557377
same_work,identity,10.14710/ik.ijms.24.1.1-6,Nutrient Composition of Dried Seaweed Gracilaria gracilis,Nutrient Composition of Dried Seaweed Gracilaria gracilis,Rasyid; Ardiansyah; Pangestuti,Rasyid; Ardiansyah; Pangestuti,2019,2019,100.0
same_work,typo,10.14710/ik.ijms.24.1.1-6,Nutrient Composition of Dried Seawee dGracilaria gracilis,Nutrient Composition of Dried Seaweed Gracilaria gracilis,Rasyid; Ardiansyah; Pangestuti,Rasyid; Ardiansyah; Pangestuti,2019,2019,98.24561403508773
same_work,case,10.14710/ik.ijms.24.1.1-6,nutrient composition of dried seaweed gracilaria gracilis,Nutrient Composition of Dried Seaweed Gracilaria gracilis,Rasyid; Ardiansyah; Pangestuti,Rasyid; Ardiansyah; Pangestuti,2019,2019,100.0
same_work,compound,10.14710/ik.ijms.24.1.1-6,Nutrient Compositino of Dried Seaweed Gracilaria gracilis,Nutrient Composition of Dried Seaweed Gracilaria gracilis,Rasyid; Ardiansyah; Pangestuti,Rasyid; Ardiansyah; Pangestuti,2019,2019,98.24561403508773
same_work,identity,10.1149/ma2016-02/3/402,LiVxFeyPO<sub>4</sub>f Nanostructure Cathodes for Lithium Ion Batteries,LiVxFeyPO<sub>4</sub>f Nanostructure Cathodes for Lithium Ion Batteries,Channu; Thanedar,Channu; Thanedar,2016,2016,100.0
same_work,typo,10.1149/ma2016-02/3/402,LiVxFeyPO<sub>4</sub>f Nanostructure Cathodes for Lithium Ion Batteries,LiVxFeyPO<sub>4</sub>f Nanostructure Cathodes for Lithium Ion Batteries,Channu; Thanedar,Channu; Thanedar,2016,2016,100.0
same_work,case,10.1149/ma2016-02/3/402,livxfeypo<sub>4</sub>f nanostructure cathodes for lithium ion batteries,LiVxFeyPO<sub>4</sub>f Nanostructure Cathodes for Lithium Ion Batteries,Channu; Thanedar,Channu; Thanedar,2016,2016,100.0
same_work,punctuation,10.1149/ma2016-02/3/402,LiVxFeyPOsub4subf Nanostructure Cathodes for Lithium Ion Batteries,LiVxFeyPO<sub>4</sub>f Nanostructure Cathodes for Lithium Ion Batteries,Channu; Thanedar,Channu; Thanedar,2016,2016,92.42424242424242
same_work,compound,10.1149/ma2016-02/3/402,LiVFxeyPOsub4subf Nanostructure Cathodes for Lithium Ion Batteries,LiVxFeyPO<sub>4</sub>f Nanostructure Cathodes for Lithium Ion Batteries,Channu; Thanedar,Channu; Thanedar,2016,2016,90.9090909090909
same_work,identity,10.1158/1538-7445.am2017-1091,Abstract 1091: Paclitaxel-loaded microparticles in combination with gemcitabine-loaded microparticles decreases gemcitabine resistance and promotes cell death in pancreatic cancer cell lines,Abstract 1091: Paclitaxel-loaded microparticles in combination with gemcitabine-loaded microparticles decreases gemcitabine resistance and promotes cell death in pancreatic cancer cell lines,Munoz-Sagastibelza; Moshchinsky; Okome,Munoz-Sagastibelza; Moshchinsky; Okome; Sanchez; Gupta; Martello-Rooney,2017,2017,100.0
same_work,truncate,10.1158/1538-7445.am2017-1091,Abstract 1091: Paclitaxel-loaded microparticles in combination with gemcitabine-loaded microparticles decreases gemcitabine resistance and promotes cell,Abstract 1091: Paclitaxel-loaded microparticles in combination with gemcitabine-loaded microparticles decreases gemcitabine resistance and promotes cell death in pancreatic cancer cell lines,Munoz-Sagastibelza; Moshchinsky; Okome,Munoz-Sagastibelza; Moshchinsky; Okome; Sanchez; Gupta; Martello-Rooney,2017,2017,100.0
same_work,typo,10.1158/1538-7445.am2017-1091,Abstract 1091: Paclitaxel-loaded microparticles in combinatio nwith gemcitabine-loaded microparticles decreases gemcitabine resistance and promotes cell death in pancreatic cancer cell lines,Abstract 1091: Paclitaxel-loaded microparticles in combination with gemcitabine-loaded microparticles decreases gemcitabine resistance and promotes cell death in pancreatic cancer cell lines,Munoz-Sagastibelza; Moshchinsky; Okome,Munoz-Sagastibelza; Moshchinsky; Okome; Sanchez; Gupta; Martello-Rooney,2017,2017,99.31972789115646
same_work,case,10.1158/1538-7445.am2017-1091,ABSTRACT 1091: PACLITAXEL-LOADED MICROPARTICLES IN COMBINATION WITH GEMCITABINE-LOADED MICROPARTICLES DECREASES GEMCITABINE RESISTANCE AND PROMOTES CELL DEATH IN PANCREATIC CANCER CELL LINES,Abstract 1091: Paclitaxel-loaded microparticles in combination with gemcitabine-loaded microparticles decreases gemcitabine resistance and promotes cell death in pancreatic cancer cell lines,Munoz-Sagastibelza; Moshchinsky; Okome,Munoz-Sagastibelza; Moshchinsky; Okome; Sanchez; Gupta; Martello-Rooney,2017,2017,100.0
same_work,punctuation,10.1158/1538-7445.am2017-1091,Abstract 1091 Paclitaxelloaded microparticles in combination with gemcitabineloaded microparticles decreases gemcitabine resistance and promotes cell death in pancreatic cancer cell lines,Abstract 1091: Paclitaxel-loaded microparticles in combination with gemcitabine-loaded microparticles decreases gemcitabine resistance and promotes cell death in pancreatic cancer cell lines,Munoz-Sagastibelza; Moshchinsky; Okome,Munoz-Sagastibelza; Moshchinsky; Okome; Sanchez; Gupta; Martello-Rooney,2017,2017,94.53376205787781
same_work,opening_words,10.1158/1538-7445.am2017-1091,Abstract 1091: Paclitaxel-loaded microparticles,Abstract 1091: Paclitaxel-loaded microparticles in combination with gemcitabine-loaded microparticles decreases gemcitabine resistance and promotes cell death in pancreatic cancer cell lines,Munoz-Sagastibelza; Moshchinsky; Okome,Munoz-Sagastibelza; Moshchinsky; Okome; Sanchez; Gupta; Martello-Rooney,2017,2017,100.0
same_work,compound,10.1158/1538-7445.am2017-1091,Abstract 1091 Paclitaxelloaded microparticles in combination with gemcitabineloaded microparitcles decreases gemcitabine resistance and,Abstract 1091: Paclitaxel-loaded microparticles in combination with gemcitabine-loaded microparticles decreases gemcitabine resistance and promotes cell death in pancreatic cancer cell lines,Munoz-Sagastibelza; Moshchinsky; Okome,Munoz-Sagastibelza; Moshchinsky; Okome; Sanchez; Gupta; Martello-Rooney,2017,2017,78.72340425531915
same_work,identity,10.21697/pk.2017.60.2.02,Duszpasterstwo lotnictwa cywilnego. Wskazania pastoralno-kanoniczne,Duszpasterstwo lotnictwa cywilnego. Wskazania pastoralno-kanoniczne,NECEL,NECEL,2017,2017,100.0
same_work,typo,10.21697/pk.2017.60.2.02,Duszpasterstwo lotnictwa cywilnego. Wskazania patsoralno-kanoniczne,Duszpasterstwo lotnictwa cywilnego. Wskazania pastoralno-kanoniczne,NECEL,NECEL,2017,2017,98.48484848484848
same_work,case,10.21697/pk.2017.60.2.02,DUSZPASTERSTWO LOTNICTWA CYWILNEGO. WSKAZANIA PASTORALNO-KANONICZNE,Duszpasterstwo lotnictwa cywilnego. Wskazania pastoralno-kanoniczne,NECEL,NECEL,2017,2017,100.0
same_work,punctuation,10.21697/pk.2017.60.2.02,Duszpasterstwo lotnictwa cywilnego Wskazania pastoralnokanoniczne,Duszpasterstwo lotnictwa cywilnego. Wskazania pastoralno-kanoniczne,NECEL,NECEL,2017,2017,83.96946564885496
same_work,compound,10.21697/pk.2017.60.2.02,Duszpasterstwo lotnictwa cywilnego Wskazania pastoralnokanonicnze,Duszpasterstwo lotnictwa cywilnego. Wskazania pastoralno-kanoniczne,NECEL,NECEL,2017,2017,83.96946564885496
same_work,identity,10.1137/18m1176798,Projection-Based Finite Elements for Nonlinear Function Spaces,Projection-Based Finite Elements for Nonlinear Function Spaces,Grohs; Hardering; Sander,Grohs; Hardering; Sander; Sprecher,2019,2019,100.0
same_work,typo,10.1137/18m1176798,Projcetion-Based Finite Elements for Nonlinear Function Spaces,Projection-Based Finite Elements for Nonlinear Function Spaces,Grohs; Hardering; Sander,Grohs; Hardering; Sander; Sprecher,2019,2019,98.38709677419355
same_work,case,10.1137/18m1176798,projection-based finite elements for nonlinear function spaces,Projection-Based Finite Elements for Nonlinear Function Spaces,Grohs; Hardering; Sander,Grohs; Hardering; Sander; Sprecher,2019,2019,100.0
same_work,punctuation,10.1137/18m1176798,ProjectionBased Finite Elements for Nonlinear Function Spaces,Projection-Based Finite Elements for Nonlinear Function Spaces,Grohs; Hardering; Sander,Grohs; Hardering; Sander; Sprecher,2019,2019,91.0569105691057
same_work,compound,10.1137/18m1176798,ProjectionBased Finite Element sfor Nonlinear Function Spaces,Projection-Based Finite Elements for Nonlinear Function Spaces,Grohs; Hardering; Sander,Grohs; Hardering; Sander; Sprecher,2019,2019,82.92682926829268
same_work,identity,10.1088/1361-6560/aa84d6,Comparison of region-of-interest-averaged and pixel-averaged analysis of DCE-MRI data based on simulations and pre-clinical experiments,Comparison of region-of-interest-averaged and pixel-averaged analysis of DCE-MRI data based on simulations and pre-clinical experiments,He; Zamora; Oto,He; Zamora; Oto; Karczmar; Fan,2017,2017,100.0
same_work,truncate,10.1088/1361-6560/aa84d6,Comparison of region-of-interest-averaged and pixel-averaged analysis of DCE-MRI data based,Comparison of region-of-interest-averaged and pixel-averaged analysis of DCE-MRI data based on simulations and pre-clinical experiments,He; Zamora; Oto,He; Zamora; Oto; Karczmar; Fan,2017,2017,100.0
same_work,typo,10.1088/1361-6560/aa84d6,Comparison of region-of-niterest-averaged and pixel-averaged analysis of DCE-MRI data based on simulations and pre-clinical experiments,Comparison of region-of-interest-averaged and pixel-averaged analysis of DCE-MRI data based on simulations and pre-clinical experiments,He; Zamora; Oto,He; Zamora; Oto; Karczmar; Fan,2017,2017,99.13793103448276
same_work,case,10.1088/1361-6560/aa84d6,comparison of region-of-interest-averaged and pixel-averaged analysis of dce-mri data based on simulations and pre-clinical experiments,Comparison of region-of-interest-averaged and pixel-averaged analysis of DCE-MRI data based on simulations and pre-clinical experiments,He; Zamora; Oto,He; Zamora; Oto; Karczmar; Fan,2017,2017,100.0
same_work,punctuation,10.1088/1361-6560/aa84d6,Comparison of regionofinterestaveraged and pixelaveraged analysis of DCEMRI data based on simulations and preclinical experiments,Comparison of region-of-interest-averaged and pixel-averaged analysis of DCE-MRI data based on simulations and pre-clinical experiments,He; Zamora; Oto,He; Zamora; Oto; Karczmar; Fan,2017,2017,79.83193277310924
same_work,opening_words,10.1088/1361-6560/aa84d6,Comparison of region-of-interest-averaged and pixel-averaged,Comparison of region-of-interest-averaged and pixel-averaged analysis of DCE-MRI data based on simulations and pre-clinical experiments,He; Zamora; Oto,He; Zamora; Oto; Karczmar; Fan,2017,2017,100.0
same_work,compound,10.1088/1361-6560/aa84d6,Comparison of regionofinterestaevraged and pixelaveraged analysis of DCEMRI data based,Comparison of region-of-interest-averaged and pixel-averaged analysis of DCE-MRI data based on simulations and pre-clinical experiments,He; Zamora; Oto,He; Zamora; Oto; Karczmar; Fan,2017,2017,62.311557788944725
same_work,identity,10.1093/asj/sjz004,Microdermal Grafting for Color Regeneration of White Scars,Microdermal Grafting for Color Regeneration of White Scars,Tsao; Yang; Lin,Tsao; Yang; Lin,2019,2019,100.0
same_work,truncate,10.1093/asj/sjz004,Microdermal Grafting for Color Regeneration of,Microdermal Grafting for Color Regeneration of White Scars,Tsao; Yang; Lin,Tsao; Yang; Lin,2019,2019,100.0
same_work,typo,10.1093/asj/sjz004,Microdermal Grafting for Color Regeneration of Whtie Scars,Microdermal Grafting for Color Regeneration of White Scars,Tsao; Yang; Lin,Tsao; Yang; Lin,2019,2019,98.27586206896552
same_work,case,10.1093/asj/sjz004,MICRODERMAL GRAFTING FOR COLOR REGENERATION OF WHITE SCARS,Microdermal Grafting for Color Regeneration of White Scars,Tsao; Yang; Lin,Tsao; Yang; Lin,2019,2019,100.0
same_work,compound,10.1093/asj/sjz004,Microdermal Grafting for Color Regeenration,Microdermal Grafting for Color Regeneration of White Scars,Tsao; Yang; Lin,Tsao; Yang; Lin,2019,2019,83.16831683168317
same_work,identity,10.70484/vakki.149227,Tulkitse kuva! Eleet ja ilmeet sarjakuvassa,Tulkitse kuva! Eleet ja ilmeet sarjakuvassa,Pitkäsalo,Pitkäsalo,2016,2016,100.0
same_work,typo,10.70484/vakki.149227,Tulkitse kuva! Eleet aj ilmeet sarjakuvassa,Tulkitse kuva! Eleet ja ilmeet sarjakuvassa,Pitkäsalo,Pitkäsalo,2016,2016,97.61904761904762
same_work,case,10.70484/vakki.149227,tulkitse kuva! eleet ja ilmeet sarjakuvassa,Tulkitse kuva! Eleet ja ilmeet sarjakuvassa,Pitkäsalo,Pitkäsalo,2016,2016,100.0
same_work,punctuation,10.70484/vakki.149227,Tulkitse kuva Eleet ja ilmeet sarjakuvassa,Tulkitse kuva! Eleet ja ilmeet sarjakuvassa,Pitkäsalo,Pitkäsalo,2016,2016,100.0
same_work,compound,10.70484/vakki.149227,Tulkitse kuva Eleet ja ilmee tsarjakuvassa,Tulkitse kuva! Eleet ja ilmeet sarjakuvassa,Pitkäsalo,Pitkäsalo,2016,2016,97.61904761904762
same_work,identity,10.3126/ijasbt.v3i1.11703,Physico Chemical Analysis of Sapota (Manilkara zapota) Coated by Edible Aloe Vera Gel,Physico Chemical Analysis of Sapota (Manilkara zapota) Coated by Edible Aloe Vera Gel,Padmaja; Don Bosco; Rao,Padmaja; Don Bosco; Rao,2015,2015,100.0
same_work,truncate,10.3126/ijasbt.v3i1.11703,Physico Chemical Analysis of Sapota (Manilkara zapota) Coated by,Physico Chemical Analysis of Sapota (Manilkara zapota) Coated by Edible Aloe Vera Gel,Padmaja; Don Bosco; Rao,Padmaja; Don Bosco; Rao,2015,2015,100.0
same_work,typo,10.3126/ijasbt.v3i1.11703,Phsyico Chemical Analysis of Sapota (Manilkara zapota) Coated by Edible Aloe Vera Gel,Physico Chemical Analysis of Sapota (Manilkara zapota) Coated by Edible Aloe Vera Gel,Padmaja; Don Bosco; Rao,Padmaja; Don Bosco; Rao,2015,2015,98.79518072289157
same_work,case,10.3126/ijasbt.v3i1.11703,PHYSICO CHEMICAL ANALYSIS OF SAPOTA (MANILKARA ZAPOTA) COATED BY EDIBLE ALOE VERA GEL,Physico Chemical Analysis of Sapota (Manilkara zapota) Coated by Edible Aloe Vera Gel,Padmaja; Don Bosco; Rao,Padmaja; Don Bosco; Rao,2015,2015,100.0
same_work,punctuation,10.3126/ijasbt.v3i1.11703,Physico Chemical Analysis of Sapota Manilkara zapota Coated by Edible Aloe Vera Gel,Physico Chemical Analysis of Sapota (Manilkara zapota) Coated by Edible Aloe Vera Gel,Padmaja; Don Bosco; Rao,Padmaja; Don Bosco; Rao,2015,2015,100.0
same_work,opening_words,10.3126/ijasbt.v3i1.11703,Physico Chemical Analysis of,Physico Chemical Analysis of Sapota (Manilkara zapota) Coated by Edible Aloe Vera Gel,Padmaja; Don Bosco; Rao,Padmaja; Don Bosco; Rao,2015,2015,100.0
same_work,compound,10.3126/ijasbt.v3i1.11703,Physico Cehmical Analysis of Sapota Manilkara zapota Coated by,Physico Chemical Analysis of Sapota (Manilkara zapota) Coated by Edible Aloe Vera Gel,Padmaja; Don Bosco; Rao,Padmaja; Don Bosco; Rao,2015,2015,92.17391304347827
same_work,identity,10.24865/ajas.v3i2.98,AL-MUSYKILÂT AL-TSAQÂFIYAH ALLATÎ TUJÂBAHU MUTA’ALLIMI AL-LUGHAH AL-‘ARABIYAH BI WASHFIHÂ LUGHAH TSÂNIYAH FÎ BILÂD AL-MALÂYÛ,AL-MUSYKILÂT AL-TSAQÂFIYAH ALLATÎ TUJÂBAHU MUTA’ALLIMI AL-LUGHAH AL-‘ARABIYAH BI WASHFIHÂ LUGHAH TSÂNIYAH FÎ BILÂD AL-MALÂYÛ,Abdalla,Abdalla,2018,2018,100.0
same_work,truncate,10.24865/ajas.v3i2.98,AL-MUSYKILÂT AL-TSAQÂFIYAH ALLATÎ TUJÂBAHU MUTA’ALLIMI AL-LUGHAH AL-‘ARABIYAH BI,AL-MUSYKILÂT AL-TSAQÂFIYAH ALLATÎ TUJÂBAHU MUTA’ALLIMI AL-LUGHAH AL-‘ARABIYAH BI WASHFIHÂ LUGHAH TSÂNIYAH FÎ BILÂD AL-MALÂYÛ,Abdalla,Abdalla,2018,2018,100.0
same_work,typo,10.24865/ajas.v3i2.98,AL-MUSYKILÂT AL-TSAQÂFIYAH ALLATÎ TUJÂBAHU MUAT’ALLIMI AL-LUGHAH AL-‘ARABIYAH BI WASHFIHÂ LUGHAH TSÂNIYAH FÎ BILÂD AL-MALÂYÛ,AL-MUSYKILÂT AL-TSAQÂFIYAH ALLATÎ TUJÂBAHU MUTA’ALLIMI AL-LUGHAH AL-‘ARABIYAH BI WASHFIHÂ LUGHAH TSÂNIYAH FÎ BILÂD AL-MALÂYÛ,Abdalla,Abdalla,2018,2018,99.03846153846153
same_work,case,10.24865/ajas.v3i2.98,al-musykilât al-tsaqâfiyah allatî tujâbahu muta’allimi al-lughah al-‘arabiyah bi washfihâ lughah tsâniyah fî bilâd al-malâyû,AL-MUSYKILÂT AL-TSAQÂFIYAH ALLATÎ TUJÂBAHU MUTA’ALLIMI AL-LUGHAH AL-‘ARABIYAH BI WASHFIHÂ LUGHAH TSÂNIYAH FÎ BILÂD AL-MALÂYÛ,Abdalla,Abdalla,2018,2018,100.0
same_work,punctuation,10.24865/ajas.v3i2.98,ALMUSYKILÂT ALTSAQÂFIYAH ALLATÎ TUJÂBAHU MUTAALLIMI ALLUGHAH ALARABIYAH BI WASHFIHÂ LUGHAH TSÂNIYAH FÎ BILÂD ALMALÂYÛ,AL-MUSYKILÂT AL-TSAQÂFIYAH ALLATÎ TUJÂBAHU MUTA’ALLIMI AL-LUGHAH AL-‘ARABIYAH BI WASHFIHÂ LUGHAH TSÂNIYAH FÎ BILÂD AL-MALÂYÛ,Abdalla,Abdalla,2018,2018,83.2579185520362
same_work,opening_words,10.24865/ajas.v3i2.98,AL-MUSYKILÂT AL-TSAQÂFIYAH ALLATÎ TUJÂBAHU,AL-MUSYKILÂT AL-TSAQÂFIYAH ALLATÎ TUJÂBAHU MUTA’ALLIMI AL-LUGHAH AL-‘ARABIYAH BI WASHFIHÂ LUGHAH TSÂNIYAH FÎ BILÂD AL-MALÂYÛ,Abdalla,Abdalla,2018,2018,100.0
same_work,compound,10.24865/ajas.v3i2.98,ALMUSYKILÂT ALTSAQÂFIYAH ALLATÎ UTJÂBAHU MUTAALLIMI ALLUGHAH ALARABIYAH BI WASHFIHÂ,AL-MUSYKILÂT AL-TSAQÂFIYAH ALLATÎ TUJÂBAHU MUTA’ALLIMI AL-LUGHAH AL-‘ARABIYAH BI WASHFIHÂ LUGHAH TSÂNIYAH FÎ BILÂD AL-MALÂYÛ,Abdalla,Abdalla,2018,2018,75.93582887700535
same_work,identity,10.17816/jowd68351-60,Genital endometriosis and melatonin: a role in the pathogenesis and its possible use in the treatment of the disease,Genital endometriosis and melatonin: a role in the pathogenesis and its possible use in the treatment of the disease,Yarmolinskaya; Tkhazaplizheva; Molotkov,Yarmolinskaya; Tkhazaplizheva; Molotkov; Tkachenko; Borodina; Andreyeva; Kleymyonova; Lysenko,2019,2019,100.0
same_work,drop_subtitle,10.17816/jowd68351-60,Genital endometriosis and melatonin,Genital endometriosis and melatonin: a role in the pathogenesis and its possible use in the treatment of the disease,Yarmolinskaya; Tkhazaplizheva; Molotkov,Yarmolinskaya; Tkhazaplizheva; Molotkov; Tkachenko; Borodina; Andreyeva; Kleymyonova; Lysenko,2019,2019,100.0
same_work,truncate,10.17816/jowd68351-60,Genital endometriosis and melatonin: a role in the pathogenesis and its possible use,Genital endometriosis and melatonin: a role in the pathogenesis and its possible use in the treatment of the disease,Yarmolinskaya; Tkhazaplizheva; Molotkov,Yarmolinskaya; Tkhazaplizheva; Molotkov; Tkachenko; Borodina; Andreyeva; Kleymyonova; Lysenko,2019,2019,100.0
same_work,typo,10.17816/jowd68351-60,Genital endometriosis and melatonin: a role in the pathogenesis and its posisble use in the treatment of the disease,Genital endometriosis and melatonin: a role in the pathogenesis and its possible use in the treatment of the disease,Yarmolinskaya; Tkhazaplizheva; Molotkov,Yarmolinskaya; Tkhazaplizheva; Molotkov; Tkachenko; Borodina; Andreyeva; Kleymyonova; Lysenko,2019,2019,99.0
same_work,case,10.17816/jowd68351-60,genital endometriosis and melatonin: a role in the pathogenesis and its possible use in the treatment of the disease,Genital endometriosis and melatonin: a role in the pathogenesis and its possible use in the treatment of the disease,Yarmolinskaya; Tkhazaplizheva; Molotkov,Yarmolinskaya; Tkhazaplizheva; Molotkov; Tkachenko; Borodina; Andreyeva; Kleymyonova; Lysenko,2019,2019,100.0
same_work,punctuation,10.17816/jowd68351-60,Genital endometriosis and melatonin a role in the pathogenesis and its possible use in the treatment of the disease,Genital endometriosis and melatonin: a role in the pathogenesis and its possible use in the treatment of the disease,Yarmolinskaya; Tkhazaplizheva; Molotkov,Yarmolinskaya; Tkhazaplizheva; Molotkov; Tkachenko; Borodina; Andreyeva; Kleymyonova; Lysenko,2019,2019,100.0
same_work,opening_words,10.17816/jowd68351-60,Genital endometriosis and melatonin:,Genital endometriosis and melatonin: a role in the pathogenesis and its possible use in the treatment of the disease,Yarmolinskaya; Tkhazaplizheva; Molotkov,Yarmolinskaya; Tkhazaplizheva; Molotkov; Tkachenko; Borodina; Andreyeva; Kleymyonova; Lysenko,2019,2019,100.0
same_work,compound,10.17816/jowd68351-60,Genital endometirosis and melatonin,Genital endometriosis and melatonin: a role in the pathogenesis and its possible use in the treatment of the disease,Yarmolinskaya; Tkhazaplizheva; Molotkov,Yarmolinskaya; Tkhazaplizheva; Molotkov; Tkachenko; Borodina; Andreyeva; Kleymyonova; Lysenko,2019,2019,75.0
same_work,identity,10.59741/agraria.v13i1.557,"Formación y selección de genotipos sobresalientes de tomate en base a características de rendimiento y de calidad  del fruto, en invernadero","Formación y selección de genotipos sobresalientes de tomate en base a características de rendimiento y de calidad  del fruto, en invernadero",Ovando-Solís; Borrego-Escalante; López Benítez,Ovando-Solís; Borrego-Escalante; López Benítez; Benavides-Mendoza; Murillo-Soto,2016,2016,100.0
same_work,truncate,10.59741/agraria.v13i1.557,Formación y selección de genotipos sobresalientes de tomate en base a características de rendimiento y de,"Formación y selección de genotipos sobresalientes de tomate en base a características de rendimiento y de calidad  del fruto, en invernadero",Ovando-Solís; Borrego-Escalante; López Benítez,Ovando-Solís; Borrego-Escalante; López Benítez; Benavides-Mendoza; Murillo-Soto,2016,2016,100.0
same_work,typo,10.59741/agraria.v13i1.557,"Formación y selección de genotipos osbresalientes de tomate en base a características de rendimiento y de calidad  del fruto, en invernadero","Formación y selección de genotipos sobresalientes de tomate en base a características de rendimiento y de calidad  del fruto, en invernadero",Ovando-Solís; Borrego-Escalante; López Benítez,Ovando-Solís; Borrego-Escalante; López Benítez; Benavides-Mendoza; Murillo-Soto,2016,2016,99.19354838709677
same_work,case,10.59741/agraria.v13i1.557,"FORMACIÓN Y SELECCIÓN DE GENOTIPOS SOBRESALIENTES DE TOMATE EN BASE A CARACTERÍSTICAS DE RENDIMIENTO Y DE CALIDAD  DEL FRUTO, EN INVERNADERO","Formación y selección de genotipos sobresalientes de tomate en base a características de rendimiento y de calidad  del fruto, en invernadero",Ovando-Solís; Borrego-Escalante; López Benítez,Ovando-Solís; Borrego-Escalante; López Benítez; Benavides-Mendoza; Murillo-Soto,2016,2016,100.0
same_work,punctuation,10.59741/agraria.v13i1.557,Formación y selección de genotipos sobresalientes de tomate en base a características de rendimiento y de calidad  del fruto en invernadero,"Formación y selección de genotipos sobresalientes de tomate en base a características de rendimiento y de calidad  del fruto, en invernadero",Ovando-Solís; Borrego-Escalante; López Benítez,Ovando-Solís; Borrego-Escalante; López Benítez; Benavides-Mendoza; Murillo-Soto,2016,2016,100.0
same_work,opening_words,10.59741/agraria.v13i1.557,Formación y selección de genotipos,"Formación y selección de genotipos sobresalientes de tomate en base a características de rendimiento y de calidad  del fruto, en invernadero",Ovando-Solís; Borrego-Escalante; López Benítez,Ovando-Solís; Borrego-Escalante; López Benítez; Benavides-Mendoza; Murillo-Soto,2016,2016,100.0
same_work,compound,10.59741/agraria.v13i1.557,Formación y selección de genotipos sobresalientes de tomate en base a característcias de rendimiento,"Formación y selección de genotipos sobresalientes de tomate en base a características de rendimiento y de calidad  del fruto, en invernadero",Ovando-Solís; Borrego-Escalante; López Benítez,Ovando-Solís; Borrego-Escalante; López Benítez; Benavides-Mendoza; Murillo-Soto,2016,2016,90.69767441860465
same_work,identity,10.1155/2018/7258029,Estimation of Changes in Mechanical and Color Properties from the Weight Loss Data of “Shine Muscat” Fruit during Storage,Estimation of Changes in Mechanical and Color Properties from the Weight Loss Data of “Shine Muscat” Fruit during Storage,Watanabe; Nakamura; Ota,Watanabe; Nakamura; Ota; Shiina,2018,2018,100.0
same_work,truncate,10.1155/2018/7258029,Estimation of Changes in Mechanical and Color Properties from the Weight Loss Data of “Shine,Estimation of Changes in Mechanical and Color Properties from the Weight Loss Data of “Shine Muscat” Fruit during Storage,Watanabe; Nakamura; Ota,Watanabe; Nakamura; Ota; Shiina,2018,2018,100.0
same_work,typo,10.1155/2018/7258029,Estimation of Changes in Mechanical and Color Propertie sfrom the Weight Loss Data of “Shine Muscat” Fruit during Storage,Estimation of Changes in Mechanical and Color Properties from the Weight Loss Data of “Shine Muscat” Fruit during Storage,Watanabe; Nakamura; Ota,Watanabe; Nakamura; Ota; Shiina,2018,2018,95.6896551724138
same_work,case,10.1155/2018/7258029,estimation of changes in mechanical and color properties from the weight loss data of “shine muscat” fruit during storage,Estimation of Changes in Mechanical and Color Properties from the Weight Loss Data of “Shine Muscat” Fruit during Storage,Watanabe; Nakamura; Ota,Watanabe; Nakamura; Ota; Shiina,2018,2018,100.0
same_work,punctuation,10.1155/2018/7258029,Estimation of Changes in Mechanical and Color Properties from the Weight Loss Data of Shine Muscat Fruit during Storage,Estimation of Changes in Mechanical and Color Properties from the Weight Loss Data of “Shine Muscat” Fruit during Storage,Watanabe; Nakamura; Ota,Watanabe; Nakamura; Ota; Shiina,2018,2018,100.0
same_work,opening_words,10.1155/2018/7258029,Estimation of Changes in Mechanical,Estimation of Changes in Mechanical and Color Properties from the Weight Loss Data of “Shine Muscat” Fruit during Storage,Watanabe; Nakamura; Ota,Watanabe; Nakamura; Ota; Shiina,2018,2018,100.0
same_work,compound,10.1155/2018/7258029,Estimation of Changes in Mechanical and Color Properteis from the Weight Loss Data of,Estimation of Changes in Mechanical and Color Properties from the Weight Loss Data of “Shine Muscat” Fruit during Storage,Watanabe; Nakamura; Ota,Watanabe; Nakamura; Ota; Shiina,2018,2018,92.81045751633987
same_work,identity,10.58205/fber.v1i1.1460,التنمية المحمية في الجزائر قراءة لمنهوض بالمقومات وتجاوز العوائق,التنمية المحمية في الجزائر قراءة لمنهوض بالمقومات وتجاوز العوائق,فريدة,فريدة,2017,2017,100.0
same_work,truncate,10.58205/fber.v1i1.1460,التنمية المحمية في الجزائر قراءة لمنهوض,التنمية المحمية في الجزائر قراءة لمنهوض بالمقومات وتجاوز العوائق,فريدة,فريدة,2017,2017,100.0
same_work,typo,10.58205/fber.v1i1.1460,التنمية المحمية في الجزائر قراءة لمنهوض بالمقومات وتجاوز العاوئق,التنمية المحمية في الجزائر قراءة لمنهوض بالمقومات وتجاوز العوائق,فريدة,فريدة,2017,2017,98.4375
same_work,case,10.58205/fber.v1i1.1460,التنمية المحمية في الجزائر قراءة لمنهوض بالمقومات وتجاوز العوائق,التنمية المحمية في الجزائر قراءة لمنهوض بالمقومات وتجاوز العوائق,فريدة,فريدة,2017,2017,100.0
same_work,opening_words,10.58205/fber.v1i1.1460,التنمية المحمية في الجزائر قراءة,التنمية المحمية في الجزائر قراءة لمنهوض بالمقومات وتجاوز العوائق,فريدة,فريدة,2017,2017,100.0
same_work,compound,10.58205/fber.v1i1.1460,التنمية المحمية في الجزائر قراةء لمنهوض,التنمية المحمية في الجزائر قراءة لمنهوض بالمقومات وتجاوز العوائق,فريدة,فريدة,2017,2017,91.66666666666667
same_work,identity,10.22141/2224-0713.5.75.2015.78051,Возможности тразодона в патогенетической терапии хронической боли,Возможности тразодона в патогенетической терапии хронической боли,Tsiurko; Pelepeichenko; Raskalei,Tsiurko; Pelepeichenko; Raskalei; Kaliuzhnyi; Makhynia,2015,2015,100.0
same_work,typo,10.22141/2224-0713.5.75.2015.78051,Возможности тразодона в патогенеитческой терапии хронической боли,Возможности тразодона в патогенетической терапии хронической боли,Tsiurko; Pelepeichenko; Raskalei,Tsiurko; Pelepeichenko; Raskalei; Kaliuzhnyi; Makhynia,2015,2015,98.46153846153847
same_work,case,10.22141/2224-0713.5.75.2015.78051,возможности тразодона в патогенетической терапии хронической боли,Возможности тразодона в патогенетической терапии хронической боли,Tsiurko; Pelepeichenko; Raskalei,Tsiurko; Pelepeichenko; Raskalei; Kaliuzhnyi; Makhynia,2015,2015,100.0
same_work,compound,10.22141/2224-0713.5.75.2015.78051,Возможности тразодона в патогентеической терапии хронической боли,Возможности тразодона в патогенетической терапии хронической боли,Tsiurko; Pelepeichenko; Raskalei,Tsiurko; Pelepeichenko; Raskalei; Kaliuzhnyi; Makhynia,2015,2015,98.46153846153847
same_work,identity,10.31983/jrg.v5i1.4328,EFEKTIFITAS PENAMBAHAN BUAH TERHADAP KADAR GULA DARAH PADA DIABETESI TIPE 2 RAWAT INAP DI RUMAH SAKIT SANTA ELISABETH SEMARANG,EFEKTIFITAS PENAMBAHAN BUAH TERHADAP KADAR GULA DARAH PADA DIABETESI TIPE 2 RAWAT INAP DI RUMAH SAKIT SANTA ELISABETH SEMARANG,Suratmi; Jaelani; Susiloretni,Suratmi; Jaelani; Susiloretni,2017,2017,100.0
same_work,truncate,10.31983/jrg.v5i1.4328,EFEKTIFITAS PENAMBAHAN BUAH TERHADAP KADAR GULA DARAH PADA DIABETESI TIPE 2 RAWAT,EFEKTIFITAS PENAMBAHAN BUAH TERHADAP KADAR GULA DARAH PADA DIABETESI TIPE 2 RAWAT INAP DI RUMAH SAKIT SANTA ELISABETH SEMARANG,Suratmi; Jaelani; Susiloretni,Suratmi; Jaelani; Susiloretni,2017,2017,100.0
same_work,typo,10.31983/jrg.v5i1.4328,EFEKTIFITAS PENAMBAHAN BAUH TERHADAP KADAR GULA DARAH PADA DIABETESI TIPE 2 RAWAT INAP DI RUMAH SAKIT SANTA ELISABETH SEMARANG,EFEKTIFITAS PENAMBAHAN BUAH TERHADAP KADAR GULA DARAH PADA DIABETESI TIPE 2 RAWAT INAP DI RUMAH SAKIT SANTA ELISABETH SEMARANG,Suratmi; Jaelani; Susiloretni,Suratmi; Jaelani; Susiloretni,2017,2017,99.2063492063492
same_work,case,10.31983/jrg.v5i1.4328,efektifitas penambahan buah terhadap kadar gula darah pada diabetesi tipe 2 rawat inap di rumah sakit santa elisabeth semarang,EFEKTIFITAS PENAMBAHAN BUAH TERHADAP KADAR GULA DARAH PADA DIABETESI TIPE 2 RAWAT INAP DI RUMAH SAKIT SANTA ELISABETH SEMARANG,Suratmi; Jaelani; Susiloretni,Suratmi; Jaelani; Susiloretni,2017,2017,100.0
same_work,opening_words,10.31983/jrg.v5i1.4328,EFEKTIFITAS PENAMBAHAN BUAH TERHADAP,EFEKTIFITAS PENAMBAHAN BUAH TERHADAP KADAR GULA DARAH PADA DIABETESI TIPE 2 RAWAT INAP DI RUMAH SAKIT SANTA ELISABETH SEMARANG,Suratmi; Jaelani; Susiloretni,Suratmi; Jaelani; Susiloretni,2017,2017,100.0
same_work,compound,10.31983/jrg.v5i1.4328,EFEKTIFITAS PENAMBAHAN BUAH TERHADAP KADAR GULA DARAH PADA DIBAETESI TIPE 2 RAWAT INAP,EFEKTIFITAS PENAMBAHAN BUAH TERHADAP KADAR GULA DARAH PADA DIABETESI TIPE 2 RAWAT INAP DI RUMAH SAKIT SANTA ELISABETH SEMARANG,Suratmi; Jaelani; Susiloretni,Suratmi; Jaelani; Susiloretni,2017,2017,93.82716049382717
same_work,identity,10.1088/1361-6501/aa812d,Analyzer for measuring gas contained in the pore space of rocks,Analyzer for measuring gas contained in the pore space of rocks,Kudasik; Skoczylas,Kudasik; Skoczylas,2017,2017,100.0
same_work,truncate,10.1088/1361-6501/aa812d,Analyzer for measuring gas contained in the,Analyzer for measuring gas contained in the pore space of rocks,Kudasik; Skoczylas,Kudasik; Skoczylas,2017,2017,100.0
same_work,typo,10.1088/1361-6501/aa812d,Analyzer for measuring gas cnotained in the pore space of rocks,Analyzer for measuring gas contained in the pore space of rocks,Kudasik; Skoczylas,Kudasik; Skoczylas,2017,2017,98.41269841269842
same_work,case,10.1088/1361-6501/aa812d,analyzer for measuring gas contained in the pore space of rocks,Analyzer for measuring gas contained in the pore space of rocks,Kudasik; Skoczylas,Kudasik; Skoczylas,2017,2017,100.0
same_work,opening_words,10.1088/1361-6501/aa812d,Analyzer for measuring gas,Analyzer for measuring gas contained in the pore space of rocks,Kudasik; Skoczylas,Kudasik; Skoczylas,2017,2017,100.0
same_work,compound,10.1088/1361-6501/aa812d,Analyzer for emasuring gas contained in the,Analyzer for measuring gas contained in the pore space of rocks,Kudasik; Skoczylas,Kudasik; Skoczylas,2017,2017,86.84210526315789
same_work,identity,10.1038/s41598-017-11550-0,Direct laser writing of a new type of waveguides in silver containing glasses,Direct laser writing of a new type of waveguides in silver containing glasses,Abou Khalil; Bérubé; Danto,Abou Khalil; Bérubé; Danto; Desmoulin; Cardinal; Petit; Vallée; Canioni,2017,2017,100.0
same_work,truncate,10.1038/s41598-017-11550-0,Direct laser writing of a new type of waveguides in,Direct laser writing of a new type of waveguides in silver containing glasses,Abou Khalil; Bérubé; Danto,Abou Khalil; Bérubé; Danto; Desmoulin; Cardinal; Petit; Vallée; Canioni,2017,2017,100.0
same_work,typo,10.1038/s41598-017-11550-0,Direct laser writing of a new type of waveguides in silevr containing glasses,Direct laser writing of a new type of waveguides in silver containing glasses,Abou Khalil; Bérubé; Danto,Abou Khalil; Bérubé; Danto; Desmoulin; Cardinal; Petit; Vallée; Canioni,2017,2017,98.64864864864865
same_work,case,10.1038/s41598-017-11550-0,DIRECT LASER WRITING OF A NEW TYPE OF WAVEGUIDES IN SILVER CONTAINING GLASSES,Direct laser writing of a new type of waveguides in silver containing glasses,Abou Khalil; Bérubé; Danto,Abou Khalil; Bérubé; Danto; Desmoulin; Cardinal; Petit; Vallée; Canioni,2017,2017,100.0
same_work,opening_words,10.1038/s41598-017-11550-0,Direct laser writing of,Direct laser writing of a new type of waveguides in silver containing glasses,Abou Khalil; Bérubé; Danto,Abou Khalil; Bérubé; Danto; Desmoulin; Cardinal; Petit; Vallée; Canioni,2017,2017,100.0
same_work,compound,10.1038/s41598-017-11550-0,Direct laser writing of a new ytpe of,Direct laser writing of a new type of waveguides in silver containing glasses,Abou Khalil; Bérubé; Danto,Abou Khalil; Bérubé; Danto; Desmoulin; Cardinal; Petit; Vallée; Canioni,2017,2017,92.06349206349206
same_work,identity,10.1002/dep2.21,"Lowstand wedges in carbonate platform slopes (Quaternary, Maldives, Indian Ocean)","Lowstand wedges in carbonate platform slopes (Quaternary, Maldives, Indian Ocean)",Betzler; Hübscher; Lindhorst,Betzler; Hübscher; Lindhorst; Lüdmann; Reijmer; Braga,2016,2016,100.0
same_work,truncate,10.1002/dep2.21,"Lowstand wedges in carbonate platform slopes (Quaternary,","Lowstand wedges in carbonate platform slopes (Quaternary, Maldives, Indian Ocean)",Betzler; Hübscher; Lindhorst,Betzler; Hübscher; Lindhorst; Lüdmann; Reijmer; Braga,2016,2016,100.0
same_work,typo,10.1002/dep2.21,"Lowstand wedges in carbnoate platform slopes (Quaternary, Maldives, Indian Ocean)","Lowstand wedges in carbonate platform slopes (Quaternary, Maldives, Indian Ocean)",Betzler; Hübscher; Lindhorst,Betzler; Hübscher; Lindhorst; Lüdmann; Reijmer; Braga,2016,2016,98.7012987012987
same_work,case,10.1002/dep2.21,"LOWSTAND WEDGES IN CARBONATE PLATFORM SLOPES (QUATERNARY, MALDIVES, INDIAN OCEAN)","Lowstand wedges in carbonate platform slopes (Quaternary, Maldives, Indian Ocean)",Betzler; Hübscher; Lindhorst,Betzler; Hübscher; Lindhorst; Lüdmann; Reijmer; Braga,2016,2016,100.0
same_work,punctuation,10.1002/dep2.21,Lowstand wedges in carbonate platform slopes Quaternary Maldives Indian Ocean,"Lowstand wedges in carbonate platform slopes (Quaternary, Maldives, Indian Ocean)",Betzler; Hübscher; Lindhorst,Betzler; Hübscher; Lindhorst; Lüdmann; Reijmer; Braga,2016,2016,100.0
same_work,opening_words,10.1002/dep2.21,Lowstand wedges in carbonate,"Lowstand wedges in carbonate platform slopes (Quaternary, Maldives, Indian Ocean)",Betzler; Hübscher; Lindhorst,Betzler; Hübscher; Lindhorst; Lüdmann; Reijmer; Braga,2016,2016,100.0
same_work,compound,10.1002/dep2.21,Lowstand wedges in carboante platform slopes,"Lowstand wedges in carbonate platform slopes (Quaternary, Maldives, Indian Ocean)",Betzler; Hübscher; Lindhorst,Betzler; Hübscher; Lindhorst; Lüdmann; Reijmer; Braga,2016,2016,87.17948717948718
same_work,identity,10.3390/ma12193230,"Experimental and Numerical Analysis of a Composite Thin-Walled Cylindrical Structures with Different Variants of Stiffeners, Subjected to Torsion","Experimental and Numerical Analysis of a Composite Thin-Walled Cylindrical Structures with Different Variants of Stiffeners, Subjected to Torsion",Kopecki; Mazurek; Lis,Kopecki; Mazurek; Lis,2019,2019,100.0
same_work,truncate,10.3390/ma12193230,Experimental and Numerical Analysis of a Composite Thin-Walled Cylindrical Structures with Different,"Experimental and Numerical Analysis of a Composite Thin-Walled Cylindrical Structures with Different Variants of Stiffeners, Subjected to Torsion",Kopecki; Mazurek; Lis,Kopecki; Mazurek; Lis,2019,2019,100.0
same_work,typo,10.3390/ma12193230,"Experimental and Numerical Aanlysis of a Composite Thin-Walled Cylindrical Structures with Different Variants of Stiffeners, Subjected to Torsion","Experimental and Numerical Analysis of a Composite Thin-Walled Cylindrical Structures with Different Variants of Stiffeners, Subjected to Torsion",Kopecki; Mazurek; Lis,Kopecki; Mazurek; Lis,2019,2019,99.29078014184397
same_work,case,10.3390/ma12193230,"EXPERIMENTAL AND NUMERICAL ANALYSIS OF A COMPOSITE THIN-WALLED CYLINDRICAL STRUCTURES WITH DIFFERENT VARIANTS OF STIFFENERS, SUBJECTED TO TORSION","Experimental and Numerical Analysis of a Composite Thin-Walled Cylindrical Structures with Different Variants of Stiffeners, Subjected to Torsion",Kopecki; Mazurek; Lis,Kopecki; Mazurek; Lis,2019,2019,100.0
same_work,punctuation,10.3390/ma12193230,Experimental and Numerical Analysis of a Composite ThinWalled Cylindrical Structures with Different Variants of Stiffeners Subjected to Torsion,"Experimental and Numerical Analysis of a Composite Thin-Walled Cylindrical Structures with Different Variants of Stiffeners, Subjected to Torsion",Kopecki; Mazurek; Lis,Kopecki; Mazurek; Lis,2019,2019,99.644128113879
same_work,opening_words,10.3390/ma12193230,Experimental and Numerical Analysis of,"Experimental and Numerical Analysis of a Composite Thin-Walled Cylindrical Structures with Different Variants of Stiffeners, Subjected to Torsion",Kopecki; Mazurek; Lis,Kopecki; Mazurek; Lis,2019,2019,100.0
same_work,compound,10.3390/ma12193230,Experimental and Numerical Analysis of a Composit eThinWalled Cylindrical Structures with,"Experimental and Numerical Analysis of a Composite Thin-Walled Cylindrical Structures with Different Variants of Stiffeners, Subjected to Torsion",Kopecki; Mazurek; Lis,Kopecki; Mazurek; Lis,2019,2019,86.62420382165605
same_work,identity,10.1177/1747016115583379,Untangling research and practice: What Facebook’s “emotional contagion” study teaches us,Untangling research and practice: What Facebook’s “emotional contagion” study teaches us,boyd,boyd,2015,2015,100.0
same_work,drop_subtitle,10.1177/1747016115583379,Untangling research and practice,Untangling research and practice: What Facebook’s “emotional contagion” study teaches us,boyd,boyd,2015,2015,100.0
same_work,truncate,10.1177/1747016115583379,Untangling research and practice: What Facebook’s,Untangling research and practice: What Facebook’s “emotional contagion” study teaches us,boyd,boyd,2015,2015,100.0
same_work,typo,10.1177/1747016115583379,Untangling research and practice: What Faceobok’s “emotional contagion” study teaches us,Untangling research and practice: What Facebook’s “emotional contagion” study teaches us,boyd,boyd,2015,2015,98.82352941176471
same_work,case,10.1177/1747016115583379,UNTANGLING RESEARCH AND PRACTICE: WHAT FACEBOOK’S “EMOTIONAL CONTAGION” STUDY TEACHES US,Untangling research and practice: What Facebook’s “emotional contagion” study teaches us,boyd,boyd,2015,2015,100.0
same_work,punctuation,10.1177/1747016115583379,Untangling research and practice What Facebooks emotional contagion study teaches us,Untangling research and practice: What Facebook’s “emotional contagion” study teaches us,boyd,boyd,2015,2015,99.40828402366864
same_work,opening_words,10.1177/1747016115583379,Untangling research and practice:,Untangling research and practice: What Facebook’s “emotional contagion” study teaches us,boyd,boyd,2015,2015,100.0
same_work,compound,10.1177/1747016115583379,Unatngling research and practice,Untangling research and practice: What Facebook’s “emotional contagion” study teaches us,boyd,boyd,2015,2015,79.24528301886792
same_work,identity,10.1111/jgs.14263,Racial and Ethnic Differences in End‐of‐Life Medicare Expenditures,Racial and Ethnic Differences in End‐of‐Life Medicare Expenditures,Byhoff; Harris; Langa,Byhoff; Harris; Langa; Iwashyna,2016,2016,100.0
same_work,truncate,10.1111/jgs.14263,Racial and Ethnic Differences in,Racial and Ethnic Differences in End‐of‐Life Medicare Expenditures,Byhoff; Harris; Langa,Byhoff; Harris; Langa; Iwashyna,2016,2016,100.0
same_work,typo,10.1111/jgs.14263,Racial and Etnhic Differences in End‐of‐Life Medicare Expenditures,Racial and Ethnic Differences in End‐of‐Life Medicare Expenditures,Byhoff; Harris; Langa,Byhoff; Harris; Langa; Iwashyna,2016,2016,98.48484848484848
same_work,case,10.1111/jgs.14263,racial and ethnic differences in end‐of‐life medicare expenditures,Racial and Ethnic Differences in End‐of‐Life Medicare Expenditures,Byhoff; Harris; Langa,Byhoff; Harris; Langa; Iwashyna,2016,2016,100.0
same_work,punctuation,10.1111/jgs.14263,Racial and Ethnic Differences in EndofLife Medicare Expenditures,Racial and Ethnic Differences in End‐of‐Life Medicare Expenditures,Byhoff; Harris; Langa,Byhoff; Harris; Langa; Iwashyna,2016,2016,95.38461538461539
same_work,compound,10.1111/jgs.14263,Racial and Ethnic iDfferences in,Racial and Ethnic Differences in End‐of‐Life Medicare Expenditures,Byhoff; Harris; Langa,Byhoff; Harris; Langa; Iwashyna,2016,2016,76.92307692307692
same_work,identity,10.20911/21769389v44n139p279/2017,O DISCURSO ANTIESCRAVISTA DE EPIFANIO DE MOIRANS SOBRE OS TÍTULOS DE ESCRAVIDÃO,O DISCURSO ANTIESCRAVISTA DE EPIFANIO DE MOIRANS SOBRE OS TÍTULOS DE ESCRAVIDÃO,D`Oca,D`Oca,2017,2017,100.0
same_work,truncate,10.20911/21769389v44n139p279/2017,O DISCURSO ANTIESCRAVISTA DE EPIFANIO DE MOIRANS SOBRE,O DISCURSO ANTIESCRAVISTA DE EPIFANIO DE MOIRANS SOBRE OS TÍTULOS DE ESCRAVIDÃO,D`Oca,D`Oca,2017,2017,100.0
same_work,typo,10.20911/21769389v44n139p279/2017,O DISCURSO ANTIESCRAVISTA DE EPIFANIO DE MIORANS SOBRE OS TÍTULOS DE ESCRAVIDÃO,O DISCURSO ANTIESCRAVISTA DE EPIFANIO DE MOIRANS SOBRE OS TÍTULOS DE ESCRAVIDÃO,D`Oca,D`Oca,2017,2017,98.63013698630137
same_work,case,10.20911/21769389v44n139p279/2017,o discurso antiescravista de epifanio de moirans sobre os títulos de escravidão,O DISCURSO ANTIESCRAVISTA DE EPIFANIO DE MOIRANS SOBRE OS TÍTULOS DE ESCRAVIDÃO,D`Oca,D`Oca,2017,2017,100.0
same_work,opening_words,10.20911/21769389v44n139p279/2017,O DISCURSO ANTIESCRAVISTA DE,O DISCURSO ANTIESCRAVISTA DE EPIFANIO DE MOIRANS SOBRE OS TÍTULOS DE ESCRAVIDÃO,D`Oca,D`Oca,2017,2017,100.0
same_work,compound,10.20911/21769389v44n139p279/2017,O DISCURSO NATIESCRAVISTA DE EPIFANIO DE MOIRANS,O DISCURSO ANTIESCRAVISTA DE EPIFANIO DE MOIRANS SOBRE OS TÍTULOS DE ESCRAVIDÃO,D`Oca,D`Oca,2017,2017,80.0
same_work,identity,10.1026/1612-5010/a000243,Erste Schritte zu Smartphone-basierten Sportinterventionen im                Alltag?,Erste Schritte zu Smartphone-basierten Sportinterventionen im                Alltag?,Reichert; Kapteinat; Lauvai,Reichert; Kapteinat; Lauvai; Hennig; Reinhard; Braun; Limberger; Ebner-Priemer,2018,2018,100.0
same_work,typo,10.1026/1612-5010/a000243,Erste Schritte zu Smarthpone-basierten Sportinterventionen im                Alltag?,Erste Schritte zu Smartphone-basierten Sportinterventionen im                Alltag?,Reichert; Kapteinat; Lauvai,Reichert; Kapteinat; Lauvai; Hennig; Reinhard; Braun; Limberger; Ebner-Priemer,2018,2018,98.52941176470588
same_work,case,10.1026/1612-5010/a000243,erste schritte zu smartphone-basierten sportinterventionen im                alltag?,Erste Schritte zu Smartphone-basierten Sportinterventionen im                Alltag?,Reichert; Kapteinat; Lauvai,Reichert; Kapteinat; Lauvai; Hennig; Reinhard; Braun; Limberger; Ebner-Priemer,2018,2018,100.0
same_work,punctuation,10.1026/1612-5010/a000243,Erste Schritte zu Smartphonebasierten Sportinterventionen im                Alltag,Erste Schritte zu Smartphone-basierten Sportinterventionen im                Alltag?,Reichert; Kapteinat; Lauvai,Reichert; Kapteinat; Lauvai; Hennig; Reinhard; Braun; Limberger; Ebner-Priemer,2018,2018,85.92592592592592
same_work,compound,10.1026/1612-5010/a000243,Erste Schritte zu Smartphnoebasierten Sportinterventionen im                Alltag,Erste Schritte zu Smartphone-basierten Sportinterventionen im                Alltag?,Reichert; Kapteinat; Lauvai,Reichert; Kapteinat; Lauvai; Hennig; Reinhard; Braun; Limberger; Ebner-Priemer,2018,2018,84.44444444444444
same_work,identity,10.1200/jco.2017.35.15_suppl.1534,Knowledge outcomes in a randomized trial of telephone vs. in-person disclosure of genetic testing: The COGENT study.,Knowledge outcomes in a randomized trial of telephone vs. in-person disclosure of genetic testing: The COGENT study.,Beri; Patrick-Miller; Egleston,Beri; Patrick-Miller; Egleston; Olopade; Hall; Daly; Fleisher; Grana; Ganschow; Fetzer; Domchek; Bradbury; The COGENT Research Team,2017,2017,100.0
same_work,drop_subtitle,10.1200/jco.2017.35.15_suppl.1534,Knowledge outcomes in a randomized trial of telephone vs. in-person disclosure of genetic testing,Knowledge outcomes in a randomized trial of telephone vs. in-person disclosure of genetic testing: The COGENT study.,Beri; Patrick-Miller; Egleston,Beri; Patrick-Miller; Egleston; Olopade; Hall; Daly; Fleisher; Grana; Ganschow; Fetzer; Domchek; Bradbury; The COGENT Research Team,2017,2017,100.0
same_work,truncate,10.1200/jco.2017.35.15_suppl.1534,Knowledge outcomes in a randomized trial of telephone vs. in-person,Knowledge outcomes in a randomized trial of telephone vs. in-person disclosure of genetic testing: The COGENT study.,Beri; Patrick-Miller; Egleston,Beri; Patrick-Miller; Egleston; Olopade; Hall; Daly; Fleisher; Grana; Ganschow; Fetzer; Domchek; Bradbury; The COGENT Research Team,2017,2017,100.0
same_work,typo,10.1200/jco.2017.35.15_suppl.1534,Knowledge outcomes in a randmoized trial of telephone vs. in-person disclosure of genetic testing: The COGENT study.,Knowledge outcomes in a randomized trial of telephone vs. in-person disclosure of genetic testing: The COGENT study.,Beri; Patrick-Miller; Egleston,Beri; Patrick-Miller; Egleston; Olopade; Hall; Daly; Fleisher; Grana; Ganschow; Fetzer; Domchek; Bradbury; The COGENT Research Team,2017,2017,99.06542056074767
same_work,case,10.1200/jco.2017.35.15_suppl.1534,knowledge outcomes in a randomized trial of telephone vs. in-person disclosure of genetic testing: the cogent study.,Knowledge outcomes in a randomized trial of telephone vs. in-person disclosure of genetic testing: The COGENT study.,Beri; Patrick-Miller; Egleston,Beri; Patrick-Miller; Egleston; Olopade; Hall; Daly; Fleisher; Grana; Ganschow; Fetzer; Domchek; Bradbury; The COGENT Research Team,2017,2017,100.0
same_work,punctuation,10.1200/jco.2017.35.15_suppl.1534,Knowledge outcomes in a randomized trial of telephone vs inperson disclosure of genetic testing The COGENT study,Knowledge outcomes in a randomized trial of telephone vs. in-person disclosure of genetic testing: The COGENT study.,Beri; Patrick-Miller; Egleston,Beri; Patrick-Miller; Egleston; Olopade; Hall; Daly; Fleisher; Grana; Ganschow; Fetzer; Domchek; Bradbury; The COGENT Research Team,2017,2017,99.07407407407408
same_work,opening_words,10.1200/jco.2017.35.15_suppl.1534,Knowledge outcomes in a,Knowledge outcomes in a randomized trial of telephone vs. in-person disclosure of genetic testing: The COGENT study.,Beri; Patrick-Miller; Egleston,Beri; Patrick-Miller; Egleston; Olopade; Hall; Daly; Fleisher; Grana; Ganschow; Fetzer; Domchek; Bradbury; The COGENT Research Team,2017,2017,100.0
same_work,compound,10.1200/jco.2017.35.15_suppl.1534,Knowledg eoutcomes in a randomized trial of telephone,Knowledge outcomes in a randomized trial of telephone vs. in-person disclosure of genetic testing: The COGENT study.,Beri; Patrick-Miller; Egleston,Beri; Patrick-Miller; Egleston; Olopade; Hall; Daly; Fleisher; Grana; Ganschow; Fetzer; Domchek; Bradbury; The COGENT Research Team,2017,2017,78.16091954022988
same_work,identity,10.1137/17m1146816,The Barotropic Quasi-Geostrophic Equation under a Free Surface,The Barotropic Quasi-Geostrophic Equation under a Free Surface,Chen,Chen,2019,2019,100.0
same_work,truncate,10.1137/17m1146816,The Barotropic Quasi-Geostrophic Equation under a,The Barotropic Quasi-Geostrophic Equation under a Free Surface,Chen,Chen,2019,2019,100.0
same_work,typo,10.1137/17m1146816,The Barotropic Quasi-Geostropihc Equation under a Free Surface,The Barotropic Quasi-Geostrophic Equation under a Free Surface,Chen,Chen,2019,2019,98.38709677419355
same_work,case,10.1137/17m1146816,the barotropic quasi-geostrophic equation under a free surface,The Barotropic Quasi-Geostrophic Equation under a Free Surface,Chen,Chen,2019,2019,100.0
same_work,punctuation,10.1137/17m1146816,The Barotropic QuasiGeostrophic Equation under a Free Surface,The Barotropic Quasi-Geostrophic Equation under a Free Surface,Chen,Chen,2019,2019,91.0569105691057
same_work,compound,10.1137/17m1146816,The Barotropic uQasiGeostrophic Equation under,The Barotropic Quasi-Geostrophic Equation under a Free Surface,Chen,Chen,2019,2019,77.77777777777777
same_work,identity,10.17129/botsci.1860,Plant-herbivore interactions and secondary metabolites of plants: Ecological and evolutionary perspectives,Plant-herbivore interactions and secondary metabolites of plants: Ecological and evolutionary perspectives,Kariñho-Betancourt,Kariñho-Betancourt,2018,2018,100.0
same_work,drop_subtitle,10.17129/botsci.1860,Plant-herbivore interactions and secondary metabolites of plants,Plant-herbivore interactions and secondary metabolites of plants: Ecological and evolutionary perspectives,Kariñho-Betancourt,Kariñho-Betancourt,2018,2018,100.0
same_work,truncate,10.17129/botsci.1860,Plant-herbivore interactions and secondary metabolites of plants: Ecological,Plant-herbivore interactions and secondary metabolites of plants: Ecological and evolutionary perspectives,Kariñho-Betancourt,Kariñho-Betancourt,2018,2018,100.0
same_work,typo,10.17129/botsci.1860,Plant-herbivore interactions and secondary metabolites of plants: Ecloogical and evolutionary perspectives,Plant-herbivore interactions and secondary metabolites of plants: Ecological and evolutionary perspectives,Kariñho-Betancourt,Kariñho-Betancourt,2018,2018,99.00990099009901
same_work,case,10.17129/botsci.1860,PLANT-HERBIVORE INTERACTIONS AND SECONDARY METABOLITES OF PLANTS: ECOLOGICAL AND EVOLUTIONARY PERSPECTIVES,Plant-herbivore interactions and secondary metabolites of plants: Ecological and evolutionary perspectives,Kariñho-Betancourt,Kariñho-Betancourt,2018,2018,100.0
same_work,punctuation,10.17129/botsci.1860,Plantherbivore interactions and secondary metabolites of plants Ecological and evolutionary perspectives,Plant-herbivore interactions and secondary metabolites of plants: Ecological and evolutionary perspectives,Kariñho-Betancourt,Kariñho-Betancourt,2018,2018,94.5273631840796
same_work,opening_words,10.17129/botsci.1860,Plant-herbivore interactions and secondary,Plant-herbivore interactions and secondary metabolites of plants: Ecological and evolutionary perspectives,Kariñho-Betancourt,Kariñho-Betancourt,2018,2018,100.0
same_work,compound,10.17129/botsci.1860,Plantherbivore itneractions and secondary metabolites of plants,Plant-herbivore interactions and secondary metabolites of plants: Ecological and evolutionary perspectives,Kariñho-Betancourt,Kariñho-Betancourt,2018,2018,71.42857142857143
same_work,identity,10.1111/ecpo.12105,Government size and economic growth in an endogenous growth model with rent‐seeking,Government size and economic growth in an endogenous growth model with rent‐seeking,Wadho; Ayaz,Wadho; Ayaz,2017,2017,100.0
same_work,truncate,10.1111/ecpo.12105,Government size and economic growth in an,Government size and economic growth in an endogenous growth model with rent‐seeking,Wadho; Ayaz,Wadho; Ayaz,2017,2017,100.0
same_work,typo,10.1111/ecpo.12105,Governmnet size and economic growth in an endogenous growth model with rent‐seeking,Government size and economic growth in an endogenous growth model with rent‐seeking,Wadho; Ayaz,Wadho; Ayaz,2017,2017,98.6842105263158
same_work,case,10.1111/ecpo.12105,GOVERNMENT SIZE AND ECONOMIC GROWTH IN AN ENDOGENOUS GROWTH MODEL WITH RENT‐SEEKING,Government size and economic growth in an endogenous growth model with rent‐seeking,Wadho; Ayaz,Wadho; Ayaz,2017,2017,100.0
same_work,punctuation,10.1111/ecpo.12105,Government size and economic growth in an endogenous growth model with rentseeking,Government size and economic growth in an endogenous growth model with rent‐seeking,Wadho; Ayaz,Wadho; Ayaz,2017,2017,99.33774834437087
same_work,opening_words,10.1111/ecpo.12105,Government size and economic growth,Government size and economic growth in an endogenous growth model with rent‐seeking,Wadho; Ayaz,Wadho; Ayaz,2017,2017,100.0
same_work,compound,10.1111/ecpo.12105,Government size and ecnoomic growth in an,Government size and economic growth in an endogenous growth model with rent‐seeking,Wadho; Ayaz,Wadho; Ayaz,2017,2017,87.67123287671232
same_work,identity,10.1016/j.ijscr.2019.03.012,Incidental Morgagni hernia found during laparoscopic repair of hiatal hernia,Incidental Morgagni hernia found during laparoscopic repair of hiatal hernia,Hassan; Alabdrabalmeer; Alealiwi,Hassan; Alabdrabalmeer; Alealiwi; Danan; Alshomimi,2019,2019,100.0
same_work,truncate,10.1016/j.ijscr.2019.03.012,Incidental Morgagni hernia found during laparoscopic,Incidental Morgagni hernia found during laparoscopic repair of hiatal hernia,Hassan; Alabdrabalmeer; Alealiwi,Hassan; Alabdrabalmeer; Alealiwi; Danan; Alshomimi,2019,2019,100.0
same_work,typo,10.1016/j.ijscr.2019.03.012,Incidental Morgagni hernia found during laparoscopic repair of ihatal hernia,Incidental Morgagni hernia found during laparoscopic repair of hiatal hernia,Hassan; Alabdrabalmeer; Alealiwi,Hassan; Alabdrabalmeer; Alealiwi; Danan; Alshomimi,2019,2019,98.55072463768116
same_work,case,10.1016/j.ijscr.2019.03.012,INCIDENTAL MORGAGNI HERNIA FOUND DURING LAPAROSCOPIC REPAIR OF HIATAL HERNIA,Incidental Morgagni hernia found during laparoscopic repair of hiatal hernia,Hassan; Alabdrabalmeer; Alealiwi,Hassan; Alabdrabalmeer; Alealiwi; Danan; Alshomimi,2019,2019,100.0
same_work,opening_words,10.1016/j.ijscr.2019.03.012,Incidental Morgagni hernia found during,Incidental Morgagni hernia found during laparoscopic repair of hiatal hernia,Hassan; Alabdrabalmeer; Alealiwi,Hassan; Alabdrabalmeer; Alealiwi; Danan; Alshomimi,2019,2019,100.0
same_work,compound,10.1016/j.ijscr.2019.03.012,Incidental Mogragni hernia found during laparoscopic repair,Incidental Morgagni hernia found during laparoscopic repair of hiatal hernia,Hassan; Alabdrabalmeer; Alealiwi,Hassan; Alabdrabalmeer; Alealiwi; Danan; Alshomimi,2019,2019,91.74311926605505
same_work,identity,10.3390/v7041804,"A Suggested New Bacteriophage Genus, “Kp34likevirus”,  within the Autographivirinae Subfamily of Podoviridae","A Suggested New Bacteriophage Genus, “Kp34likevirus”,  within the Autographivirinae Subfamily of Podoviridae",Eriksson; Maciejewska; Latka,Eriksson; Maciejewska; Latka; Majkowska-Skrobek; Hellstrand; Melefors; Wang; Kropinski; Drulis-Kawa; Nilsson,2015,2015,100.0
same_work,truncate,10.3390/v7041804,"A Suggested New Bacteriophage Genus, “Kp34likevirus”, within","A Suggested New Bacteriophage Genus, “Kp34likevirus”,  within the Autographivirinae Subfamily of Podoviridae",Eriksson; Maciejewska; Latka,Eriksson; Maciejewska; Latka; Majkowska-Skrobek; Hellstrand; Melefors; Wang; Kropinski; Drulis-Kawa; Nilsson,2015,2015,100.0
same_work,typo,10.3390/v7041804,"A Suggested New Bacteriophage Genus, “Kp34likevirus”,  within the Autographivirinae Subfamily of Podoivridae","A Suggested New Bacteriophage Genus, “Kp34likevirus”,  within the Autographivirinae Subfamily of Podoviridae",Eriksson; Maciejewska; Latka,Eriksson; Maciejewska; Latka; Majkowska-Skrobek; Hellstrand; Melefors; Wang; Kropinski; Drulis-Kawa; Nilsson,2015,2015,99.02912621359224
same_work,case,10.3390/v7041804,"A SUGGESTED NEW BACTERIOPHAGE GENUS, “KP34LIKEVIRUS”,  WITHIN THE AUTOGRAPHIVIRINAE SUBFAMILY OF PODOVIRIDAE","A Suggested New Bacteriophage Genus, “Kp34likevirus”,  within the Autographivirinae Subfamily of Podoviridae",Eriksson; Maciejewska; Latka,Eriksson; Maciejewska; Latka; Majkowska-Skrobek; Hellstrand; Melefors; Wang; Kropinski; Drulis-Kawa; Nilsson,2015,2015,100.0
same_work,punctuation,10.3390/v7041804,A Suggested New Bacteriophage Genus Kp34likevirus  within the Autographivirinae Subfamily of Podoviridae,"A Suggested New Bacteriophage Genus, “Kp34likevirus”,  within the Autographivirinae Subfamily of Podoviridae",Eriksson; Maciejewska; Latka,Eriksson; Maciejewska; Latka; Majkowska-Skrobek; Hellstrand; Melefors; Wang; Kropinski; Drulis-Kawa; Nilsson,2015,2015,100.0
same_work,opening_words,10.3390/v7041804,A Suggested New Bacteriophage,"A Suggested New Bacteriophage Genus, “Kp34likevirus”,  within the Autographivirinae Subfamily of Podoviridae",Eriksson; Maciejewska; Latka,Eriksson; Maciejewska; Latka; Majkowska-Skrobek; Hellstrand; Melefors; Wang; Kropinski; Drulis-Kawa; Nilsson,2015,2015,100.0
same_work,compound,10.3390/v7041804,A Suggested New Bacteriophage Genus Kp34likeviurs within the,"A Suggested New Bacteriophage Genus, “Kp34likevirus”,  within the Autographivirinae Subfamily of Podoviridae",Eriksson; Maciejewska; Latka,Eriksson; Maciejewska; Latka; Majkowska-Skrobek; Hellstrand; Melefors; Wang; Kropinski; Drulis-Kawa; Nilsson,2015,2015,86.79245283018868
same_work,identity,10.1002/srin.201500406,The Influence of Plastic Deformation on the Corrosion Behavior of a Cast High‐Alloy CrMnNi TRIP Steel,The Influence of Plastic Deformation on the Corrosion Behavior of a Cast High‐Alloy CrMnNi TRIP Steel,Mandel; Böhme; Hauser,Mandel; Böhme; Hauser; Wendler; Tuchscheerer; Krüger,2016,2016,100.0
same_work,truncate,10.1002/srin.201500406,The Influence of Plastic Deformation on the Corrosion Behavior of a Cast,The Influence of Plastic Deformation on the Corrosion Behavior of a Cast High‐Alloy CrMnNi TRIP Steel,Mandel; Böhme; Hauser,Mandel; Böhme; Hauser; Wendler; Tuchscheerer; Krüger,2016,2016,100.0
same_work,typo,10.1002/srin.201500406,The Influence of Plastic Deformation on the Cororsion Behavior of a Cast High‐Alloy CrMnNi TRIP Steel,The Influence of Plastic Deformation on the Corrosion Behavior of a Cast High‐Alloy CrMnNi TRIP Steel,Mandel; Böhme; Hauser,Mandel; Böhme; Hauser; Wendler; Tuchscheerer; Krüger,2016,2016,98.93617021276596
same_work,case,10.1002/srin.201500406,THE INFLUENCE OF PLASTIC DEFORMATION ON THE CORROSION BEHAVIOR OF A CAST HIGH‐ALLOY CRMNNI TRIP STEEL,The Influence of Plastic Deformation on the Corrosion Behavior of a Cast High‐Alloy CrMnNi TRIP Steel,Mandel; Böhme; Hauser,Mandel; Böhme; Hauser; Wendler; Tuchscheerer; Krüger,2016,2016,100.0
same_work,punctuation,10.1002/srin.201500406,The Influence of Plastic Deformation on the Corrosion Behavior of a Cast HighAlloy CrMnNi TRIP Steel,The Influence of Plastic Deformation on the Corrosion Behavior of a Cast High‐Alloy CrMnNi TRIP Steel,Mandel; Böhme; Hauser,Mandel; Böhme; Hauser; Wendler; Tuchscheerer; Krüger,2016,2016,95.18716577540107
same_work,opening_words,10.1002/srin.201500406,The Influence of Plastic,The Influence of Plastic Deformation on the Corrosion Behavior of a Cast High‐Alloy CrMnNi TRIP Steel,Mandel; Böhme; Hauser,Mandel; Böhme; Hauser; Wendler; Tuchscheerer; Krüger,2016,2016,100.0
same_work,compound,10.1002/srin.201500406,The Influence of Plastic Deformation on the Crorosion Behavior of,The Influence of Plastic Deformation on the Corrosion Behavior of a Cast High‐Alloy CrMnNi TRIP Steel,Mandel; Böhme; Hauser,Mandel; Böhme; Hauser; Wendler; Tuchscheerer; Krüger,2016,2016,90.56603773584905
same_work,identity,10.17345/aec17.111-134,La patologización de la conducta: discursos asistenciales acerca del trastorno disocial,La patologización de la conducta: discursos asistenciales acerca del trastorno disocial,Garrido Hernández,Garrido Hernández,2018,2018,100.0
same_work,drop_subtitle,10.17345/aec17.111-134,La patologización de la conducta,La patologización de la conducta: discursos asistenciales acerca del trastorno disocial,Garrido Hernández,Garrido Hernández,2018,2018,100.0
same_work,truncate,10.17345/aec17.111-134,La patologización de la conducta: discursos asistenciales,La patologización de la conducta: discursos asistenciales acerca del trastorno disocial,Garrido Hernández,Garrido Hernández,2018,2018,100.0
same_work,typo,10.17345/aec17.111-134,La patologización de la conducta: discuross asistenciales acerca del trastorno disocial,La patologización de la conducta: discursos asistenciales acerca del trastorno disocial,Garrido Hernández,Garrido Hernández,2018,2018,98.79518072289157
same_work,case,10.17345/aec17.111-134,LA PATOLOGIZACIÓN DE LA CONDUCTA: DISCURSOS ASISTENCIALES ACERCA DEL TRASTORNO DISOCIAL,La patologización de la conducta: discursos asistenciales acerca del trastorno disocial,Garrido Hernández,Garrido Hernández,2018,2018,100.0
same_work,punctuation,10.17345/aec17.111-134,La patologización de la conducta discursos asistenciales acerca del trastorno disocial,La patologización de la conducta: discursos asistenciales acerca del trastorno disocial,Garrido Hernández,Garrido Hernández,2018,2018,100.0
same_work,opening_words,10.17345/aec17.111-134,La patologización de la,La patologización de la conducta: discursos asistenciales acerca del trastorno disocial,Garrido Hernández,Garrido Hernández,2018,2018,100.0
same_work,compound,10.17345/aec17.111-134,La patloogización de la conducta,La patologización de la conducta: discursos asistenciales acerca del trastorno disocial,Garrido Hernández,Garrido Hernández,2018,2018,65.11627906976744
same_work,identity,10.1007/s12594-015-0234-3,"Anal Sac of a Cladid Crinoid from Permo-Carboniferous Talchir Formation, Talchir Basin, Odisha","Anal Sac of a Cladid Crinoid from Permo-Carboniferous Talchir Formation, Talchir Basin, Odisha",Chakraborty; Bhattacharya*,Chakraborty; Bhattacharya*,2015,2015,100.0
same_work,truncate,10.1007/s12594-015-0234-3,Anal Sac of a Cladid Crinoid from Permo-Carboniferous Talchir,"Anal Sac of a Cladid Crinoid from Permo-Carboniferous Talchir Formation, Talchir Basin, Odisha",Chakraborty; Bhattacharya*,Chakraborty; Bhattacharya*,2015,2015,100.0
same_work,typo,10.1007/s12594-015-0234-3,"Anal Sac of a Cladid Crinoid from Pemro-Carboniferous Talchir Formation, Talchir Basin, Odisha","Anal Sac of a Cladid Crinoid from Permo-Carboniferous Talchir Formation, Talchir Basin, Odisha",Chakraborty; Bhattacharya*,Chakraborty; Bhattacharya*,2015,2015,98.80952380952381
same_work,case,10.1007/s12594-015-0234-3,"ANAL SAC OF A CLADID CRINOID FROM PERMO-CARBONIFEROUS TALCHIR FORMATION, TALCHIR BASIN, ODISHA","Anal Sac of a Cladid Crinoid from Permo-Carboniferous Talchir Formation, Talchir Basin, Odisha",Chakraborty; Bhattacharya*,Chakraborty; Bhattacharya*,2015,2015,100.0
same_work,punctuation,10.1007/s12594-015-0234-3,Anal Sac of a Cladid Crinoid from PermoCarboniferous Talchir Formation Talchir Basin Odisha,"Anal Sac of a Cladid Crinoid from Permo-Carboniferous Talchir Formation, Talchir Basin, Odisha",Chakraborty; Bhattacharya*,Chakraborty; Bhattacharya*,2015,2015,93.41317365269461
same_work,opening_words,10.1007/s12594-015-0234-3,Anal Sac of a,"Anal Sac of a Cladid Crinoid from Permo-Carboniferous Talchir Formation, Talchir Basin, Odisha",Chakraborty; Bhattacharya*,Chakraborty; Bhattacharya*,2015,2015,100.0
same_work,compound,10.1007/s12594-015-0234-3,Anal Sac of a Cladid Crinoid fro mPermoCarboniferous,"Anal Sac of a Cladid Crinoid from Permo-Carboniferous Talchir Formation, Talchir Basin, Odisha",Chakraborty; Bhattacharya*,Chakraborty; Bhattacharya*,2015,2015,70.0
same_work,identity,10.3390/app9050846,Assessment of Thermal Stresses in Asphalt Mixtures at Low Temperatures Using the Tensile Creep Test and the Bending Beam Creep Test,Assessment of Thermal Stresses in Asphalt Mixtures at Low Temperatures Using the Tensile Creep Test and the Bending Beam Creep Test,Pszczola; Jaczewski; Szydlowski,Pszczola; Jaczewski; Szydlowski,2019,2019,100.0
same_work,truncate,10.3390/app9050846,Assessment of Thermal Stresses in Asphalt Mixtures at Low Temperatures Using the Tensile Creep,Assessment of Thermal Stresses in Asphalt Mixtures at Low Temperatures Using the Tensile Creep Test and the Bending Beam Creep Test,Pszczola; Jaczewski; Szydlowski,Pszczola; Jaczewski; Szydlowski,2019,2019,100.0
same_work,typo,10.3390/app9050846,Assessment of Thermal Srtesses in Asphalt Mixtures at Low Temperatures Using the Tensile Creep Test and the Bending Beam Creep Test,Assessment of Thermal Stresses in Asphalt Mixtures at Low Temperatures Using the Tensile Creep Test and the Bending Beam Creep Test,Pszczola; Jaczewski; Szydlowski,Pszczola; Jaczewski; Szydlowski,2019,2019,99.13793103448276
same_work,case,10.3390/app9050846,assessment of thermal stresses in asphalt mixtures at low temperatures using the tensile creep test and the bending beam creep test,Assessment of Thermal Stresses in Asphalt Mixtures at Low Temperatures Using the Tensile Creep Test and the Bending Beam Creep Test,Pszczola; Jaczewski; Szydlowski,Pszczola; Jaczewski; Szydlowski,2019,2019,100.0
same_work,opening_words,10.3390/app9050846,Assessment of Thermal Stresses,Assessment of Thermal Stresses in Asphalt Mixtures at Low Temperatures Using the Tensile Creep Test and the Bending Beam Creep Test,Pszczola; Jaczewski; Szydlowski,Pszczola; Jaczewski; Szydlowski,2019,2019,100.0
same_work,compound,10.3390/app9050846,Assessment of Thermal Stresses in Asphalt Mixtures a tLow Temperatures Using the Tensile Creep Test and,Assessment of Thermal Stresses in Asphalt Mixtures at Low Temperatures Using the Tensile Creep Test and the Bending Beam Creep Test,Pszczola; Jaczewski; Szydlowski,Pszczola; Jaczewski; Szydlowski,2019,2019,96.48241206030151
same_work,identity,10.24197/mrfc.31.2018.265-270,"Alejandro García Molinos, La adivinación en los papiros mágicos griegos, Monografías de Filología Griega nº 27, Zaragoza, Prensas Universitarias de Zaragoza, 2017, 520 pp., ISBN 978-84-16935-38-3","Alejandro García Molinos, La adivinación en los papiros mágicos griegos, Monografías de Filología Griega nº 27, Zaragoza, Prensas Universitarias de Zaragoza, 2017, 520 pp., ISBN 978-84-16935-38-3",Zamora Salamanca,Zamora Salamanca,2018,2018,100.0
same_work,truncate,10.24197/mrfc.31.2018.265-270,"Alejandro García Molinos, La adivinación en los papiros mágicos griegos, Monografías de Filología Griega nº 27, Zaragoza, Prensas","Alejandro García Molinos, La adivinación en los papiros mágicos griegos, Monografías de Filología Griega nº 27, Zaragoza, Prensas Universitarias de Zaragoza, 2017, 520 pp., ISBN 978-84-16935-38-3",Zamora Salamanca,Zamora Salamanca,2018,2018,100.0
same_work,typo,10.24197/mrfc.31.2018.265-270,"Alejandro García Molinos, La adivinación en los papiros mágicos griegos, Monografías de Filología Griega nº 27, Zaragoza, Prensas Universitarias de Zaragzoa, 2017, 520 pp., ISBN 978-84-16935-38-3","Alejandro García Molinos, La adivinación en los papiros mágicos griegos, Monografías de Filología Griega nº 27, Zaragoza, Prensas Universitarias de Zaragoza, 2017, 520 pp., ISBN 978-84-16935-38-3",Zamora Salamanca,Zamora Salamanca,2018,2018,100.0
same_work,case,10.24197/mrfc.31.2018.265-270,"alejandro garcía molinos, la adivinación en los papiros mágicos griegos, monografías de filología griega nº 27, zaragoza, prensas universitarias de zaragoza, 2017, 520 pp., isbn 978-84-16935-38-3","Alejandro García Molinos, La adivinación en los papiros mágicos griegos, Monografías de Filología Griega nº 27, Zaragoza, Prensas Universitarias de Zaragoza, 2017, 520 pp., ISBN 978-84-16935-38-3",Zamora Salamanca,Zamora Salamanca,2018,2018,100.0
same_work,punctuation,10.24197/mrfc.31.2018.265-270,Alejandro García Molinos La adivinación en los papiros mágicos griegos Monografías de Filología Griega nº 27 Zaragoza Prensas Universitarias de Zaragoza 2017 520 pp ISBN 9788416935383,"Alejandro García Molinos, La adivinación en los papiros mágicos griegos, Monografías de Filología Griega nº 27, Zaragoza, Prensas Universitarias de Zaragoza, 2017, 520 pp., ISBN 978-84-16935-38-3",Zamora Salamanca,Zamora Salamanca,2018,2018,95.73170731707317
same_work,opening_words,10.24197/mrfc.31.2018.265-270,"Alejandro García Molinos, La adivinación","Alejandro García Molinos, La adivinación en los papiros mágicos griegos, Monografías de Filología Griega nº 27, Zaragoza, Prensas Universitarias de Zaragoza, 2017, 520 pp., ISBN 978-84-16935-38-3",Zamora Salamanca,Zamora Salamanca,2018,2018,100.0
same_work,compound,10.24197/mrfc.31.2018.265-270,Alejandro García Molions La adivinación en los papiros mágicos griegos Monografías de Filología Griega nº 27 Zaragoza,"Alejandro García Molinos, La adivinación en los papiros mágicos griegos, Monografías de Filología Griega nº 27, Zaragoza, Prensas Universitarias de Zaragoza, 2017, 520 pp., ISBN 978-84-16935-38-3",Zamora Salamanca,Zamora Salamanca,2018,2018,96.46017699115045
same_work,identity,10.59374/jakhkj.v5i1.105,Pengaruh Konsumsi Teh dengan Kejadian Anemia pada Ibu Hamil di Wilayah Kerja Puskesmas Salembaran Jaya Kabupaten Tangerang Tahun 2018,Pengaruh Konsumsi Teh dengan Kejadian Anemia pada Ibu Hamil di Wilayah Kerja Puskesmas Salembaran Jaya Kabupaten Tangerang Tahun 2018,Choirunissa; Al Zahra,Choirunissa; Al Zahra,2019,2019,100.0
same_work,truncate,10.59374/jakhkj.v5i1.105,Pengaruh Konsumsi Teh dengan Kejadian Anemia pada Ibu Hamil di Wilayah Kerja Puskesmas Salembaran,Pengaruh Konsumsi Teh dengan Kejadian Anemia pada Ibu Hamil di Wilayah Kerja Puskesmas Salembaran Jaya Kabupaten Tangerang Tahun 2018,Choirunissa; Al Zahra,Choirunissa; Al Zahra,2019,2019,100.0
same_work,typo,10.59374/jakhkj.v5i1.105,Pengaruh Konsumsi Teh dengan Kejadian Anemia pada Ibu Hamil di Wilayah Kerja Puskesmas Salembara nJaya Kabupaten Tangerang Tahun 2018,Pengaruh Konsumsi Teh dengan Kejadian Anemia pada Ibu Hamil di Wilayah Kerja Puskesmas Salembaran Jaya Kabupaten Tangerang Tahun 2018,Choirunissa; Al Zahra,Choirunissa; Al Zahra,2019,2019,99.24812030075188
same_work,case,10.59374/jakhkj.v5i1.105,PENGARUH KONSUMSI TEH DENGAN KEJADIAN ANEMIA PADA IBU HAMIL DI WILAYAH KERJA PUSKESMAS SALEMBARAN JAYA KABUPATEN TANGERANG TAHUN 2018,Pengaruh Konsumsi Teh dengan Kejadian Anemia pada Ibu Hamil di Wilayah Kerja Puskesmas Salembaran Jaya Kabupaten Tangerang Tahun 2018,Choirunissa; Al Zahra,Choirunissa; Al Zahra,2019,2019,100.0
same_work,opening_words,10.59374/jakhkj.v5i1.105,Pengaruh Konsumsi Teh dengan Kejadian,Pengaruh Konsumsi Teh dengan Kejadian Anemia pada Ibu Hamil di Wilayah Kerja Puskesmas Salembaran Jaya Kabupaten Tangerang Tahun 2018,Choirunissa; Al Zahra,Choirunissa; Al Zahra,2019,2019,100.0
same_work,compound,10.59374/jakhkj.v5i1.105,Pengaru hKonsumsi Teh dengan Kejadian Anemia pada Ibu Hamil di Wilayah Kerja Puskesmas Salembaran,Pengaruh Konsumsi Teh dengan Kejadian Anemia pada Ibu Hamil di Wilayah Kerja Puskesmas Salembaran Jaya Kabupaten Tangerang Tahun 2018,Choirunissa; Al Zahra,Choirunissa; Al Zahra,2019,2019,89.77272727272728
same_work,identity,10.12743/quanta.v8i1.86,Environmental Effects on Nonlocal Correlations,Environmental Effects on Nonlocal Correlations,Guha; Bhattacharya; Das,Guha; Bhattacharya; Das; Bhattacharya; Mukherjee; Roy; Mukherjee; Ganguly; Majumdar,2019,2019,100.0
same_work,typo,10.12743/quanta.v8i1.86,Envrionmental Effects on Nonlocal Correlations,Environmental Effects on Nonlocal Correlations,Guha; Bhattacharya; Das,Guha; Bhattacharya; Das; Bhattacharya; Mukherjee; Roy; Mukherjee; Ganguly; Majumdar,2019,2019,97.82608695652173
same_work,case,10.12743/quanta.v8i1.86,ENVIRONMENTAL EFFECTS ON NONLOCAL CORRELATIONS,Environmental Effects on Nonlocal Correlations,Guha; Bhattacharya; Das,Guha; Bhattacharya; Das; Bhattacharya; Mukherjee; Roy; Mukherjee; Ganguly; Majumdar,2019,2019,100.0
same_work,compound,10.12743/quanta.v8i1.86,Environmental fEfects on Nonlocal Correlations,Environmental Effects on Nonlocal Correlations,Guha; Bhattacharya; Das,Guha; Bhattacharya; Das; Bhattacharya; Mukherjee; Roy; Mukherjee; Ganguly; Majumdar,2019,2019,97.82608695652173
same_work,identity,10.22297/dl.v7i2.3218,O trabalho com os gêneros na perspectiva do Grupo de Genebra: entrevista com Eliane Lousada,O trabalho com os gêneros na perspectiva do Grupo de Genebra: entrevista com Eliane Lousada,Moretto; Wittke,Moretto; Wittke,2018,2018,100.0
same_work,drop_subtitle,10.22297/dl.v7i2.3218,O trabalho com os gêneros na perspectiva do Grupo de Genebra,O trabalho com os gêneros na perspectiva do Grupo de Genebra: entrevista com Eliane Lousada,Moretto; Wittke,Moretto; Wittke,2018,2018,100.0
same_work,truncate,10.22297/dl.v7i2.3218,O trabalho com os gêneros na perspectiva do Grupo de,O trabalho com os gêneros na perspectiva do Grupo de Genebra: entrevista com Eliane Lousada,Moretto; Wittke,Moretto; Wittke,2018,2018,100.0
same_work,typo,10.22297/dl.v7i2.3218,O trabalho com os gêneros na perspectiva do Grupo de Genebra: entrevitsa com Eliane Lousada,O trabalho com os gêneros na perspectiva do Grupo de Genebra: entrevista com Eliane Lousada,Moretto; Wittke,Moretto; Wittke,2018,2018,98.83720930232558
same_work,case,10.22297/dl.v7i2.3218,o trabalho com os gêneros na perspectiva do grupo de genebra: entrevista com eliane lousada,O trabalho com os gêneros na perspectiva do Grupo de Genebra: entrevista com Eliane Lousada,Moretto; Wittke,Moretto; Wittke,2018,2018,100.0
same_work,punctuation,10.22297/dl.v7i2.3218,O trabalho com os gêneros na perspectiva do Grupo de Genebra entrevista com Eliane Lousada,O trabalho com os gêneros na perspectiva do Grupo de Genebra: entrevista com Eliane Lousada,Moretto; Wittke,Moretto; Wittke,2018,2018,100.0
same_work,opening_words,10.22297/dl.v7i2.3218,O trabalho com os,O trabalho com os gêneros na perspectiva do Grupo de Genebra: entrevista com Eliane Lousada,Moretto; Wittke,Moretto; Wittke,2018,2018,100.0
same_work,compound,10.22297/dl.v7i2.3218,O trablaho com os gêneros na perspectiva do,O trabalho com os gêneros na perspectiva do Grupo de Genebra: entrevista com Eliane Lousada,Moretto; Wittke,Moretto; Wittke,2018,2018,88.31168831168831
same_work,identity,10.11606/issn.2316-9826.literartes.2016.125118,Lembranças de um tio: facetas murilianas,Lembranças de um tio: facetas murilianas,Nunes,Nunes,2016,2016,100.0
same_work,drop_subtitle,10.11606/issn.2316-9826.literartes.2016.125118,Lembranças de um tio,Lembranças de um tio: facetas murilianas,Nunes,Nunes,2016,2016,100.0
same_work,typo,10.11606/issn.2316-9826.literartes.2016.125118,Lembranças de um tio: faectas murilianas,Lembranças de um tio: facetas murilianas,Nunes,Nunes,2016,2016,97.43589743589743
same_work,case,10.11606/issn.2316-9826.literartes.2016.125118,LEMBRANÇAS DE UM TIO: FACETAS MURILIANAS,Lembranças de um tio: facetas murilianas,Nunes,Nunes,2016,2016,100.0
same_work,punctuation,10.11606/issn.2316-9826.literartes.2016.125118,Lembranças de um tio facetas murilianas,Lembranças de um tio: facetas murilianas,Nunes,Nunes,2016,2016,100.0
same_work,compound,10.11606/issn.2316-9826.literartes.2016.125118,Lembrançsa de um tio,Lembranças de um tio: facetas murilianas,Nunes,Nunes,2016,2016,67.79661016949152
same_work,identity,10.1108/ijhrh-09-2017-0050,Obesity and overweight issues could undermine Malaysia’s competitiveness,Obesity and overweight issues could undermine Malaysia’s competitiveness,Hassan; Sade; Rahman,Hassan; Sade; Rahman,2018,2018,100.0
same_work,truncate,10.1108/ijhrh-09-2017-0050,Obesity and overweight issues could undermine,Obesity and overweight issues could undermine Malaysia’s competitiveness,Hassan; Sade; Rahman,Hassan; Sade; Rahman,2018,2018,100.0
same_work,typo,10.1108/ijhrh-09-2017-0050,Obesity and overweight issues could undermine Malaysia’ scompetitiveness,Obesity and overweight issues could undermine Malaysia’s competitiveness,Hassan; Sade; Rahman,Hassan; Sade; Rahman,2018,2018,97.9020979020979
same_work,case,10.1108/ijhrh-09-2017-0050,obesity and overweight issues could undermine malaysia’s competitiveness,Obesity and overweight issues could undermine Malaysia’s competitiveness,Hassan; Sade; Rahman,Hassan; Sade; Rahman,2018,2018,100.0
same_work,punctuation,10.1108/ijhrh-09-2017-0050,Obesity and overweight issues could undermine Malaysias competitiveness,Obesity and overweight issues could undermine Malaysia’s competitiveness,Hassan; Sade; Rahman,Hassan; Sade; Rahman,2018,2018,99.3006993006993
same_work,compound,10.1108/ijhrh-09-2017-0050,Obesity and overweight issues coudl undermine,Obesity and overweight issues could undermine Malaysia’s competitiveness,Hassan; Sade; Rahman,Hassan; Sade; Rahman,2018,2018,92.85714285714286
same_work,identity,10.1177/1541931213601804,Wearable Heart Rate Monitor Technology Accuracy in Research: A Comparative Study Between PPG and ECG Technology,Wearable Heart Rate Monitor Technology Accuracy in Research: A Comparative Study Between PPG and ECG Technology,Weiler; Villajuan; Edkins,Weiler; Villajuan; Edkins; Cleary; Saleem,2017,2017,100.0
same_work,drop_subtitle,10.1177/1541931213601804,Wearable Heart Rate Monitor Technology Accuracy in Research,Wearable Heart Rate Monitor Technology Accuracy in Research: A Comparative Study Between PPG and ECG Technology,Weiler; Villajuan; Edkins,Weiler; Villajuan; Edkins; Cleary; Saleem,2017,2017,100.0
same_work,truncate,10.1177/1541931213601804,Wearable Heart Rate Monitor Technology Accuracy in Research: A Comparative Study Between,Wearable Heart Rate Monitor Technology Accuracy in Research: A Comparative Study Between PPG and ECG Technology,Weiler; Villajuan; Edkins,Weiler; Villajuan; Edkins; Cleary; Saleem,2017,2017,100.0
same_work,typo,10.1177/1541931213601804,Wearable Heart Rate Monitor Technology Accuracy in Research: A Comparative Study Between PPG and EGC Technology,Wearable Heart Rate Monitor Technology Accuracy in Research: A Comparative Study Between PPG and ECG Technology,Weiler; Villajuan; Edkins,Weiler; Villajuan; Edkins; Cleary; Saleem,2017,2017,98.98989898989899
same_work,case,10.1177/1541931213601804,WEARABLE HEART RATE MONITOR TECHNOLOGY ACCURACY IN RESEARCH: A COMPARATIVE STUDY BETWEEN PPG AND ECG TECHNOLOGY,Wearable Heart Rate Monitor Technology Accuracy in Research: A Comparative Study Between PPG and ECG Technology,Weiler; Villajuan; Edkins,Weiler; Villajuan; Edkins; Cleary; Saleem,2017,2017,100.0
same_work,punctuation,10.1177/1541931213601804,Wearable Heart Rate Monitor Technology Accuracy in Research A Comparative Study Between PPG and ECG Technology,Wearable Heart Rate Monitor Technology Accuracy in Research: A Comparative Study Between PPG and ECG Technology,Weiler; Villajuan; Edkins,Weiler; Villajuan; Edkins; Cleary; Saleem,2017,2017,100.0
same_work,opening_words,10.1177/1541931213601804,Wearable Heart Rate Monitor Technology,Wearable Heart Rate Monitor Technology Accuracy in Research: A Comparative Study Between PPG and ECG Technology,Weiler; Villajuan; Edkins,Weiler; Villajuan; Edkins; Cleary; Saleem,2017,2017,100.0
same_work,compound,10.1177/1541931213601804,Weaarble Heart Rate Monitor Technology,Wearable Heart Rate Monitor Technology Accuracy in Research: A Comparative Study Between PPG and ECG Technology,Weiler; Villajuan; Edkins,Weiler; Villajuan; Edkins; Cleary; Saleem,2017,2017,86.56716417910448
same_work,identity,10.1177/0033294119860255,Effects of Self-Esteem Threat on Physical Attractiveness Stereotypes,Effects of Self-Esteem Threat on Physical Attractiveness Stereotypes,Westfall; Millar; Walsh,Westfall; Millar; Walsh,2019,2019,100.0
same_work,truncate,10.1177/0033294119860255,Effects of Self-Esteem Threat on,Effects of Self-Esteem Threat on Physical Attractiveness Stereotypes,Westfall; Millar; Walsh,Westfall; Millar; Walsh,2019,2019,100.0
same_work,typo,10.1177/0033294119860255,Effects of Self-Esteem Threat on Physical Attractiveness Steerotypes,Effects of Self-Esteem Threat on Physical Attractiveness Stereotypes,Westfall; Millar; Walsh,Westfall; Millar; Walsh,2019,2019,98.52941176470588
same_work,case,10.1177/0033294119860255,EFFECTS OF SELF-ESTEEM THREAT ON PHYSICAL ATTRACTIVENESS STEREOTYPES,Effects of Self-Esteem Threat on Physical Attractiveness Stereotypes,Westfall; Millar; Walsh,Westfall; Millar; Walsh,2019,2019,100.0
same_work,punctuation,10.1177/0033294119860255,Effects of SelfEsteem Threat on Physical Attractiveness Stereotypes,Effects of Self-Esteem Threat on Physical Attractiveness Stereotypes,Westfall; Millar; Walsh,Westfall; Millar; Walsh,2019,2019,93.33333333333333
same_work,compound,10.1177/0033294119860255,Effects of SelfEsteem hTreat on,Effects of Self-Esteem Threat on Physical Attractiveness Stereotypes,Westfall; Millar; Walsh,Westfall; Millar; Walsh,2019,2019,59.09090909090909
same_work,identity,10.5014/ajot.2015.69s1-po7097,Occupational Therapy Life Skills Training for Juvenile Offenders in Foster Care,Occupational Therapy Life Skills Training for Juvenile Offenders in Foster Care,Kramper; Hullman; Allmayer,Kramper; Hullman; Allmayer; Phillips; Walterbach; DeTour; Mapes; Moller; Schriner,2015,2015,100.0
same_work,truncate,10.5014/ajot.2015.69s1-po7097,Occupational Therapy Life Skills Training for Juvenile,Occupational Therapy Life Skills Training for Juvenile Offenders in Foster Care,Kramper; Hullman; Allmayer,Kramper; Hullman; Allmayer; Phillips; Walterbach; DeTour; Mapes; Moller; Schriner,2015,2015,100.0
same_work,typo,10.5014/ajot.2015.69s1-po7097,Occupational Therapy Life Skills Training ofr Juvenile Offenders in Foster Care,Occupational Therapy Life Skills Training for Juvenile Offenders in Foster Care,Kramper; Hullman; Allmayer,Kramper; Hullman; Allmayer; Phillips; Walterbach; DeTour; Mapes; Moller; Schriner,2015,2015,98.73417721518987
same_work,case,10.5014/ajot.2015.69s1-po7097,OCCUPATIONAL THERAPY LIFE SKILLS TRAINING FOR JUVENILE OFFENDERS IN FOSTER CARE,Occupational Therapy Life Skills Training for Juvenile Offenders in Foster Care,Kramper; Hullman; Allmayer,Kramper; Hullman; Allmayer; Phillips; Walterbach; DeTour; Mapes; Moller; Schriner,2015,2015,100.0
same_work,opening_words,10.5014/ajot.2015.69s1-po7097,Occupational Therapy Life Skills,Occupational Therapy Life Skills Training for Juvenile Offenders in Foster Care,Kramper; Hullman; Allmayer,Kramper; Hullman; Allmayer; Phillips; Walterbach; DeTour; Mapes; Moller; Schriner,2015,2015,100.0
same_work,compound,10.5014/ajot.2015.69s1-po7097,Occupational Therapy Lif eSkills Training for Juvenile Offenders,Occupational Therapy Life Skills Training for Juvenile Offenders in Foster Care,Kramper; Hullman; Allmayer,Kramper; Hullman; Allmayer; Phillips; Walterbach; DeTour; Mapes; Moller; Schriner,2015,2015,89.65517241379311
same_work,identity,10.31315/telematika.v13i1.1718,PEMBUATAN MODEL CRM PADA PENGEMBANGAN E-GOVERNMENT DINAS KELAUTAN DAN PERIKANAN DIY MENGGUNAKAN COBIT 4.1 PADA DOMAIN DELIVERY AND SUPPORT (DS),PEMBUATAN MODEL CRM PADA PENGEMBANGAN E-GOVERNMENT DINAS KELAUTAN DAN PERIKANAN DIY MENGGUNAKAN COBIT 4.1 PADA DOMAIN DELIVERY AND SUPPORT (DS),Ghozali; Handayaningsih; Setiadi,Ghozali; Handayaningsih; Setiadi,2016,2016,100.0
same_work,truncate,10.31315/telematika.v13i1.1718,PEMBUATAN MODEL CRM PADA PENGEMBANGAN E-GOVERNMENT DINAS KELAUTAN DAN PERIKANAN DIY MENGGUNAKAN COBIT 4.1 PADA,PEMBUATAN MODEL CRM PADA PENGEMBANGAN E-GOVERNMENT DINAS KELAUTAN DAN PERIKANAN DIY MENGGUNAKAN COBIT 4.1 PADA DOMAIN DELIVERY AND SUPPORT (DS),Ghozali; Handayaningsih; Setiadi,Ghozali; Handayaningsih; Setiadi,2016,2016,100.0
same_work,typo,10.31315/telematika.v13i1.1718,PEMBUATAN MODEL CRM PADA PENGEMBANGAN E-GOVERNMENT DINAS KELAUTAN DAN PERIKANAN DIY MENGGUNAKAN COBIT 4.1 PADA DOMANI DELIVERY AND SUPPORT (DS),PEMBUATAN MODEL CRM PADA PENGEMBANGAN E-GOVERNMENT DINAS KELAUTAN DAN PERIKANAN DIY MENGGUNAKAN COBIT 4.1 PADA DOMAIN DELIVERY AND SUPPORT (DS),Ghozali; Handayaningsih; Setiadi,Ghozali; Handayaningsih; Setiadi,2016,2016,99.26470588235294
same_work,case,10.31315/telematika.v13i1.1718,PEMBUATAN MODEL CRM PADA PENGEMBANGAN E-GOVERNMENT DINAS KELAUTAN DAN PERIKANAN DIY MENGGUNAKAN COBIT 4.1 PADA DOMAIN DELIVERY AND SUPPORT (DS),PEMBUATAN MODEL CRM PADA PENGEMBANGAN E-GOVERNMENT DINAS KELAUTAN DAN PERIKANAN DIY MENGGUNAKAN COBIT 4.1 PADA DOMAIN DELIVERY AND SUPPORT (DS),Ghozali; Handayaningsih; Setiadi,Ghozali; Handayaningsih; Setiadi,2016,2016,100.0
same_work,punctuation,10.31315/telematika.v13i1.1718,PEMBUATAN MODEL CRM PADA PENGEMBANGAN EGOVERNMENT DINAS KELAUTAN DAN PERIKANAN DIY MENGGUNAKAN COBIT 41 PADA DOMAIN DELIVERY AND SUPPORT DS,PEMBUATAN MODEL CRM PADA PENGEMBANGAN E-GOVERNMENT DINAS KELAUTAN DAN PERIKANAN DIY MENGGUNAKAN COBIT 4.1 PADA DOMAIN DELIVERY AND SUPPORT (DS),Ghozali; Handayaningsih; Setiadi,Ghozali; Handayaningsih; Setiadi,2016,2016,98.51851851851852
same_work,opening_words,10.31315/telematika.v13i1.1718,PEMBUATAN MODEL CRM PADA PENGEMBANGAN,PEMBUATAN MODEL CRM PADA PENGEMBANGAN E-GOVERNMENT DINAS KELAUTAN DAN PERIKANAN DIY MENGGUNAKAN COBIT 4.1 PADA DOMAIN DELIVERY AND SUPPORT (DS),Ghozali; Handayaningsih; Setiadi,Ghozali; Handayaningsih; Setiadi,2016,2016,100.0
same_work,compound,10.31315/telematika.v13i1.1718,PEMBUATAN MODEL CRM PADA PENGEMBANGAN EGOVENRMENT DINAS KELAUTAN DAN PERIKANAN DIY MENGGUNAKAN COBIT,PEMBUATAN MODEL CRM PADA PENGEMBANGAN E-GOVERNMENT DINAS KELAUTAN DAN PERIKANAN DIY MENGGUNAKAN COBIT 4.1 PADA DOMAIN DELIVERY AND SUPPORT (DS),Ghozali; Handayaningsih; Setiadi,Ghozali; Handayaningsih; Setiadi,2016,2016,93.61702127659575
same_work,identity,10.1177/1359105315600234,Validation of a brief form of the Perceived Neighborhood Social Cohesion questionnaire,Validation of a brief form of the Perceived Neighborhood Social Cohesion questionnaire,Dupuis; Baggio; Gmel,Dupuis; Baggio; Gmel,2016,2016,100.0
same_work,truncate,10.1177/1359105315600234,Validation of a brief form of the Perceived,Validation of a brief form of the Perceived Neighborhood Social Cohesion questionnaire,Dupuis; Baggio; Gmel,Dupuis; Baggio; Gmel,2016,2016,100.0
same_work,typo,10.1177/1359105315600234,Validation fo a brief form of the Perceived Neighborhood Social Cohesion questionnaire,Validation of a brief form of the Perceived Neighborhood Social Cohesion questionnaire,Dupuis; Baggio; Gmel,Dupuis; Baggio; Gmel,2016,2016,100.0
same_work,case,10.1177/1359105315600234,VALIDATION OF A BRIEF FORM OF THE PERCEIVED NEIGHBORHOOD SOCIAL COHESION QUESTIONNAIRE,Validation of a brief form of the Perceived Neighborhood Social Cohesion questionnaire,Dupuis; Baggio; Gmel,Dupuis; Baggio; Gmel,2016,2016,100.0
same_work,opening_words,10.1177/1359105315600234,Validation of a brief form,Validation of a brief form of the Perceived Neighborhood Social Cohesion questionnaire,Dupuis; Baggio; Gmel,Dupuis; Baggio; Gmel,2016,2016,100.0
same_work,compound,10.1177/1359105315600234,Validation of a brief form of the Perceived Neihgborhood,Validation of a brief form of the Perceived Neighborhood Social Cohesion questionnaire,Dupuis; Baggio; Gmel,Dupuis; Baggio; Gmel,2016,2016,86.02150537634408
same_work,identity,10.3895/rbect.v10n1.5687,A Teoria da Complexidade de Edgar Morin e o Ensino de Ciência e Tecnologia,A Teoria da Complexidade de Edgar Morin e o Ensino de Ciência e Tecnologia,Salles; Matos,Salles; Matos,2017,2017,100.0
same_work,truncate,10.3895/rbect.v10n1.5687,A Teoria da Complexidade de Edgar Morin e o Ensino,A Teoria da Complexidade de Edgar Morin e o Ensino de Ciência e Tecnologia,Salles; Matos,Salles; Matos,2017,2017,100.0
same_work,typo,10.3895/rbect.v10n1.5687,A Teoria da Complexidade de Edgar Morin e o Ensino de Ciência e Tecnloogia,A Teoria da Complexidade de Edgar Morin e o Ensino de Ciência e Tecnologia,Salles; Matos,Salles; Matos,2017,2017,98.55072463768116
same_work,case,10.3895/rbect.v10n1.5687,a teoria da complexidade de edgar morin e o ensino de ciência e tecnologia,A Teoria da Complexidade de Edgar Morin e o Ensino de Ciência e Tecnologia,Salles; Matos,Salles; Matos,2017,2017,100.0
same_work,opening_words,10.3895/rbect.v10n1.5687,A Teoria da Complexidade de,A Teoria da Complexidade de Edgar Morin e o Ensino de Ciência e Tecnologia,Salles; Matos,Salles; Matos,2017,2017,100.0
same_work,compound,10.3895/rbect.v10n1.5687,A Teoria da Complexidaed de Edgar Morin e o,A Teoria da Complexidade de Edgar Morin e o Ensino de Ciência e Tecnologia,Salles; Matos,Salles; Matos,2017,2017,82.1917808219178
same_work,identity,10.1029/2018gc007640,Implications of Microbial Thiosulfate Utilization in Red Clay Sediments of the Central Indian Basin: The Martian Analogy,Implications of Microbial Thiosulfate Utilization in Red Clay Sediments of the Central Indian Basin: The Martian Analogy,Singh; Kshirsagar; Das,Singh; Kshirsagar; Das; Yadav; Mallik; Mascarenhas‐Pereira; Thomas; Shivaramu; P. A.; Khadge; Nath; Dhakephalkar; Iyer; Ray; Valsangkar; Garg; Prakash Babu; Waghole; Waghmare; Rajwade; Paknikar,2019,2019,100.0
same_work,drop_subtitle,10.1029/2018gc007640,Implications of Microbial Thiosulfate Utilization in Red Clay Sediments of the Central Indian Basin,Implications of Microbial Thiosulfate Utilization in Red Clay Sediments of the Central Indian Basin: The Martian Analogy,Singh; Kshirsagar; Das,Singh; Kshirsagar; Das; Yadav; Mallik; Mascarenhas‐Pereira; Thomas; Shivaramu; P. A.; Khadge; Nath; Dhakephalkar; Iyer; Ray; Valsangkar; Garg; Prakash Babu; Waghole; Waghmare; Rajwade; Paknikar,2019,2019,100.0
same_work,truncate,10.1029/2018gc007640,Implications of Microbial Thiosulfate Utilization in Red Clay Sediments of the Central,Implications of Microbial Thiosulfate Utilization in Red Clay Sediments of the Central Indian Basin: The Martian Analogy,Singh; Kshirsagar; Das,Singh; Kshirsagar; Das; Yadav; Mallik; Mascarenhas‐Pereira; Thomas; Shivaramu; P. A.; Khadge; Nath; Dhakephalkar; Iyer; Ray; Valsangkar; Garg; Prakash Babu; Waghole; Waghmare; Rajwade; Paknikar,2019,2019,100.0
same_work,typo,10.1029/2018gc007640,Implictaions of Microbial Thiosulfate Utilization in Red Clay Sediments of the Central Indian Basin: The Martian Analogy,Implications of Microbial Thiosulfate Utilization in Red Clay Sediments of the Central Indian Basin: The Martian Analogy,Singh; Kshirsagar; Das,Singh; Kshirsagar; Das; Yadav; Mallik; Mascarenhas‐Pereira; Thomas; Shivaramu; P. A.; Khadge; Nath; Dhakephalkar; Iyer; Ray; Valsangkar; Garg; Prakash Babu; Waghole; Waghmare; Rajwade; Paknikar,2019,2019,99.10714285714286
same_work,case,10.1029/2018gc007640,IMPLICATIONS OF MICROBIAL THIOSULFATE UTILIZATION IN RED CLAY SEDIMENTS OF THE CENTRAL INDIAN BASIN: THE MARTIAN ANALOGY,Implications of Microbial Thiosulfate Utilization in Red Clay Sediments of the Central Indian Basin: The Martian Analogy,Singh; Kshirsagar; Das,Singh; Kshirsagar; Das; Yadav; Mallik; Mascarenhas‐Pereira; Thomas; Shivaramu; P. A.; Khadge; Nath; Dhakephalkar; Iyer; Ray; Valsangkar; Garg; Prakash Babu; Waghole; Waghmare; Rajwade; Paknikar,2019,2019,100.0
same_work,punctuation,10.1029/2018gc007640,Implications of Microbial Thiosulfate Utilization in Red Clay Sediments of the Central Indian Basin The Martian Analogy,Implications of Microbial Thiosulfate Utilization in Red Clay Sediments of the Central Indian Basin: The Martian Analogy,Singh; Kshirsagar; Das,Singh; Kshirsagar; Das; Yadav; Mallik; Mascarenhas‐Pereira; Thomas; Shivaramu; P. A.; Khadge; Nath; Dhakephalkar; Iyer; Ray; Valsangkar; Garg; Prakash Babu; Waghole; Waghmare; Rajwade; Paknikar,2019,2019,100.0
same_work,opening_words,10.1029/2018gc007640,Implications of Microbial Thiosulfate,Implications of Microbial Thiosulfate Utilization in Red Clay Sediments of the Central Indian Basin: The Martian Analogy,Singh; Kshirsagar; Das,Singh; Kshirsagar; Das; Yadav; Mallik; Mascarenhas‐Pereira; Thomas; Shivaramu; P. A.; Khadge; Nath; Dhakephalkar; Iyer; Ray; Valsangkar; Garg; Prakash Babu; Waghole; Waghmare; Rajwade; Paknikar,2019,2019,100.0
same_work,compound,10.1029/2018gc007640,Implications of Microbial Thiosulfate Utilizatio nin Red Clay Sediments,Implications of Microbial Thiosulfate Utilization in Red Clay Sediments of the Central Indian Basin: The Martian Analogy,Singh; Kshirsagar; Das,Singh; Kshirsagar; Das; Yadav; Mallik; Mascarenhas‐Pereira; Thomas; Shivaramu; P. A.; Khadge; Nath; Dhakephalkar; Iyer; Ray; Valsangkar; Garg; Prakash Babu; Waghole; Waghmare; Rajwade; Paknikar,2019,2019,88.18897637795276
same_work,identity,10.33178/boolean.2015.42,"Surviving in uncertainty: experiences of recession in Knocknaheeny, Cork","Surviving in uncertainty: experiences of recession in Knocknaheeny, Cork",Van Lanen,Van Lanen,2015,2015,100.0
same_work,drop_subtitle,10.33178/boolean.2015.42,Surviving in uncertainty,"Surviving in uncertainty: experiences of recession in Knocknaheeny, Cork",Van Lanen,Van Lanen,2015,2015,100.0
same_work,truncate,10.33178/boolean.2015.42,Surviving in uncertainty: experiences of,"Surviving in uncertainty: experiences of recession in Knocknaheeny, Cork",Van Lanen,Van Lanen,2015,2015,100.0
same_work,typo,10.33178/boolean.2015.42,"Surviving in uncertainty: experiences of recessino in Knocknaheeny, Cork","Surviving in uncertainty: experiences of recession in Knocknaheeny, Cork",Van Lanen,Van Lanen,2015,2015,98.50746268656717
same_work,case,10.33178/boolean.2015.42,"surviving in uncertainty: experiences of recession in knocknaheeny, cork","Surviving in uncertainty: experiences of recession in Knocknaheeny, Cork",Van Lanen,Van Lanen,2015,2015,100.0
same_work,punctuation,10.33178/boolean.2015.42,Surviving in uncertainty experiences of recession in Knocknaheeny Cork,"Surviving in uncertainty: experiences of recession in Knocknaheeny, Cork",Van Lanen,Van Lanen,2015,2015,100.0
same_work,opening_words,10.33178/boolean.2015.42,Surviving in uncertainty: experiences of,"Surviving in uncertainty: experiences of recession in Knocknaheeny, Cork",Van Lanen,Van Lanen,2015,2015,100.0
same_work,compound,10.33178/boolean.2015.42,Surviving in uncertanity,"Surviving in uncertainty: experiences of recession in Knocknaheeny, Cork",Van Lanen,Van Lanen,2015,2015,66.66666666666666
same_work,identity,10.1159/000430944,Diffuse Dermal Angiomatosis: A Clue to the Diagnosis of Atherosclerotic Vascular Disease,Diffuse Dermal Angiomatosis: A Clue to the Diagnosis of Atherosclerotic Vascular Disease,Sriphojanart; Vachiramon,Sriphojanart; Vachiramon,2015,2015,100.0
same_work,drop_subtitle,10.1159/000430944,Diffuse Dermal Angiomatosis,Diffuse Dermal Angiomatosis: A Clue to the Diagnosis of Atherosclerotic Vascular Disease,Sriphojanart; Vachiramon,Sriphojanart; Vachiramon,2015,2015,100.0
same_work,truncate,10.1159/000430944,Diffuse Dermal Angiomatosis: A Clue to the,Diffuse Dermal Angiomatosis: A Clue to the Diagnosis of Atherosclerotic Vascular Disease,Sriphojanart; Vachiramon,Sriphojanart; Vachiramon,2015,2015,100.0
same_work,typo,10.1159/000430944,Diffuse Dermal Angiomatosis: A Clue ot the Diagnosis of Atherosclerotic Vascular Disease,Diffuse Dermal Angiomatosis: A Clue to the Diagnosis of Atherosclerotic Vascular Disease,Sriphojanart; Vachiramon,Sriphojanart; Vachiramon,2015,2015,98.85057471264368
same_work,case,10.1159/000430944,diffuse dermal angiomatosis: a clue to the diagnosis of atherosclerotic vascular disease,Diffuse Dermal Angiomatosis: A Clue to the Diagnosis of Atherosclerotic Vascular Disease,Sriphojanart; Vachiramon,Sriphojanart; Vachiramon,2015,2015,100.0
same_work,punctuation,10.1159/000430944,Diffuse Dermal Angiomatosis A Clue to the Diagnosis of Atherosclerotic Vascular Disease,Diffuse Dermal Angiomatosis: A Clue to the Diagnosis of Atherosclerotic Vascular Disease,Sriphojanart; Vachiramon,Sriphojanart; Vachiramon,2015,2015,100.0
same_work,opening_words,10.1159/000430944,Diffuse Dermal Angiomatosis: A,Diffuse Dermal Angiomatosis: A Clue to the Diagnosis of Atherosclerotic Vascular Disease,Sriphojanart; Vachiramon,Sriphojanart; Vachiramon,2015,2015,100.0
same_work,compound,10.1159/000430944,Diffuse Dermal Angiomatoiss,Diffuse Dermal Angiomatosis: A Clue to the Diagnosis of Atherosclerotic Vascular Disease,Sriphojanart; Vachiramon,Sriphojanart; Vachiramon,2015,2015,68.29268292682927
same_work,identity,10.1088/0266-5611/32/12/125003,Conditional stability versus ill-posedness for operator equations with monotone operators in Hilbert space,Conditional stability versus ill-posedness for operator equations with monotone operators in Hilbert space,Boţ; Hofmann,Boţ; Hofmann,2016,2016,100.0
same_work,truncate,10.1088/0266-5611/32/12/125003,Conditional stability versus ill-posedness for operator equations with,Conditional stability versus ill-posedness for operator equations with monotone operators in Hilbert space,Boţ; Hofmann,Boţ; Hofmann,2016,2016,100.0
same_work,typo,10.1088/0266-5611/32/12/125003,Conditional stability versus ill-posedness for operator equations with monotone opeartors in Hilbert space,Conditional stability versus ill-posedness for operator equations with monotone operators in Hilbert space,Boţ; Hofmann,Boţ; Hofmann,2016,2016,99.05660377358491
same_work,case,10.1088/0266-5611/32/12/125003,CONDITIONAL STABILITY VERSUS ILL-POSEDNESS FOR OPERATOR EQUATIONS WITH MONOTONE OPERATORS IN HILBERT SPACE,Conditional stability versus ill-posedness for operator equations with monotone operators in Hilbert space,Boţ; Hofmann,Boţ; Hofmann,2016,2016,100.0
same_work,punctuation,10.1088/0266-5611/32/12/125003,Conditional stability versus illposedness for operator equations with monotone operators in Hilbert space,Conditional stability versus ill-posedness for operator equations with monotone operators in Hilbert space,Boţ; Hofmann,Boţ; Hofmann,2016,2016,99.5260663507109
same_work,opening_words,10.1088/0266-5611/32/12/125003,Conditional stability versus ill-posedness for,Conditional stability versus ill-posedness for operator equations with monotone operators in Hilbert space,Boţ; Hofmann,Boţ; Hofmann,2016,2016,100.0
same_work,compound,10.1088/0266-5611/32/12/125003,Conditioanl stability versus illposedness for operator equations with monotone,Conditional stability versus ill-posedness for operator equations with monotone operators in Hilbert space,Boţ; Hofmann,Boţ; Hofmann,2016,2016,83.69565217391305
same_work,identity,10.3917/rhis.152.0303,Théorie et pratique du pouvoir royal : l’exemple du procès entre l’évêque de Mende et le roi de France (1269-1307),Théorie et pratique du pouvoir royal : l’exemple du procès entre l’évêque de Mende et le roi de France (1269-1307),Meissonnier,Meissonnier,2015,2015,100.0
same_work,drop_subtitle,10.3917/rhis.152.0303,Théorie et pratique du pouvoir royal,Théorie et pratique du pouvoir royal : l’exemple du procès entre l’évêque de Mende et le roi de France (1269-1307),Meissonnier,Meissonnier,2015,2015,100.0
same_work,truncate,10.3917/rhis.152.0303,Théorie et pratique du pouvoir royal : l’exemple du procès entre l’évêque de Mende,Théorie et pratique du pouvoir royal : l’exemple du procès entre l’évêque de Mende et le roi de France (1269-1307),Meissonnier,Meissonnier,2015,2015,100.0
same_work,typo,10.3917/rhis.152.0303,Théorie et pratique du pouvoir royal : l’exmeple du procès entre l’évêque de Mende et le roi de France (1269-1307),Théorie et pratique du pouvoir royal : l’exemple du procès entre l’évêque de Mende et le roi de France (1269-1307),Meissonnier,Meissonnier,2015,2015,98.98989898989899
same_work,case,10.3917/rhis.152.0303,THÉORIE ET PRATIQUE DU POUVOIR ROYAL : L’EXEMPLE DU PROCÈS ENTRE L’ÉVÊQUE DE MENDE ET LE ROI DE FRANCE (1269-1307),Théorie et pratique du pouvoir royal : l’exemple du procès entre l’évêque de Mende et le roi de France (1269-1307),Meissonnier,Meissonnier,2015,2015,100.0
same_work,punctuation,10.3917/rhis.152.0303,Théorie et pratique du pouvoir royal  lexemple du procès entre lévêque de Mende et le roi de France 12691307,Théorie et pratique du pouvoir royal : l’exemple du procès entre l’évêque de Mende et le roi de France (1269-1307),Meissonnier,Meissonnier,2015,2015,97.46192893401015
same_work,opening_words,10.3917/rhis.152.0303,Théorie et pratique du,Théorie et pratique du pouvoir royal : l’exemple du procès entre l’évêque de Mende et le roi de France (1269-1307),Meissonnier,Meissonnier,2015,2015,100.0
same_work,compound,10.3917/rhis.152.0303,Thoérie et pratique du pouvoir royal,Théorie et pratique du pouvoir royal : l’exemple du procès entre l’évêque de Mende et le roi de France (1269-1307),Meissonnier,Meissonnier,2015,2015,87.5
same_work,identity,10.1515/qal-2016-0006,Extraction out of adjectival secondary predicates in English and Spanish: A nanosyntactic account,Extraction out of adjectival secondary predicates in English and Spanish: A nanosyntactic account,Fábregas; Jiménez-Fernández,Fábregas; Jiménez-Fernández,2016,2016,100.0
same_work,drop_subtitle,10.1515/qal-2016-0006,Extraction out of adjectival secondary predicates in English and Spanish,Extraction out of adjectival secondary predicates in English and Spanish: A nanosyntactic account,Fábregas; Jiménez-Fernández,Fábregas; Jiménez-Fernández,2016,2016,100.0
same_work,truncate,10.1515/qal-2016-0006,Extraction out of adjectival secondary predicates in,Extraction out of adjectival secondary predicates in English and Spanish: A nanosyntactic account,Fábregas; Jiménez-Fernández,Fábregas; Jiménez-Fernández,2016,2016,100.0
same_work,typo,10.1515/qal-2016-0006,Extraction out of adjectival secondary predicates in English and Spanish: A nanosyntactic account,Extraction out of adjectival secondary predicates in English and Spanish: A nanosyntactic account,Fábregas; Jiménez-Fernández,Fábregas; Jiménez-Fernández,2016,2016,100.0
same_work,case,10.1515/qal-2016-0006,extraction out of adjectival secondary predicates in english and spanish: a nanosyntactic account,Extraction out of adjectival secondary predicates in English and Spanish: A nanosyntactic account,Fábregas; Jiménez-Fernández,Fábregas; Jiménez-Fernández,2016,2016,100.0
same_work,punctuation,10.1515/qal-2016-0006,Extraction out of adjectival secondary predicates in English and Spanish A nanosyntactic account,Extraction out of adjectival secondary predicates in English and Spanish: A nanosyntactic account,Fábregas; Jiménez-Fernández,Fábregas; Jiménez-Fernández,2016,2016,100.0
same_work,opening_words,10.1515/qal-2016-0006,Extraction out of adjectival secondary,Extraction out of adjectival secondary predicates in English and Spanish: A nanosyntactic account,Fábregas; Jiménez-Fernández,Fábregas; Jiménez-Fernández,2016,2016,100.0
same_work,compound,10.1515/qal-2016-0006,Extraction out of adjectival secondary preidcates,Extraction out of adjectival secondary predicates in English and Spanish: A nanosyntactic account,Fábregas; Jiménez-Fernández,Fábregas; Jiménez-Fernández,2016,2016,87.35632183908046
same_work,identity,10.1017/eso.2019.28,"Reorganization of Multinational Companies in the Western European Chemical Industry: Transformations in Industrial Management and Labor, 1960s to 1990s","Reorganization of Multinational Companies in the Western European Chemical Industry: Transformations in Industrial Management and Labor, 1960s to 1990s",MARX,MARX,2019,2019,100.0
same_work,drop_subtitle,10.1017/eso.2019.28,Reorganization of Multinational Companies in the Western European Chemical Industry,"Reorganization of Multinational Companies in the Western European Chemical Industry: Transformations in Industrial Management and Labor, 1960s to 1990s",MARX,MARX,2019,2019,100.0
same_work,truncate,10.1017/eso.2019.28,Reorganization of Multinational Companies in the Western European Chemical Industry: Transformations in Industrial,"Reorganization of Multinational Companies in the Western European Chemical Industry: Transformations in Industrial Management and Labor, 1960s to 1990s",MARX,MARX,2019,2019,100.0
same_work,typo,10.1017/eso.2019.28,"Reorganization of Multinational Companies in the Western European Chemical Industry: Transformations in Industrial Mnaagement and Labor, 1960s to 1990s","Reorganization of Multinational Companies in the Western European Chemical Industry: Transformations in Industrial Management and Labor, 1960s to 1990s",MARX,MARX,2019,2019,99.31506849315069
same_work,case,10.1017/eso.2019.28,"REORGANIZATION OF MULTINATIONAL COMPANIES IN THE WESTERN EUROPEAN CHEMICAL INDUSTRY: TRANSFORMATIONS IN INDUSTRIAL MANAGEMENT AND LABOR, 1960S TO 1990S","Reorganization of Multinational Companies in the Western European Chemical Industry: Transformations in Industrial Management and Labor, 1960s to 1990s",MARX,MARX,2019,2019,100.0
same_work,punctuation,10.1017/eso.2019.28,Reorganization of Multinational Companies in the Western European Chemical Industry Transformations in Industrial Management and Labor 1960s to 1990s,"Reorganization of Multinational Companies in the Western European Chemical Industry: Transformations in Industrial Management and Labor, 1960s to 1990s",MARX,MARX,2019,2019,100.0
same_work,opening_words,10.1017/eso.2019.28,Reorganization of Multinational Companies in,"Reorganization of Multinational Companies in the Western European Chemical Industry: Transformations in Industrial Management and Labor, 1960s to 1990s",MARX,MARX,2019,2019,100.0
same_work,compound,10.1017/eso.2019.28,Reorganization of Multinational Comapnies in the,"Reorganization of Multinational Companies in the Western European Chemical Industry: Transformations in Industrial Management and Labor, 1960s to 1990s",MARX,MARX,2019,2019,88.37209302325581
same_work,identity,10.1063/1.4999428,Electrical transport and optical band gap of NiFe2Ox thin films,Electrical transport and optical band gap of NiFe2Ox thin films,Bougiatioti; Manos; Klewe,Bougiatioti; Manos; Klewe; Meier; Teichert; Schmalhorst; Kuschel; Reiss,2017,2017,100.0
same_work,truncate,10.1063/1.4999428,Electrical transport and optical band gap of,Electrical transport and optical band gap of NiFe2Ox thin films,Bougiatioti; Manos; Klewe,Bougiatioti; Manos; Klewe; Meier; Teichert; Schmalhorst; Kuschel; Reiss,2017,2017,100.0
same_work,typo,10.1063/1.4999428,Electrical trnasport and optical band gap of NiFe2Ox thin films,Electrical transport and optical band gap of NiFe2Ox thin films,Bougiatioti; Manos; Klewe,Bougiatioti; Manos; Klewe; Meier; Teichert; Schmalhorst; Kuschel; Reiss,2017,2017,98.41269841269842
same_work,case,10.1063/1.4999428,ELECTRICAL TRANSPORT AND OPTICAL BAND GAP OF NIFE2OX THIN FILMS,Electrical transport and optical band gap of NiFe2Ox thin films,Bougiatioti; Manos; Klewe,Bougiatioti; Manos; Klewe; Meier; Teichert; Schmalhorst; Kuschel; Reiss,2017,2017,100.0
same_work,opening_words,10.1063/1.4999428,Electrical transport and optical band,Electrical transport and optical band gap of NiFe2Ox thin films,Bougiatioti; Manos; Klewe,Bougiatioti; Manos; Klewe; Meier; Teichert; Schmalhorst; Kuschel; Reiss,2017,2017,100.0
same_work,compound,10.1063/1.4999428,Electrical trasnport and optical band gap of,Electrical transport and optical band gap of NiFe2Ox thin films,Bougiatioti; Manos; Klewe,Bougiatioti; Manos; Klewe; Meier; Teichert; Schmalhorst; Kuschel; Reiss,2017,2017,87.17948717948718
same_work,identity,10.2478/amph-2022-0008,Multiple Identities and Emerging Selves in Bharati Mukherjee’s Jasmine,Multiple Identities and Emerging Selves in Bharati Mukherjee’s Jasmine,Ștefanovici; Florina-Gabriela,Ștefanovici; Florina-Gabriela,2019,2019,100.0
same_work,truncate,10.2478/amph-2022-0008,Multiple Identities and Emerging Selves in,Multiple Identities and Emerging Selves in Bharati Mukherjee’s Jasmine,Ștefanovici; Florina-Gabriela,Ștefanovici; Florina-Gabriela,2019,2019,100.0
same_work,typo,10.2478/amph-2022-0008,Multiple Identities and Emerging Selves in Bharati Mukhereje’s Jasmine,Multiple Identities and Emerging Selves in Bharati Mukherjee’s Jasmine,Ștefanovici; Florina-Gabriela,Ștefanovici; Florina-Gabriela,2019,2019,98.57142857142857
same_work,case,10.2478/amph-2022-0008,multiple identities and emerging selves in bharati mukherjee’s jasmine,Multiple Identities and Emerging Selves in Bharati Mukherjee’s Jasmine,Ștefanovici; Florina-Gabriela,Ștefanovici; Florina-Gabriela,2019,2019,100.0
same_work,punctuation,10.2478/amph-2022-0008,Multiple Identities and Emerging Selves in Bharati Mukherjees Jasmine,Multiple Identities and Emerging Selves in Bharati Mukherjee’s Jasmine,Ștefanovici; Florina-Gabriela,Ștefanovici; Florina-Gabriela,2019,2019,99.28057553956835
same_work,opening_words,10.2478/amph-2022-0008,Multiple Identities and Emerging Selves,Multiple Identities and Emerging Selves in Bharati Mukherjee’s Jasmine,Ștefanovici; Florina-Gabriela,Ștefanovici; Florina-Gabriela,2019,2019,100.0
same_work,compound,10.2478/amph-2022-0008,Multiple Identities an dEmerging Selves in,Multiple Identities and Emerging Selves in Bharati Mukherjee’s Jasmine,Ștefanovici; Florina-Gabriela,Ștefanovici; Florina-Gabriela,2019,2019,81.69014084507043
same_work,identity,10.22322/dkb.v36i2.5446,DYEING OF COTTON FABRIC WITH NATURAL DYE FROM CUDRANIA JAVANENSIS USING SOKA LEAVES EXTRACT AS BIOMORDANT,DYEING OF COTTON FABRIC WITH NATURAL DYE FROM CUDRANIA JAVANENSIS USING SOKA LEAVES EXTRACT AS BIOMORDANT,Darsih; Lestari; Pratiwi,Darsih; Lestari; Pratiwi; Indrianingsih; Rosyida; Apriana; Nisa; Hayati; Handayani; Wulanjati,2019,2019,100.0
same_work,truncate,10.22322/dkb.v36i2.5446,DYEING OF COTTON FABRIC WITH NATURAL DYE FROM CUDRANIA,DYEING OF COTTON FABRIC WITH NATURAL DYE FROM CUDRANIA JAVANENSIS USING SOKA LEAVES EXTRACT AS BIOMORDANT,Darsih; Lestari; Pratiwi,Darsih; Lestari; Pratiwi; Indrianingsih; Rosyida; Apriana; Nisa; Hayati; Handayani; Wulanjati,2019,2019,100.0
same_work,typo,10.22322/dkb.v36i2.5446,DYEING OF COTTON FABRIC WITH NATURAL DYE FROM CUDRANIA JAVANNESIS USING SOKA LEAVES EXTRACT AS BIOMORDANT,DYEING OF COTTON FABRIC WITH NATURAL DYE FROM CUDRANIA JAVANENSIS USING SOKA LEAVES EXTRACT AS BIOMORDANT,Darsih; Lestari; Pratiwi,Darsih; Lestari; Pratiwi; Indrianingsih; Rosyida; Apriana; Nisa; Hayati; Handayani; Wulanjati,2019,2019,99.04761904761905
same_work,case,10.22322/dkb.v36i2.5446,dyeing of cotton fabric with natural dye from cudrania javanensis using soka leaves extract as biomordant,DYEING OF COTTON FABRIC WITH NATURAL DYE FROM CUDRANIA JAVANENSIS USING SOKA LEAVES EXTRACT AS BIOMORDANT,Darsih; Lestari; Pratiwi,Darsih; Lestari; Pratiwi; Indrianingsih; Rosyida; Apriana; Nisa; Hayati; Handayani; Wulanjati,2019,2019,100.0
same_work,opening_words,10.22322/dkb.v36i2.5446,DYEING OF COTTON FABRIC,DYEING OF COTTON FABRIC WITH NATURAL DYE FROM CUDRANIA JAVANENSIS USING SOKA LEAVES EXTRACT AS BIOMORDANT,Darsih; Lestari; Pratiwi,Darsih; Lestari; Pratiwi; Indrianingsih; Rosyida; Apriana; Nisa; Hayati; Handayani; Wulanjati,2019,2019,100.0
same_work,compound,10.22322/dkb.v36i2.5446,DYEING OF COTTON FABRIC WITH NATURAL DYE FROM CUDRANIA JAVANENSIS USING OSKA,DYEING OF COTTON FABRIC WITH NATURAL DYE FROM CUDRANIA JAVANENSIS USING SOKA LEAVES EXTRACT AS BIOMORDANT,Darsih; Lestari; Pratiwi,Darsih; Lestari; Pratiwi; Indrianingsih; Rosyida; Apriana; Nisa; Hayati; Handayani; Wulanjati,2019,2019,96.59863945578232
same_work,identity,10.37828/em.2015.3.11,"NOTES ON THE MALACOFAUNA OF ISMAROS MTS. (N GREECE, RHODOPI COUNTY)","NOTES ON THE MALACOFAUNA OF ISMAROS MTS. (N GREECE, RHODOPI COUNTY)",Georgiev; Ivanova,Georgiev; Ivanova,2015,2015,100.0
same_work,truncate,10.37828/em.2015.3.11,NOTES ON THE MALACOFAUNA OF ISMAROS,"NOTES ON THE MALACOFAUNA OF ISMAROS MTS. (N GREECE, RHODOPI COUNTY)",Georgiev; Ivanova,Georgiev; Ivanova,2015,2015,100.0
same_work,typo,10.37828/em.2015.3.11,"NOETS ON THE MALACOFAUNA OF ISMAROS MTS. (N GREECE, RHODOPI COUNTY)","NOTES ON THE MALACOFAUNA OF ISMAROS MTS. (N GREECE, RHODOPI COUNTY)",Georgiev; Ivanova,Georgiev; Ivanova,2015,2015,98.41269841269842
same_work,case,10.37828/em.2015.3.11,"notes on the malacofauna of ismaros mts. (n greece, rhodopi county)","NOTES ON THE MALACOFAUNA OF ISMAROS MTS. (N GREECE, RHODOPI COUNTY)",Georgiev; Ivanova,Georgiev; Ivanova,2015,2015,100.0
same_work,punctuation,10.37828/em.2015.3.11,NOTES ON THE MALACOFAUNA OF ISMAROS MTS N GREECE RHODOPI COUNTY,"NOTES ON THE MALACOFAUNA OF ISMAROS MTS. (N GREECE, RHODOPI COUNTY)",Georgiev; Ivanova,Georgiev; Ivanova,2015,2015,100.0
same_work,opening_words,10.37828/em.2015.3.11,NOTES ON THE MALACOFAUNA OF,"NOTES ON THE MALACOFAUNA OF ISMAROS MTS. (N GREECE, RHODOPI COUNTY)",Georgiev; Ivanova,Georgiev; Ivanova,2015,2015,100.0
same_work,compound,10.37828/em.2015.3.11,NOTES ON THE MALACOFAUNA OF SIMAROS MTS N,"NOTES ON THE MALACOFAUNA OF ISMAROS MTS. (N GREECE, RHODOPI COUNTY)",Georgiev; Ivanova,Georgiev; Ivanova,2015,2015,89.1891891891892
same_work,identity,10.1002/sdtp.12345,57‐2: Scalable Crystallization of a‐Si Film on a Glass Substrate by Using a Blue Laser,57‐2: Scalable Crystallization of a‐Si Film on a Glass Substrate by Using a Blue Laser,Park; Hong; Jung,Park; Hong; Jung; Lee; Rho; Park; Grigoropoulos; Jang,2018,2018,100.0
same_work,truncate,10.1002/sdtp.12345,57‐2: Scalable Crystallization of a‐Si Film on a Glass Substrate,57‐2: Scalable Crystallization of a‐Si Film on a Glass Substrate by Using a Blue Laser,Park; Hong; Jung,Park; Hong; Jung; Lee; Rho; Park; Grigoropoulos; Jang,2018,2018,100.0
same_work,typo,10.1002/sdtp.12345,57‐2: Scalable Crytsallization of a‐Si Film on a Glass Substrate by Using a Blue Laser,57‐2: Scalable Crystallization of a‐Si Film on a Glass Substrate by Using a Blue Laser,Park; Hong; Jung,Park; Hong; Jung; Lee; Rho; Park; Grigoropoulos; Jang,2018,2018,98.76543209876543
same_work,case,10.1002/sdtp.12345,57‐2: SCALABLE CRYSTALLIZATION OF A‐SI FILM ON A GLASS SUBSTRATE BY USING A BLUE LASER,57‐2: Scalable Crystallization of a‐Si Film on a Glass Substrate by Using a Blue Laser,Park; Hong; Jung,Park; Hong; Jung; Lee; Rho; Park; Grigoropoulos; Jang,2018,2018,100.0
same_work,punctuation,10.1002/sdtp.12345,572 Scalable Crystallization of aSi Film on a Glass Substrate by Using a Blue Laser,57‐2: Scalable Crystallization of a‐Si Film on a Glass Substrate by Using a Blue Laser,Park; Hong; Jung,Park; Hong; Jung; Lee; Rho; Park; Grigoropoulos; Jang,2018,2018,97.53086419753086
same_work,opening_words,10.1002/sdtp.12345,57‐2: Scalable Crystallization of,57‐2: Scalable Crystallization of a‐Si Film on a Glass Substrate by Using a Blue Laser,Park; Hong; Jung,Park; Hong; Jung; Lee; Rho; Park; Grigoropoulos; Jang,2018,2018,100.0
same_work,compound,10.1002/sdtp.12345,572 Scalable Crystallization o faSi Film on a Glass,57‐2: Scalable Crystallization of a‐Si Film on a Glass Substrate by Using a Blue Laser,Park; Hong; Jung,Park; Hong; Jung; Lee; Rho; Park; Grigoropoulos; Jang,2018,2018,87.91208791208791
same_work,identity,10.1155/2018/3671640,Analysis of Loss of Essential Power System Reported in Nuclear Power Plants,Analysis of Loss of Essential Power System Reported in Nuclear Power Plants,Volkanovski; Peinador Veira,Volkanovski; Peinador Veira,2018,2018,100.0
same_work,truncate,10.1155/2018/3671640,Analysis of Loss of Essential Power System Reported,Analysis of Loss of Essential Power System Reported in Nuclear Power Plants,Volkanovski; Peinador Veira,Volkanovski; Peinador Veira,2018,2018,100.0
same_work,typo,10.1155/2018/3671640,Analysis of Loss of Essential Power System Reported ni Nuclear Power Plants,Analysis of Loss of Essential Power System Reported in Nuclear Power Plants,Volkanovski; Peinador Veira,Volkanovski; Peinador Veira,2018,2018,98.48484848484848
same_work,case,10.1155/2018/3671640,analysis of loss of essential power system reported in nuclear power plants,Analysis of Loss of Essential Power System Reported in Nuclear Power Plants,Volkanovski; Peinador Veira,Volkanovski; Peinador Veira,2018,2018,100.0
same_work,opening_words,10.1155/2018/3671640,Analysis of Loss of,Analysis of Loss of Essential Power System Reported in Nuclear Power Plants,Volkanovski; Peinador Veira,Volkanovski; Peinador Veira,2018,2018,100.0
same_work,compound,10.1155/2018/3671640,Analysis of Loss of Essentia lPower System Reported,Analysis of Loss of Essential Power System Reported in Nuclear Power Plants,Volkanovski; Peinador Veira,Volkanovski; Peinador Veira,2018,2018,84.21052631578948
same_work,identity,10.5840/aaptstudies2019121245,Developing Engineering Students’ Moral Reasoning Skills Using Problem-Based Learning,Developing Engineering Students’ Moral Reasoning Skills Using Problem-Based Learning,Harrell; Philosophy Documentation Center,Harrell; Philosophy Documentation Center,2019,2019,100.0
same_work,truncate,10.5840/aaptstudies2019121245,Developing Engineering Students’ Moral Reasoning Skills,Developing Engineering Students’ Moral Reasoning Skills Using Problem-Based Learning,Harrell; Philosophy Documentation Center,Harrell; Philosophy Documentation Center,2019,2019,100.0
same_work,typo,10.5840/aaptstudies2019121245,Developing Engineering Students’ Moral Reasoning Siklls Using Problem-Based Learning,Developing Engineering Students’ Moral Reasoning Skills Using Problem-Based Learning,Harrell; Philosophy Documentation Center,Harrell; Philosophy Documentation Center,2019,2019,98.79518072289157
same_work,case,10.5840/aaptstudies2019121245,DEVELOPING ENGINEERING STUDENTS’ MORAL REASONING SKILLS USING PROBLEM-BASED LEARNING,Developing Engineering Students’ Moral Reasoning Skills Using Problem-Based Learning,Harrell; Philosophy Documentation Center,Harrell; Philosophy Documentation Center,2019,2019,100.0
same_work,punctuation,10.5840/aaptstudies2019121245,Developing Engineering Students Moral Reasoning Skills Using ProblemBased Learning,Developing Engineering Students’ Moral Reasoning Skills Using Problem-Based Learning,Harrell; Philosophy Documentation Center,Harrell; Philosophy Documentation Center,2019,2019,93.33333333333333
same_work,opening_words,10.5840/aaptstudies2019121245,Developing Engineering Students’ Moral Reasoning,Developing Engineering Students’ Moral Reasoning Skills Using Problem-Based Learning,Harrell; Philosophy Documentation Center,Harrell; Philosophy Documentation Center,2019,2019,100.0
same_work,compound,10.5840/aaptstudies2019121245,Developing Engineerin gStudents Moral Reasoning Skills,Developing Engineering Students’ Moral Reasoning Skills Using Problem-Based Learning,Harrell; Philosophy Documentation Center,Harrell; Philosophy Documentation Center,2019,2019,78.83211678832117
same_work,identity,10.1177/105678791702600402,Special Need Students in the Struggle for the Character of Schooling in America,Special Need Students in the Struggle for the Character of Schooling in America,Sutton; Beese; Puckett,Sutton; Beese; Puckett,2017,2017,100.0
same_work,truncate,10.1177/105678791702600402,Special Need Students in the Struggle for the,Special Need Students in the Struggle for the Character of Schooling in America,Sutton; Beese; Puckett,Sutton; Beese; Puckett,2017,2017,100.0
same_work,typo,10.1177/105678791702600402,Special Nede Students in the Struggle for the Character of Schooling in America,Special Need Students in the Struggle for the Character of Schooling in America,Sutton; Beese; Puckett,Sutton; Beese; Puckett,2017,2017,98.61111111111111
same_work,case,10.1177/105678791702600402,SPECIAL NEED STUDENTS IN THE STRUGGLE FOR THE CHARACTER OF SCHOOLING IN AMERICA,Special Need Students in the Struggle for the Character of Schooling in America,Sutton; Beese; Puckett,Sutton; Beese; Puckett,2017,2017,100.0
same_work,opening_words,10.1177/105678791702600402,Special Need Students in the,Special Need Students in the Struggle for the Character of Schooling in America,Sutton; Beese; Puckett,Sutton; Beese; Puckett,2017,2017,100.0
same_work,compound,10.1177/105678791702600402,Specila Need Students in the Struggle for the,Special Need Students in the Struggle for the Character of Schooling in America,Sutton; Beese; Puckett,Sutton; Beese; Puckett,2017,2017,89.1891891891892
same_work,identity,10.1038/srep25005,Chaotic time series prediction for prenatal exposure to polychlorinated biphenyls in umbilical cord blood using the least squares SEATR model,Chaotic time series prediction for prenatal exposure to polychlorinated biphenyls in umbilical cord blood using the least squares SEATR model,Xu; Tang; Xia,Xu; Tang; Xia; Zhang; Li; Huo,2016,2016,100.0
same_work,truncate,10.1038/srep25005,Chaotic time series prediction for prenatal exposure to polychlorinated biphenyls in umbilical cord,Chaotic time series prediction for prenatal exposure to polychlorinated biphenyls in umbilical cord blood using the least squares SEATR model,Xu; Tang; Xia,Xu; Tang; Xia; Zhang; Li; Huo,2016,2016,100.0
same_work,typo,10.1038/srep25005,Chaotic time series prediction for prenatal exposure to polychlorinated biphenyl sin umbilical cord blood using the least squares SEATR model,Chaotic time series prediction for prenatal exposure to polychlorinated biphenyls in umbilical cord blood using the least squares SEATR model,Xu; Tang; Xia,Xu; Tang; Xia; Zhang; Li; Huo,2016,2016,99.29078014184397
same_work,case,10.1038/srep25005,CHAOTIC TIME SERIES PREDICTION FOR PRENATAL EXPOSURE TO POLYCHLORINATED BIPHENYLS IN UMBILICAL CORD BLOOD USING THE LEAST SQUARES SEATR MODEL,Chaotic time series prediction for prenatal exposure to polychlorinated biphenyls in umbilical cord blood using the least squares SEATR model,Xu; Tang; Xia,Xu; Tang; Xia; Zhang; Li; Huo,2016,2016,100.0
same_work,opening_words,10.1038/srep25005,Chaotic time series prediction,Chaotic time series prediction for prenatal exposure to polychlorinated biphenyls in umbilical cord blood using the least squares SEATR model,Xu; Tang; Xia,Xu; Tang; Xia; Zhang; Li; Huo,2016,2016,100.0
same_work,compound,10.1038/srep25005,Chaotic time series prediction for prenatal exposure to polychlorinated bihpenyls in umbilical cord,Chaotic time series prediction for prenatal exposure to polychlorinated biphenyls in umbilical cord blood using the least squares SEATR model,Xu; Tang; Xia,Xu; Tang; Xia; Zhang; Li; Huo,2016,2016,94.68085106382979
same_work,identity,10.17308/sorpchrom.2017.17/353,Сравнительный анализ методов оценки характеристик молекулярно-массового распределения полиметиленнафталинсульфонатов,Сравнительный анализ методов оценки характеристик молекулярно-массового распределения полиметиленнафталинсульфонатов,Замуруев; Вовк,Замуруев; Вовк,2018,2018,100.0
same_work,truncate,10.17308/sorpchrom.2017.17/353,Сравнительный анализ методов оценки характеристик,Сравнительный анализ методов оценки характеристик молекулярно-массового распределения полиметиленнафталинсульфонатов,Замуруев; Вовк,Замуруев; Вовк,2018,2018,100.0
same_work,typo,10.17308/sorpchrom.2017.17/353,Сравнительный анализ методов оценки характеристик молекулярно-массового распределения полиемтиленнафталинсульфонатов,Сравнительный анализ методов оценки характеристик молекулярно-массового распределения полиметиленнафталинсульфонатов,Замуруев; Вовк,Замуруев; Вовк,2018,2018,99.13793103448276
same_work,case,10.17308/sorpchrom.2017.17/353,сравнительный анализ методов оценки характеристик молекулярно-массового распределения полиметиленнафталинсульфонатов,Сравнительный анализ методов оценки характеристик молекулярно-массового распределения полиметиленнафталинсульфонатов,Замуруев; Вовк,Замуруев; Вовк,2018,2018,100.0
same_work,punctuation,10.17308/sorpchrom.2017.17/353,Сравнительный анализ методов оценки характеристик молекулярномассового распределения полиметиленнафталинсульфонатов,Сравнительный анализ методов оценки характеристик молекулярно-массового распределения полиметиленнафталинсульфонатов,Замуруев; Вовк,Замуруев; Вовк,2018,2018,91.77489177489177
same_work,compound,10.17308/sorpchrom.2017.17/353,Сравнительный наализ методов оценки характеристик,Сравнительный анализ методов оценки характеристик молекулярно-массового распределения полиметиленнафталинсульфонатов,Замуруев; Вовк,Замуруев; Вовк,2018,2018,92.3076923076923
same_work,identity,10.1039/c4ay03023k,Emergence of tunable resistive pulse sensing as a biosensor,Emergence of tunable resistive pulse sensing as a biosensor,Blundell; Mayne; Billinge,Blundell; Mayne; Billinge; Platt,2015,2015,100.0
same_work,truncate,10.1039/c4ay03023k,Emergence of tunable resistive pulse,Emergence of tunable resistive pulse sensing as a biosensor,Blundell; Mayne; Billinge,Blundell; Mayne; Billinge; Platt,2015,2015,100.0
same_work,typo,10.1039/c4ay03023k,Emergence of tunable resistive pulse sensign as a biosensor,Emergence of tunable resistive pulse sensing as a biosensor,Blundell; Mayne; Billinge,Blundell; Mayne; Billinge; Platt,2015,2015,98.30508474576271
same_work,case,10.1039/c4ay03023k,emergence of tunable resistive pulse sensing as a biosensor,Emergence of tunable resistive pulse sensing as a biosensor,Blundell; Mayne; Billinge,Blundell; Mayne; Billinge; Platt,2015,2015,100.0
same_work,opening_words,10.1039/c4ay03023k,Emergence of tunable resistive,Emergence of tunable resistive pulse sensing as a biosensor,Blundell; Mayne; Billinge,Blundell; Mayne; Billinge; Platt,2015,2015,100.0
same_work,compound,10.1039/c4ay03023k,Emergence of tunable ersistive pulse sensing as,Emergence of tunable resistive pulse sensing as a biosensor,Blundell; Mayne; Billinge,Blundell; Mayne; Billinge; Platt,2015,2015,88.67924528301887
same_work,identity,10.3390/nu11071563,Skipping Breakfast and a Meal at School: Its Correlates in Adiposity Context. Report from the ABC of Healthy Eating Study of Polish Teenagers,Skipping Breakfast and a Meal at School: Its Correlates in Adiposity Context. Report from the ABC of Healthy Eating Study of Polish Teenagers,Wadolowska; Hamulka; Kowalkowska,Wadolowska; Hamulka; Kowalkowska; Ulewicz; Gornicka; Jeruszka-Bielak; Kostecka; Wawrzyniak,2019,2019,100.0
same_work,drop_subtitle,10.3390/nu11071563,Skipping Breakfast and a Meal at School,Skipping Breakfast and a Meal at School: Its Correlates in Adiposity Context. Report from the ABC of Healthy Eating Study of Polish Teenagers,Wadolowska; Hamulka; Kowalkowska,Wadolowska; Hamulka; Kowalkowska; Ulewicz; Gornicka; Jeruszka-Bielak; Kostecka; Wawrzyniak,2019,2019,100.0
same_work,truncate,10.3390/nu11071563,Skipping Breakfast and a Meal at School: Its Correlates in Adiposity Context. Report from the,Skipping Breakfast and a Meal at School: Its Correlates in Adiposity Context. Report from the ABC of Healthy Eating Study of Polish Teenagers,Wadolowska; Hamulka; Kowalkowska,Wadolowska; Hamulka; Kowalkowska; Ulewicz; Gornicka; Jeruszka-Bielak; Kostecka; Wawrzyniak,2019,2019,100.0
same_work,typo,10.3390/nu11071563,Skipping rBeakfast and a Meal at School: Its Correlates in Adiposity Context. Report from the ABC of Healthy Eating Study of Polish Teenagers,Skipping Breakfast and a Meal at School: Its Correlates in Adiposity Context. Report from the ABC of Healthy Eating Study of Polish Teenagers,Wadolowska; Hamulka; Kowalkowska,Wadolowska; Hamulka; Kowalkowska; Ulewicz; Gornicka; Jeruszka-Bielak; Kostecka; Wawrzyniak,2019,2019,99.26470588235294
same_work,case,10.3390/nu11071563,skipping breakfast and a meal at school: its correlates in adiposity context. report from the abc of healthy eating study of polish teenagers,Skipping Breakfast and a Meal at School: Its Correlates in Adiposity Context. Report from the ABC of Healthy Eating Study of Polish Teenagers,Wadolowska; Hamulka; Kowalkowska,Wadolowska; Hamulka; Kowalkowska; Ulewicz; Gornicka; Jeruszka-Bielak; Kostecka; Wawrzyniak,2019,2019,100.0
same_work,punctuation,10.3390/nu11071563,Skipping Breakfast and a Meal at School Its Correlates in Adiposity Context Report from the ABC of Healthy Eating Study of Polish Teenagers,Skipping Breakfast and a Meal at School: Its Correlates in Adiposity Context. Report from the ABC of Healthy Eating Study of Polish Teenagers,Wadolowska; Hamulka; Kowalkowska,Wadolowska; Hamulka; Kowalkowska; Ulewicz; Gornicka; Jeruszka-Bielak; Kostecka; Wawrzyniak,2019,2019,100.0
same_work,opening_words,10.3390/nu11071563,Skipping Breakfast and a Meal,Skipping Breakfast and a Meal at School: Its Correlates in Adiposity Context. Report from the ABC of Healthy Eating Study of Polish Teenagers,Wadolowska; Hamulka; Kowalkowska,Wadolowska; Hamulka; Kowalkowska; Ulewicz; Gornicka; Jeruszka-Bielak; Kostecka; Wawrzyniak,2019,2019,100.0
same_work,compound,10.3390/nu11071563,Skipipng Breakfast and a Meal at School,Skipping Breakfast and a Meal at School: Its Correlates in Adiposity Context. Report from the ABC of Healthy Eating Study of Polish Teenagers,Wadolowska; Hamulka; Kowalkowska,Wadolowska; Hamulka; Kowalkowska; Ulewicz; Gornicka; Jeruszka-Bielak; Kostecka; Wawrzyniak,2019,2019,86.95652173913044
same_work,identity,10.1115/1.4037867,On Coarse Grids Simulation of Compressible Mixing Layer Flows Using Vorticity Confinement,On Coarse Grids Simulation of Compressible Mixing Layer Flows Using Vorticity Confinement,Hejranfar; Ebrahimi; Sadri,Hejranfar; Ebrahimi; Sadri,2017,2017,100.0
same_work,truncate,10.1115/1.4037867,On Coarse Grids Simulation of Compressible Mixing Layer Flows,On Coarse Grids Simulation of Compressible Mixing Layer Flows Using Vorticity Confinement,Hejranfar; Ebrahimi; Sadri,Hejranfar; Ebrahimi; Sadri,2017,2017,100.0
same_work,typo,10.1115/1.4037867,On Coarse Grids Simulation of Compressible Mixing Layer Flows Using Vroticity Confinement,On Coarse Grids Simulation of Compressible Mixing Layer Flows Using Vorticity Confinement,Hejranfar; Ebrahimi; Sadri,Hejranfar; Ebrahimi; Sadri,2017,2017,98.87640449438203
same_work,case,10.1115/1.4037867,ON COARSE GRIDS SIMULATION OF COMPRESSIBLE MIXING LAYER FLOWS USING VORTICITY CONFINEMENT,On Coarse Grids Simulation of Compressible Mixing Layer Flows Using Vorticity Confinement,Hejranfar; Ebrahimi; Sadri,Hejranfar; Ebrahimi; Sadri,2017,2017,100.0
same_work,opening_words,10.1115/1.4037867,On Coarse Grids Simulation of,On Coarse Grids Simulation of Compressible Mixing Layer Flows Using Vorticity Confinement,Hejranfar; Ebrahimi; Sadri,Hejranfar; Ebrahimi; Sadri,2017,2017,100.0
same_work,compound,10.1115/1.4037867,On Coares Grids Simulation of Compressible Mixing,On Coarse Grids Simulation of Compressible Mixing Layer Flows Using Vorticity Confinement,Hejranfar; Ebrahimi; Sadri,Hejranfar; Ebrahimi; Sadri,2017,2017,92.3076923076923
same_work,identity,10.37194/jpmb.v1i2.28,Pengaruh Strategi dan Preferensi Investor terhadap Pengambilan Keputusan Investasi dengan Media Informasi sebagai Variabel Moderating,Pengaruh Strategi dan Preferensi Investor terhadap Pengambilan Keputusan Investasi dengan Media Informasi sebagai Variabel Moderating,Imelda; Sitinjak; Trimeiningrum,Imelda; Sitinjak; Trimeiningrum,2019,2019,100.0
same_work,truncate,10.37194/jpmb.v1i2.28,Pengaruh Strategi dan Preferensi Investor terhadap Pengambilan Keputusan Investasi dengan,Pengaruh Strategi dan Preferensi Investor terhadap Pengambilan Keputusan Investasi dengan Media Informasi sebagai Variabel Moderating,Imelda; Sitinjak; Trimeiningrum,Imelda; Sitinjak; Trimeiningrum,2019,2019,100.0
same_work,typo,10.37194/jpmb.v1i2.28,Pengaruh Strategi dan Preferensi Investor terhadap ePngambilan Keputusan Investasi dengan Media Informasi sebagai Variabel Moderating,Pengaruh Strategi dan Preferensi Investor terhadap Pengambilan Keputusan Investasi dengan Media Informasi sebagai Variabel Moderating,Imelda; Sitinjak; Trimeiningrum,Imelda; Sitinjak; Trimeiningrum,2019,2019,99.24812030075188
same_work,case,10.37194/jpmb.v1i2.28,PENGARUH STRATEGI DAN PREFERENSI INVESTOR TERHADAP PENGAMBILAN KEPUTUSAN INVESTASI DENGAN MEDIA INFORMASI SEBAGAI VARIABEL MODERATING,Pengaruh Strategi dan Preferensi Investor terhadap Pengambilan Keputusan Investasi dengan Media Informasi sebagai Variabel Moderating,Imelda; Sitinjak; Trimeiningrum,Imelda; Sitinjak; Trimeiningrum,2019,2019,100.0
same_work,opening_words,10.37194/jpmb.v1i2.28,Pengaruh Strategi dan Preferensi Investor,Pengaruh Strategi dan Preferensi Investor terhadap Pengambilan Keputusan Investasi dengan Media Informasi sebagai Variabel Moderating,Imelda; Sitinjak; Trimeiningrum,Imelda; Sitinjak; Trimeiningrum,2019,2019,100.0
same_work,compound,10.37194/jpmb.v1i2.28,Pengaruh Strategi dan Preferensi Investo rterhadap Pengambilan Keputusan Investasi dengan,Pengaruh Strategi dan Preferensi Investor terhadap Pengambilan Keputusan Investasi dengan Media Informasi sebagai Variabel Moderating,Imelda; Sitinjak; Trimeiningrum,Imelda; Sitinjak; Trimeiningrum,2019,2019,88.75
same_work,identity,10.1098/rsta.2017.0457,"On Heaviside's contributions to transmission line theory: waves, diffusion and energy flux","On Heaviside's contributions to transmission line theory: waves, diffusion and energy flux",Donaghy-Spargo,Donaghy-Spargo,2018,2018,100.0
same_work,drop_subtitle,10.1098/rsta.2017.0457,On Heaviside's contributions to transmission line theory,"On Heaviside's contributions to transmission line theory: waves, diffusion and energy flux",Donaghy-Spargo,Donaghy-Spargo,2018,2018,100.0
same_work,truncate,10.1098/rsta.2017.0457,"On Heaviside's contributions to transmission line theory: waves, diffusion","On Heaviside's contributions to transmission line theory: waves, diffusion and energy flux",Donaghy-Spargo,Donaghy-Spargo,2018,2018,100.0
same_work,typo,10.1098/rsta.2017.0457,"On Heaviside's contribuitons to transmission line theory: waves, diffusion and energy flux","On Heaviside's contributions to transmission line theory: waves, diffusion and energy flux",Donaghy-Spargo,Donaghy-Spargo,2018,2018,98.86363636363636
same_work,case,10.1098/rsta.2017.0457,"on heaviside's contributions to transmission line theory: waves, diffusion and energy flux","On Heaviside's contributions to transmission line theory: waves, diffusion and energy flux",Donaghy-Spargo,Donaghy-Spargo,2018,2018,100.0
same_work,punctuation,10.1098/rsta.2017.0457,On Heavisides contributions to transmission line theory waves diffusion and energy flux,"On Heaviside's contributions to transmission line theory: waves, diffusion and energy flux",Donaghy-Spargo,Donaghy-Spargo,2018,2018,99.42857142857143
same_work,opening_words,10.1098/rsta.2017.0457,On Heaviside's contributions to transmission,"On Heaviside's contributions to transmission line theory: waves, diffusion and energy flux",Donaghy-Spargo,Donaghy-Spargo,2018,2018,100.0
same_work,compound,10.1098/rsta.2017.0457,On Heavisides contributions to transmissino line theory,"On Heaviside's contributions to transmission line theory: waves, diffusion and energy flux",Donaghy-Spargo,Donaghy-Spargo,2018,2018,75.52447552447552
same_work,identity,10.20473/jr.v1-i.1.2015.29-39,Peranan Ultrasonografi Toraks dalam Menegakkan Diagnosis Beberapa Kelainan pada Paru,Peranan Ultrasonografi Toraks dalam Menegakkan Diagnosis Beberapa Kelainan pada Paru,Winaya; Koesoemoprodjo,Winaya; Koesoemoprodjo,2019,2019,100.0
same_work,truncate,10.20473/jr.v1-i.1.2015.29-39,Peranan Ultrasonografi Toraks dalam Menegakkan Diagnosis Beberapa,Peranan Ultrasonografi Toraks dalam Menegakkan Diagnosis Beberapa Kelainan pada Paru,Winaya; Koesoemoprodjo,Winaya; Koesoemoprodjo,2019,2019,100.0
same_work,typo,10.20473/jr.v1-i.1.2015.29-39,Peranan Ultrasonorgafi Toraks dalam Menegakkan Diagnosis Beberapa Kelainan pada Paru,Peranan Ultrasonografi Toraks dalam Menegakkan Diagnosis Beberapa Kelainan pada Paru,Winaya; Koesoemoprodjo,Winaya; Koesoemoprodjo,2019,2019,98.80952380952381
same_work,case,10.20473/jr.v1-i.1.2015.29-39,peranan ultrasonografi toraks dalam menegakkan diagnosis beberapa kelainan pada paru,Peranan Ultrasonografi Toraks dalam Menegakkan Diagnosis Beberapa Kelainan pada Paru,Winaya; Koesoemoprodjo,Winaya; Koesoemoprodjo,2019,2019,100.0
same_work,opening_words,10.20473/jr.v1-i.1.2015.29-39,Peranan Ultrasonografi Toraks dalam Menegakkan,Peranan Ultrasonografi Toraks dalam Menegakkan Diagnosis Beberapa Kelainan pada Paru,Winaya; Koesoemoprodjo,Winaya; Koesoemoprodjo,2019,2019,100.0
same_work,compound,10.20473/jr.v1-i.1.2015.29-39,Peranan Ultrasonografi Torask dalam Menegakkan Diagnosis,Peranan Ultrasonografi Toraks dalam Menegakkan Diagnosis Beberapa Kelainan pada Paru,Winaya; Koesoemoprodjo,Winaya; Koesoemoprodjo,2019,2019,93.33333333333333
same_work,identity,10.1002/eej.22739,Transient Charging Characteristics in Surface Flashover Development Process due to Explosive Electron Emission in Vacuum,Transient Charging Characteristics in Surface Flashover Development Process due to Explosive Electron Emission in Vacuum,Nakano; Kojima; Tsuchiya,Nakano; Kojima; Tsuchiya; Hayakawa,2015,2015,100.0
same_work,truncate,10.1002/eej.22739,Transient Charging Characteristics in Surface Flashover Development Process due to,Transient Charging Characteristics in Surface Flashover Development Process due to Explosive Electron Emission in Vacuum,Nakano; Kojima; Tsuchiya,Nakano; Kojima; Tsuchiya; Hayakawa,2015,2015,100.0
same_work,typo,10.1002/eej.22739,Transient Charging Characteristics in Surface Flashover Development Process deu to Explosive Electron Emission in Vacuum,Transient Charging Characteristics in Surface Flashover Development Process due to Explosive Electron Emission in Vacuum,Nakano; Kojima; Tsuchiya,Nakano; Kojima; Tsuchiya; Hayakawa,2015,2015,99.14529914529915
same_work,case,10.1002/eej.22739,transient charging characteristics in surface flashover development process due to explosive electron emission in vacuum,Transient Charging Characteristics in Surface Flashover Development Process due to Explosive Electron Emission in Vacuum,Nakano; Kojima; Tsuchiya,Nakano; Kojima; Tsuchiya; Hayakawa,2015,2015,100.0
same_work,opening_words,10.1002/eej.22739,Transient Charging Characteristics in,Transient Charging Characteristics in Surface Flashover Development Process due to Explosive Electron Emission in Vacuum,Nakano; Kojima; Tsuchiya,Nakano; Kojima; Tsuchiya; Hayakawa,2015,2015,100.0
same_work,compound,10.1002/eej.22739,Transient Charging Characteristics in Surface Flashoevr Development Process due,Transient Charging Characteristics in Surface Flashover Development Process due to Explosive Electron Emission in Vacuum,Nakano; Kojima; Tsuchiya,Nakano; Kojima; Tsuchiya; Hayakawa,2015,2015,93.24324324324324
same_work,identity,10.1002/pssb.201800758,Effect of Intense Laser Field in Gaussian Quantum Well With Position‐Dependent Effective Mass,Effect of Intense Laser Field in Gaussian Quantum Well With Position‐Dependent Effective Mass,Sari; Kasapoglu; Sakiroglu,Sari; Kasapoglu; Sakiroglu; Sökmen; Duque,2019,2019,100.0
same_work,truncate,10.1002/pssb.201800758,Effect of Intense Laser Field in Gaussian Quantum,Effect of Intense Laser Field in Gaussian Quantum Well With Position‐Dependent Effective Mass,Sari; Kasapoglu; Sakiroglu,Sari; Kasapoglu; Sakiroglu; Sökmen; Duque,2019,2019,100.0
same_work,typo,10.1002/pssb.201800758,Effetc of Intense Laser Field in Gaussian Quantum Well With Position‐Dependent Effective Mass,Effect of Intense Laser Field in Gaussian Quantum Well With Position‐Dependent Effective Mass,Sari; Kasapoglu; Sakiroglu,Sari; Kasapoglu; Sakiroglu; Sökmen; Duque,2019,2019,98.9247311827957
same_work,case,10.1002/pssb.201800758,effect of intense laser field in gaussian quantum well with position‐dependent effective mass,Effect of Intense Laser Field in Gaussian Quantum Well With Position‐Dependent Effective Mass,Sari; Kasapoglu; Sakiroglu,Sari; Kasapoglu; Sakiroglu; Sökmen; Duque,2019,2019,100.0
same_work,punctuation,10.1002/pssb.201800758,Effect of Intense Laser Field in Gaussian Quantum Well With PositionDependent Effective Mass,Effect of Intense Laser Field in Gaussian Quantum Well With Position‐Dependent Effective Mass,Sari; Kasapoglu; Sakiroglu,Sari; Kasapoglu; Sakiroglu; Sökmen; Duque,2019,2019,90.8108108108108
same_work,opening_words,10.1002/pssb.201800758,Effect of Intense Laser Field,Effect of Intense Laser Field in Gaussian Quantum Well With Position‐Dependent Effective Mass,Sari; Kasapoglu; Sakiroglu,Sari; Kasapoglu; Sakiroglu; Sökmen; Duque,2019,2019,100.0
same_work,compound,10.1002/pssb.201800758,Effect of Intense Laser Field ni Gaussian Quantum Well,Effect of Intense Laser Field in Gaussian Quantum Well With Position‐Dependent Effective Mass,Sari; Kasapoglu; Sakiroglu,Sari; Kasapoglu; Sakiroglu; Sökmen; Duque,2019,2019,97.14285714285714
same_work,identity,10.3329/jbip.v8i1.76844,Community Participatory Tools for Water Logging Vulnerability Assessment in Chittagong City Corporation Area,Community Participatory Tools for Water Logging Vulnerability Assessment in Chittagong City Corporation Area,Islam; Chowdhury; Chisty,Islam; Chowdhury; Chisty; Rahman,2015,2015,100.0
same_work,truncate,10.3329/jbip.v8i1.76844,Community Participatory Tools for Water Logging Vulnerability Assessment,Community Participatory Tools for Water Logging Vulnerability Assessment in Chittagong City Corporation Area,Islam; Chowdhury; Chisty,Islam; Chowdhury; Chisty; Rahman,2015,2015,100.0
same_work,typo,10.3329/jbip.v8i1.76844,Community Participatory Tools for Water Logging Vulnerability Assessment in Chittagong City Corpoartion Area,Community Participatory Tools for Water Logging Vulnerability Assessment in Chittagong City Corporation Area,Islam; Chowdhury; Chisty,Islam; Chowdhury; Chisty; Rahman,2015,2015,99.07407407407408
same_work,case,10.3329/jbip.v8i1.76844,COMMUNITY PARTICIPATORY TOOLS FOR WATER LOGGING VULNERABILITY ASSESSMENT IN CHITTAGONG CITY CORPORATION AREA,Community Participatory Tools for Water Logging Vulnerability Assessment in Chittagong City Corporation Area,Islam; Chowdhury; Chisty,Islam; Chowdhury; Chisty; Rahman,2015,2015,100.0
same_work,opening_words,10.3329/jbip.v8i1.76844,Community Participatory Tools for Water,Community Participatory Tools for Water Logging Vulnerability Assessment in Chittagong City Corporation Area,Islam; Chowdhury; Chisty,Islam; Chowdhury; Chisty; Rahman,2015,2015,100.0
same_work,compound,10.3329/jbip.v8i1.76844,Community Participatory oTols for Water Logging Vulnerability Assessment,Community Participatory Tools for Water Logging Vulnerability Assessment in Chittagong City Corporation Area,Islam; Chowdhury; Chisty,Islam; Chowdhury; Chisty; Rahman,2015,2015,95.65217391304348
same_work,identity,10.29379/jedem.v7i1.373,Individualized and Depoliticized: A Study of Chinese Blogosphere in Singapore,Individualized and Depoliticized: A Study of Chinese Blogosphere in Singapore,Soon; Sim,Soon; Sim,2015,2015,100.0
same_work,drop_subtitle,10.29379/jedem.v7i1.373,Individualized and Depoliticized,Individualized and Depoliticized: A Study of Chinese Blogosphere in Singapore,Soon; Sim,Soon; Sim,2015,2015,100.0
same_work,truncate,10.29379/jedem.v7i1.373,Individualized and Depoliticized: A Study of,Individualized and Depoliticized: A Study of Chinese Blogosphere in Singapore,Soon; Sim,Soon; Sim,2015,2015,100.0
same_work,typo,10.29379/jedem.v7i1.373,Indivdiualized and Depoliticized: A Study of Chinese Blogosphere in Singapore,Individualized and Depoliticized: A Study of Chinese Blogosphere in Singapore,Soon; Sim,Soon; Sim,2015,2015,98.6842105263158
same_work,case,10.29379/jedem.v7i1.373,individualized and depoliticized: a study of chinese blogosphere in singapore,Individualized and Depoliticized: A Study of Chinese Blogosphere in Singapore,Soon; Sim,Soon; Sim,2015,2015,100.0
same_work,punctuation,10.29379/jedem.v7i1.373,Individualized and Depoliticized A Study of Chinese Blogosphere in Singapore,Individualized and Depoliticized: A Study of Chinese Blogosphere in Singapore,Soon; Sim,Soon; Sim,2015,2015,100.0
same_work,opening_words,10.29379/jedem.v7i1.373,Individualized and Depoliticized: A Study,Individualized and Depoliticized: A Study of Chinese Blogosphere in Singapore,Soon; Sim,Soon; Sim,2015,2015,100.0
same_work,compound,10.29379/jedem.v7i1.373,Individualized and eDpoliticized,Individualized and Depoliticized: A Study of Chinese Blogosphere in Singapore,Soon; Sim,Soon; Sim,2015,2015,72.0
same_work,identity,10.2478/vzoo-2018-0022,"Mites of the Family Laelapidae (Acari, Mesostigmata) Associated with Scarab Beetles in Ukraine","Mites of the Family Laelapidae (Acari, Mesostigmata) Associated with Scarab Beetles in Ukraine",Trach; Joharchi,Trach; Joharchi,2018,2018,100.0
same_work,truncate,10.2478/vzoo-2018-0022,"Mites of the Family Laelapidae (Acari, Mesostigmata) Associated with Scarab","Mites of the Family Laelapidae (Acari, Mesostigmata) Associated with Scarab Beetles in Ukraine",Trach; Joharchi,Trach; Joharchi,2018,2018,100.0
same_work,typo,10.2478/vzoo-2018-0022,"Mites of the Family Laelapidae (Acari, Mesostigmata) Associated with Scarab Beetles in kUraine","Mites of the Family Laelapidae (Acari, Mesostigmata) Associated with Scarab Beetles in Ukraine",Trach; Joharchi,Trach; Joharchi,2018,2018,98.9010989010989
same_work,case,10.2478/vzoo-2018-0022,"MITES OF THE FAMILY LAELAPIDAE (ACARI, MESOSTIGMATA) ASSOCIATED WITH SCARAB BEETLES IN UKRAINE","Mites of the Family Laelapidae (Acari, Mesostigmata) Associated with Scarab Beetles in Ukraine",Trach; Joharchi,Trach; Joharchi,2018,2018,100.0
same_work,punctuation,10.2478/vzoo-2018-0022,Mites of the Family Laelapidae Acari Mesostigmata Associated with Scarab Beetles in Ukraine,"Mites of the Family Laelapidae (Acari, Mesostigmata) Associated with Scarab Beetles in Ukraine",Trach; Joharchi,Trach; Joharchi,2018,2018,100.0
same_work,opening_words,10.2478/vzoo-2018-0022,Mites of the Family Laelapidae,"Mites of the Family Laelapidae (Acari, Mesostigmata) Associated with Scarab Beetles in Ukraine",Trach; Joharchi,Trach; Joharchi,2018,2018,100.0
same_work,compound,10.2478/vzoo-2018-0022,Mites of hte Family Laelapidae Acari Mesostigmata Associated with,"Mites of the Family Laelapidae (Acari, Mesostigmata) Associated with Scarab Beetles in Ukraine",Trach; Joharchi,Trach; Joharchi,2018,2018,96.82539682539682
same_work,identity,10.1002/stem.2288,Knockdown of DNMT1 and DNMT3a Promotes the Angiogenesis of Human Mesenchymal Stem Cells Leading to Arterial Specific Differentiation,Knockdown of DNMT1 and DNMT3a Promotes the Angiogenesis of Human Mesenchymal Stem Cells Leading to Arterial Specific Differentiation,Zhang; Wang; Zhang,Zhang; Wang; Zhang; Huang; Song; Li; Li; Luo; Zhou; He; Zhang; Ma; Zhang,2016,2016,100.0
same_work,truncate,10.1002/stem.2288,Knockdown of DNMT1 and DNMT3a Promotes the Angiogenesis of Human Mesenchymal Stem Cells,Knockdown of DNMT1 and DNMT3a Promotes the Angiogenesis of Human Mesenchymal Stem Cells Leading to Arterial Specific Differentiation,Zhang; Wang; Zhang,Zhang; Wang; Zhang; Huang; Song; Li; Li; Luo; Zhou; He; Zhang; Ma; Zhang,2016,2016,100.0
same_work,typo,10.1002/stem.2288,Knockdown of DNMT1 and DNMT3a Promotes the Angiogenesis of Human Mesenchymal Stem Cells Leading to Artreial Specific Differentiation,Knockdown of DNMT1 and DNMT3a Promotes the Angiogenesis of Human Mesenchymal Stem Cells Leading to Arterial Specific Differentiation,Zhang; Wang; Zhang,Zhang; Wang; Zhang; Huang; Song; Li; Li; Luo; Zhou; He; Zhang; Ma; Zhang,2016,2016,99.2248062015504
same_work,case,10.1002/stem.2288,KNOCKDOWN OF DNMT1 AND DNMT3A PROMOTES THE ANGIOGENESIS OF HUMAN MESENCHYMAL STEM CELLS LEADING TO ARTERIAL SPECIFIC DIFFERENTIATION,Knockdown of DNMT1 and DNMT3a Promotes the Angiogenesis of Human Mesenchymal Stem Cells Leading to Arterial Specific Differentiation,Zhang; Wang; Zhang,Zhang; Wang; Zhang; Huang; Song; Li; Li; Luo; Zhou; He; Zhang; Ma; Zhang,2016,2016,100.0
same_work,opening_words,10.1002/stem.2288,Knockdown of DNMT1 and,Knockdown of DNMT1 and DNMT3a Promotes the Angiogenesis of Human Mesenchymal Stem Cells Leading to Arterial Specific Differentiation,Zhang; Wang; Zhang,Zhang; Wang; Zhang; Huang; Song; Li; Li; Luo; Zhou; He; Zhang; Ma; Zhang,2016,2016,100.0
same_work,compound,10.1002/stem.2288,Knockdown of DNMT1 and DNMT3a Promotes the Angiogenesi sof Human Mesenchymal Stem,Knockdown of DNMT1 and DNMT3a Promotes the Angiogenesis of Human Mesenchymal Stem Cells Leading to Arterial Specific Differentiation,Zhang; Wang; Zhang,Zhang; Wang; Zhang; Huang; Song; Li; Li; Luo; Zhou; He; Zhang; Ma; Zhang,2016,2016,89.04109589041096
same_work,identity,10.1111/jog.13771,"Exome sequencing identifies novel
                    <i>ACE</i>
                    splice‐site variant in a fetus with renal tubular dysgenesis","Exome sequencing identifies novel
                    <i>ACE</i>
                    splice‐site variant in a fetus with renal tubular dysgenesis",Das Bhowmik; Dalal; Tandon,Das Bhowmik; Dalal; Tandon; Aggarwal,2018,2018,100.0
same_work,truncate,10.1111/jog.13771,Exome sequencing identifies novel <i>ACE</i> splice‐site variant in a,"Exome sequencing identifies novel
                    <i>ACE</i>
                    splice‐site variant in a fetus with renal tubular dysgenesis",Das Bhowmik; Dalal; Tandon,Das Bhowmik; Dalal; Tandon; Aggarwal,2018,2018,100.0
same_work,typo,10.1111/jog.13771,"Exome sequencing identifies novel
                    <i>AC<E/i>
                    splice‐site variant in a fetus with renal tubular dysgenesis","Exome sequencing identifies novel
                    <i>ACE</i>
                    splice‐site variant in a fetus with renal tubular dysgenesis",Das Bhowmik; Dalal; Tandon,Das Bhowmik; Dalal; Tandon; Aggarwal,2018,2018,99.50248756218906
same_work,case,10.1111/jog.13771,"EXOME SEQUENCING IDENTIFIES NOVEL
                    <I>ACE</I>
                    SPLICE‐SITE VARIANT IN A FETUS WITH RENAL TUBULAR DYSGENESIS","Exome sequencing identifies novel
                    <i>ACE</i>
                    splice‐site variant in a fetus with renal tubular dysgenesis",Das Bhowmik; Dalal; Tandon,Das Bhowmik; Dalal; Tandon; Aggarwal,2018,2018,100.0
same_work,punctuation,10.1111/jog.13771,"Exome sequencing identifies novel
                    iACEi
                    splicesite variant in a fetus with renal tubular dysgenesis","Exome sequencing identifies novel
                    <i>ACE</i>
                    splice‐site variant in a fetus with renal tubular dysgenesis",Das Bhowmik; Dalal; Tandon,Das Bhowmik; Dalal; Tandon; Aggarwal,2018,2018,94.47236180904522
same_work,opening_words,10.1111/jog.13771,Exome sequencing identifies novel <i>ACE</i>,"Exome sequencing identifies novel
                    <i>ACE</i>
                    splice‐site variant in a fetus with renal tubular dysgenesis",Das Bhowmik; Dalal; Tandon,Das Bhowmik; Dalal; Tandon; Aggarwal,2018,2018,100.0
same_work,compound,10.1111/jog.13771,Exome sequencing identifise novel iACEi splicesite variant in,"Exome sequencing identifies novel
                    <i>ACE</i>
                    splice‐site variant in a fetus with renal tubular dysgenesis",Das Bhowmik; Dalal; Tandon,Das Bhowmik; Dalal; Tandon; Aggarwal,2018,2018,72.04968944099379
same_work,identity,10.3390/challe8010008,Hydrides as High Capacity Anodes in Lithium Cells: An Italian “Futuro in Ricerca di Base FIRB-2010” Project,Hydrides as High Capacity Anodes in Lithium Cells: An Italian “Futuro in Ricerca di Base FIRB-2010” Project,Brutti; Panero; Paolone,Brutti; Panero; Paolone; Gatto; Meggiolaro; Vitucci; Manzi; Munaò; Silvestri; Farina; Reale,2017,2017,100.0
same_work,drop_subtitle,10.3390/challe8010008,Hydrides as High Capacity Anodes in Lithium Cells,Hydrides as High Capacity Anodes in Lithium Cells: An Italian “Futuro in Ricerca di Base FIRB-2010” Project,Brutti; Panero; Paolone,Brutti; Panero; Paolone; Gatto; Meggiolaro; Vitucci; Manzi; Munaò; Silvestri; Farina; Reale,2017,2017,100.0
same_work,truncate,10.3390/challe8010008,Hydrides as High Capacity Anodes in Lithium Cells: An Italian “Futuro in Ricerca,Hydrides as High Capacity Anodes in Lithium Cells: An Italian “Futuro in Ricerca di Base FIRB-2010” Project,Brutti; Panero; Paolone,Brutti; Panero; Paolone; Gatto; Meggiolaro; Vitucci; Manzi; Munaò; Silvestri; Farina; Reale,2017,2017,100.0
same_work,typo,10.3390/challe8010008,Hydrides as High Capacity Anodes in Lithium Cells: An Italian “Futuro in Ricecra di Base FIRB-2010” Project,Hydrides as High Capacity Anodes in Lithium Cells: An Italian “Futuro in Ricerca di Base FIRB-2010” Project,Brutti; Panero; Paolone,Brutti; Panero; Paolone; Gatto; Meggiolaro; Vitucci; Manzi; Munaò; Silvestri; Farina; Reale,2017,2017,99.00990099009901
same_work,case,10.3390/challe8010008,hydrides as high capacity anodes in lithium cells: an italian “futuro in ricerca di base firb-2010” project,Hydrides as High Capacity Anodes in Lithium Cells: An Italian “Futuro in Ricerca di Base FIRB-2010” Project,Brutti; Panero; Paolone,Brutti; Panero; Paolone; Gatto; Meggiolaro; Vitucci; Manzi; Munaò; Silvestri; Farina; Reale,2017,2017,100.0
same_work,punctuation,10.3390/challe8010008,Hydrides as High Capacity Anodes in Lithium Cells An Italian Futuro in Ricerca di Base FIRB2010 Project,Hydrides as High Capacity Anodes in Lithium Cells: An Italian “Futuro in Ricerca di Base FIRB-2010” Project,Brutti; Panero; Paolone,Brutti; Panero; Paolone; Gatto; Meggiolaro; Vitucci; Manzi; Munaò; Silvestri; Farina; Reale,2017,2017,95.5223880597015
same_work,opening_words,10.3390/challe8010008,Hydrides as High Capacity Anodes,Hydrides as High Capacity Anodes in Lithium Cells: An Italian “Futuro in Ricerca di Base FIRB-2010” Project,Brutti; Panero; Paolone,Brutti; Panero; Paolone; Gatto; Meggiolaro; Vitucci; Manzi; Munaò; Silvestri; Farina; Reale,2017,2017,100.0
same_work,compound,10.3390/challe8010008,Hydrides as High Cpaacity Anodes,Hydrides as High Capacity Anodes in Lithium Cells: An Italian “Futuro in Ricerca di Base FIRB-2010” Project,Brutti; Panero; Paolone,Brutti; Panero; Paolone; Gatto; Meggiolaro; Vitucci; Manzi; Munaò; Silvestri; Farina; Reale,2017,2017,83.63636363636364
same_work,identity,10.1063/1.4976323,Study of the ion kinetic effects in ICF run-away burn using a quasi-1D hybrid model,Study of the ion kinetic effects in ICF run-away burn using a quasi-1D hybrid model,Huang; Molvig; Albright,Huang; Molvig; Albright; Dodd; Vold; Kagan; Hoffman,2017,2017,100.0
same_work,truncate,10.1063/1.4976323,Study of the ion kinetic effects in ICF run-away,Study of the ion kinetic effects in ICF run-away burn using a quasi-1D hybrid model,Huang; Molvig; Albright,Huang; Molvig; Albright; Dodd; Vold; Kagan; Hoffman,2017,2017,100.0
same_work,typo,10.1063/1.4976323,Study of the ion kinetic effects in IC Frun-away burn using a quasi-1D hybrid model,Study of the ion kinetic effects in ICF run-away burn using a quasi-1D hybrid model,Huang; Molvig; Albright,Huang; Molvig; Albright; Dodd; Vold; Kagan; Hoffman,2017,2017,96.3855421686747
same_work,case,10.1063/1.4976323,STUDY OF THE ION KINETIC EFFECTS IN ICF RUN-AWAY BURN USING A QUASI-1D HYBRID MODEL,Study of the ion kinetic effects in ICF run-away burn using a quasi-1D hybrid model,Huang; Molvig; Albright,Huang; Molvig; Albright; Dodd; Vold; Kagan; Hoffman,2017,2017,100.0
same_work,punctuation,10.1063/1.4976323,Study of the ion kinetic effects in ICF runaway burn using a quasi1D hybrid model,Study of the ion kinetic effects in ICF run-away burn using a quasi-1D hybrid model,Huang; Molvig; Albright,Huang; Molvig; Albright; Dodd; Vold; Kagan; Hoffman,2017,2017,91.46341463414635
same_work,opening_words,10.1063/1.4976323,Study of the ion kinetic,Study of the ion kinetic effects in ICF run-away burn using a quasi-1D hybrid model,Huang; Molvig; Albright,Huang; Molvig; Albright; Dodd; Vold; Kagan; Hoffman,2017,2017,100.0
same_work,compound,10.1063/1.4976323,Study of the ion kinetci effects in ICF runaway,Study of the ion kinetic effects in ICF run-away burn using a quasi-1D hybrid model,Huang; Molvig; Albright,Huang; Molvig; Albright; Dodd; Vold; Kagan; Hoffman,2017,2017,79.48717948717949
same_work,identity,10.1158/1538-7445.am2018-608,Abstract 608: IFN-γ elicits stimulatory MHC class I isotypes in human colorectal carcinoma cell lines with genetic features of microsatellite stable,Abstract 608: IFN-γ elicits stimulatory MHC class I isotypes in human colorectal carcinoma cell lines with genetic features of microsatellite stable,Liang; Chan; Lee,Liang; Chan; Lee; Chen; Cheng; Yeh,2018,2018,100.0
same_work,truncate,10.1158/1538-7445.am2018-608,Abstract 608: IFN-γ elicits stimulatory MHC class I isotypes in human colorectal carcinoma cell lines with,Abstract 608: IFN-γ elicits stimulatory MHC class I isotypes in human colorectal carcinoma cell lines with genetic features of microsatellite stable,Liang; Chan; Lee,Liang; Chan; Lee; Chen; Cheng; Yeh,2018,2018,100.0
same_work,typo,10.1158/1538-7445.am2018-608,Abstract 608: IFN-γ elicits stimulatory MHC class I isotypes in human colorectal carcinoma cell lines with genetic features of mcirosatellite stable,Abstract 608: IFN-γ elicits stimulatory MHC class I isotypes in human colorectal carcinoma cell lines with genetic features of microsatellite stable,Liang; Chan; Lee,Liang; Chan; Lee; Chen; Cheng; Yeh,2018,2018,99.31972789115646
same_work,case,10.1158/1538-7445.am2018-608,ABSTRACT 608: IFN-Γ ELICITS STIMULATORY MHC CLASS I ISOTYPES IN HUMAN COLORECTAL CARCINOMA CELL LINES WITH GENETIC FEATURES OF MICROSATELLITE STABLE,Abstract 608: IFN-γ elicits stimulatory MHC class I isotypes in human colorectal carcinoma cell lines with genetic features of microsatellite stable,Liang; Chan; Lee,Liang; Chan; Lee; Chen; Cheng; Yeh,2018,2018,100.0
same_work,punctuation,10.1158/1538-7445.am2018-608,Abstract 608 IFNγ elicits stimulatory MHC class I isotypes in human colorectal carcinoma cell lines with genetic features of microsatellite stable,Abstract 608: IFN-γ elicits stimulatory MHC class I isotypes in human colorectal carcinoma cell lines with genetic features of microsatellite stable,Liang; Chan; Lee,Liang; Chan; Lee; Chen; Cheng; Yeh,2018,2018,99.65870307167235
same_work,opening_words,10.1158/1538-7445.am2018-608,Abstract 608: IFN-γ elicits,Abstract 608: IFN-γ elicits stimulatory MHC class I isotypes in human colorectal carcinoma cell lines with genetic features of microsatellite stable,Liang; Chan; Lee,Liang; Chan; Lee; Chen; Cheng; Yeh,2018,2018,100.0
same_work,compound,10.1158/1538-7445.am2018-608,Abstract 608 IFNγ elciits stimulatory MHC class I isotypes in human colorectal carcinoma,Abstract 608: IFN-γ elicits stimulatory MHC class I isotypes in human colorectal carcinoma cell lines with genetic features of microsatellite stable,Liang; Chan; Lee,Liang; Chan; Lee; Chen; Cheng; Yeh,2018,2018,92.02453987730061
same_work,identity,10.14295/oh.v23i4.1129,"Floristic survey of ornamental plants used in Dom Delgado University City at the Universidade Federal do Maranhão, São Luís, Maranhão State, Brazil","Floristic survey of ornamental plants used in Dom Delgado University City at the Universidade Federal do Maranhão, São Luís, Maranhão State, Brazil",Costa; Pires; Anjos,Costa; Pires; Anjos; Correia; Almeida Jr.,2018,2018,100.0
same_work,truncate,10.14295/oh.v23i4.1129,Floristic survey of ornamental plants used in Dom Delgado University City at the Universidade Federal do,"Floristic survey of ornamental plants used in Dom Delgado University City at the Universidade Federal do Maranhão, São Luís, Maranhão State, Brazil",Costa; Pires; Anjos,Costa; Pires; Anjos; Correia; Almeida Jr.,2018,2018,100.0
same_work,typo,10.14295/oh.v23i4.1129,"Floristic survey of ornamental plnats used in Dom Delgado University City at the Universidade Federal do Maranhão, São Luís, Maranhão State, Brazil","Floristic survey of ornamental plants used in Dom Delgado University City at the Universidade Federal do Maranhão, São Luís, Maranhão State, Brazil",Costa; Pires; Anjos,Costa; Pires; Anjos; Correia; Almeida Jr.,2018,2018,99.25925925925925
same_work,case,10.14295/oh.v23i4.1129,"FLORISTIC SURVEY OF ORNAMENTAL PLANTS USED IN DOM DELGADO UNIVERSITY CITY AT THE UNIVERSIDADE FEDERAL DO MARANHÃO, SÃO LUÍS, MARANHÃO STATE, BRAZIL","Floristic survey of ornamental plants used in Dom Delgado University City at the Universidade Federal do Maranhão, São Luís, Maranhão State, Brazil",Costa; Pires; Anjos,Costa; Pires; Anjos; Correia; Almeida Jr.,2018,2018,100.0
same_work,punctuation,10.14295/oh.v23i4.1129,Floristic survey of ornamental plants used in Dom Delgado University City at the Universidade Federal do Maranhão São Luís Maranhão State Brazil,"Floristic survey of ornamental plants used in Dom Delgado University City at the Universidade Federal do Maranhão, São Luís, Maranhão State, Brazil",Costa; Pires; Anjos,Costa; Pires; Anjos; Correia; Almeida Jr.,2018,2018,100.0
same_work,opening_words,10.14295/oh.v23i4.1129,Floristic survey of ornamental,"Floristic survey of ornamental plants used in Dom Delgado University City at the Universidade Federal do Maranhão, São Luís, Maranhão State, Brazil",Costa; Pires; Anjos,Costa; Pires; Anjos; Correia; Almeida Jr.,2018,2018,100.0
same_work,compound,10.14295/oh.v23i4.1129,Floristic surevy of ornamental plants used in Dom Delgado University City at the Universidade,"Floristic survey of ornamental plants used in Dom Delgado University City at the Universidade Federal do Maranhão, São Luís, Maranhão State, Brazil",Costa; Pires; Anjos,Costa; Pires; Anjos; Correia; Almeida Jr.,2018,2018,96.08938547486034
same_work,identity,10.1038/srep27576,Assessment of Heterotrophic Growth Supported by Soluble Microbial Products in Anammox Biofilm using Multidimensional Modeling,Assessment of Heterotrophic Growth Supported by Soluble Microbial Products in Anammox Biofilm using Multidimensional Modeling,Liu; Sun; Peng,Liu; Sun; Peng; Wang; Dai; Ni,2016,2016,100.0
same_work,truncate,10.1038/srep27576,Assessment of Heterotrophic Growth Supported by Soluble Microbial Products,Assessment of Heterotrophic Growth Supported by Soluble Microbial Products in Anammox Biofilm using Multidimensional Modeling,Liu; Sun; Peng,Liu; Sun; Peng; Wang; Dai; Ni,2016,2016,100.0
same_work,typo,10.1038/srep27576,Assessment of Heterotrophic rGowth Supported by Soluble Microbial Products in Anammox Biofilm using Multidimensional Modeling,Assessment of Heterotrophic Growth Supported by Soluble Microbial Products in Anammox Biofilm using Multidimensional Modeling,Liu; Sun; Peng,Liu; Sun; Peng; Wang; Dai; Ni,2016,2016,99.2
same_work,case,10.1038/srep27576,ASSESSMENT OF HETEROTROPHIC GROWTH SUPPORTED BY SOLUBLE MICROBIAL PRODUCTS IN ANAMMOX BIOFILM USING MULTIDIMENSIONAL MODELING,Assessment of Heterotrophic Growth Supported by Soluble Microbial Products in Anammox Biofilm using Multidimensional Modeling,Liu; Sun; Peng,Liu; Sun; Peng; Wang; Dai; Ni,2016,2016,100.0
same_work,opening_words,10.1038/srep27576,Assessment of Heterotrophic Growth Supported,Assessment of Heterotrophic Growth Supported by Soluble Microbial Products in Anammox Biofilm using Multidimensional Modeling,Liu; Sun; Peng,Liu; Sun; Peng; Wang; Dai; Ni,2016,2016,100.0
same_work,compound,10.1038/srep27576,Assessment of Heterotrophic Growth Supported by Soluble Microbila Products in Anammox,Assessment of Heterotrophic Growth Supported by Soluble Microbial Products in Anammox Biofilm using Multidimensional Modeling,Liu; Sun; Peng,Liu; Sun; Peng; Wang; Dai; Ni,2016,2016,93.75
same_work,identity,10.1163/1875984x-01001005,R2P and the Prevention of Mass Atrocities: A Child-Centric Approach,R2P and the Prevention of Mass Atrocities: A Child-Centric Approach,Jacob,Jacob,2018,2018,100.0
same_work,drop_subtitle,10.1163/1875984x-01001005,R2P and the Prevention of Mass Atrocities,R2P and the Prevention of Mass Atrocities: A Child-Centric Approach,Jacob,Jacob,2018,2018,100.0
same_work,truncate,10.1163/1875984x-01001005,R2P and the Prevention of Mass Atrocities:,R2P and the Prevention of Mass Atrocities: A Child-Centric Approach,Jacob,Jacob,2018,2018,100.0
same_work,typo,10.1163/1875984x-01001005,R2P and the Prevetnion of Mass Atrocities: A Child-Centric Approach,R2P and the Prevention of Mass Atrocities: A Child-Centric Approach,Jacob,Jacob,2018,2018,98.48484848484848
same_work,case,10.1163/1875984x-01001005,r2p and the prevention of mass atrocities: a child-centric approach,R2P and the Prevention of Mass Atrocities: A Child-Centric Approach,Jacob,Jacob,2018,2018,100.0
same_work,punctuation,10.1163/1875984x-01001005,R2P and the Prevention of Mass Atrocities A ChildCentric Approach,R2P and the Prevention of Mass Atrocities: A Child-Centric Approach,Jacob,Jacob,2018,2018,91.6030534351145
same_work,opening_words,10.1163/1875984x-01001005,R2P and the Prevention of,R2P and the Prevention of Mass Atrocities: A Child-Centric Approach,Jacob,Jacob,2018,2018,100.0
same_work,compound,10.1163/1875984x-01001005,R2P and the Preventio nof Mass Atrocities,R2P and the Prevention of Mass Atrocities: A Child-Centric Approach,Jacob,Jacob,2018,2018,79.41176470588235
same_work,identity,10.1111/ajr.12473,Learning from history: How research evidence can inform policies to improve rural and remote medical workforce distribution,Learning from history: How research evidence can inform policies to improve rural and remote medical workforce distribution,Humphreys; Wakerman,Humphreys; Wakerman,2018,2018,100.0
same_work,drop_subtitle,10.1111/ajr.12473,Learning from history,Learning from history: How research evidence can inform policies to improve rural and remote medical workforce distribution,Humphreys; Wakerman,Humphreys; Wakerman,2018,2018,100.0
same_work,truncate,10.1111/ajr.12473,Learning from history: How research evidence can inform policies to improve,Learning from history: How research evidence can inform policies to improve rural and remote medical workforce distribution,Humphreys; Wakerman,Humphreys; Wakerman,2018,2018,100.0
same_work,typo,10.1111/ajr.12473,Learning from history: How research evidenc ecan inform policies to improve rural and remote medical workforce distribution,Learning from history: How research evidence can inform policies to improve rural and remote medical workforce distribution,Humphreys; Wakerman,Humphreys; Wakerman,2018,2018,99.18032786885246
same_work,case,10.1111/ajr.12473,LEARNING FROM HISTORY: HOW RESEARCH EVIDENCE CAN INFORM POLICIES TO IMPROVE RURAL AND REMOTE MEDICAL WORKFORCE DISTRIBUTION,Learning from history: How research evidence can inform policies to improve rural and remote medical workforce distribution,Humphreys; Wakerman,Humphreys; Wakerman,2018,2018,100.0
same_work,punctuation,10.1111/ajr.12473,Learning from history How research evidence can inform policies to improve rural and remote medical workforce distribution,Learning from history: How research evidence can inform policies to improve rural and remote medical workforce distribution,Humphreys; Wakerman,Humphreys; Wakerman,2018,2018,100.0
same_work,opening_words,10.1111/ajr.12473,Learning from history: How research,Learning from history: How research evidence can inform policies to improve rural and remote medical workforce distribution,Humphreys; Wakerman,Humphreys; Wakerman,2018,2018,100.0
same_work,compound,10.1111/ajr.12473,Learning frmo history,Learning from history: How research evidence can inform policies to improve rural and remote medical workforce distribution,Humphreys; Wakerman,Humphreys; Wakerman,2018,2018,86.48648648648648
same_work,identity,10.11646/zootaxa.4619.2.11,"A new species of Acroneuria (Plecoptera: Perlidae) from Henan Province, China, with redescription of A. hainana Wu, 1938","A new species of Acroneuria (Plecoptera: Perlidae) from Henan Province, China, with redescription of A. hainana Wu, 1938",LIU; MO; LI,LIU; MO; LI,2019,2019,100.0
same_work,drop_subtitle,10.11646/zootaxa.4619.2.11,A new species of Acroneuria (Plecoptera,"A new species of Acroneuria (Plecoptera: Perlidae) from Henan Province, China, with redescription of A. hainana Wu, 1938",LIU; MO; LI,LIU; MO; LI,2019,2019,100.0
same_work,truncate,10.11646/zootaxa.4619.2.11,"A new species of Acroneuria (Plecoptera: Perlidae) from Henan Province, China, with redescription of","A new species of Acroneuria (Plecoptera: Perlidae) from Henan Province, China, with redescription of A. hainana Wu, 1938",LIU; MO; LI,LIU; MO; LI,2019,2019,100.0
same_work,typo,10.11646/zootaxa.4619.2.11,"A new species of Acroneuria (Plecoptera: Perlidae) frmo Henan Province, China, with redescription of A. hainana Wu, 1938","A new species of Acroneuria (Plecoptera: Perlidae) from Henan Province, China, with redescription of A. hainana Wu, 1938",LIU; MO; LI,LIU; MO; LI,2019,2019,99.07407407407408
same_work,case,10.11646/zootaxa.4619.2.11,"a new species of acroneuria (plecoptera: perlidae) from henan province, china, with redescription of a. hainana wu, 1938","A new species of Acroneuria (Plecoptera: Perlidae) from Henan Province, China, with redescription of A. hainana Wu, 1938",LIU; MO; LI,LIU; MO; LI,2019,2019,100.0
same_work,punctuation,10.11646/zootaxa.4619.2.11,A new species of Acroneuria Plecoptera Perlidae from Henan Province China with redescription of A hainana Wu 1938,"A new species of Acroneuria (Plecoptera: Perlidae) from Henan Province, China, with redescription of A. hainana Wu, 1938",LIU; MO; LI,LIU; MO; LI,2019,2019,100.0
same_work,opening_words,10.11646/zootaxa.4619.2.11,A new species of,"A new species of Acroneuria (Plecoptera: Perlidae) from Henan Province, China, with redescription of A. hainana Wu, 1938",LIU; MO; LI,LIU; MO; LI,2019,2019,100.0
same_work,compound,10.11646/zootaxa.4619.2.11,A new psecies of Acroneuria Plecoptera,"A new species of Acroneuria (Plecoptera: Perlidae) from Henan Province, China, with redescription of A. hainana Wu, 1938",LIU; MO; LI,LIU; MO; LI,2019,2019,88.23529411764706
same_work,identity,10.1177/0731684415618537,Mechanical properties of unidirectional continuous fiber tapes reinforced long fiber thermoplastics and their manufacturing,Mechanical properties of unidirectional continuous fiber tapes reinforced long fiber thermoplastics and their manufacturing,Fang; Shen; Dai,Fang; Shen; Dai,2015,2015,100.0
same_work,truncate,10.1177/0731684415618537,Mechanical properties of unidirectional continuous fiber tapes reinforced long fiber,Mechanical properties of unidirectional continuous fiber tapes reinforced long fiber thermoplastics and their manufacturing,Fang; Shen; Dai,Fang; Shen; Dai,2015,2015,100.0
same_work,typo,10.1177/0731684415618537,Mechnaical properties of unidirectional continuous fiber tapes reinforced long fiber thermoplastics and their manufacturing,Mechanical properties of unidirectional continuous fiber tapes reinforced long fiber thermoplastics and their manufacturing,Fang; Shen; Dai,Fang; Shen; Dai,2015,2015,99.14529914529915
same_work,case,10.1177/0731684415618537,MECHANICAL PROPERTIES OF UNIDIRECTIONAL CONTINUOUS FIBER TAPES REINFORCED LONG FIBER THERMOPLASTICS AND THEIR MANUFACTURING,Mechanical properties of unidirectional continuous fiber tapes reinforced long fiber thermoplastics and their manufacturing,Fang; Shen; Dai,Fang; Shen; Dai,2015,2015,100.0
same_work,opening_words,10.1177/0731684415618537,Mechanical properties of unidirectional,Mechanical properties of unidirectional continuous fiber tapes reinforced long fiber thermoplastics and their manufacturing,Fang; Shen; Dai,Fang; Shen; Dai,2015,2015,100.0
same_work,compound,10.1177/0731684415618537,Mechanical properties of unidirecitonal continuous fiber tapes reinforced,Mechanical properties of unidirectional continuous fiber tapes reinforced long fiber thermoplastics and their manufacturing,Fang; Shen; Dai,Fang; Shen; Dai,2015,2015,88.54961832061069
same_work,identity,10.1097/cco.0000000000000561,Molecular screening programs in different countries: what we learned and perspectives,Molecular screening programs in different countries: what we learned and perspectives,Borcoman; Le Tourneau; Kamal,Borcoman; Le Tourneau; Kamal,2019,2019,100.0
same_work,drop_subtitle,10.1097/cco.0000000000000561,Molecular screening programs in different countries,Molecular screening programs in different countries: what we learned and perspectives,Borcoman; Le Tourneau; Kamal,Borcoman; Le Tourneau; Kamal,2019,2019,100.0
same_work,truncate,10.1097/cco.0000000000000561,Molecular screening programs in different countries: what,Molecular screening programs in different countries: what we learned and perspectives,Borcoman; Le Tourneau; Kamal,Borcoman; Le Tourneau; Kamal,2019,2019,100.0
same_work,typo,10.1097/cco.0000000000000561,Molecular screening programs i ndifferent countries: what we learned and perspectives,Molecular screening programs in different countries: what we learned and perspectives,Borcoman; Le Tourneau; Kamal,Borcoman; Le Tourneau; Kamal,2019,2019,96.42857142857143
same_work,case,10.1097/cco.0000000000000561,molecular screening programs in different countries: what we learned and perspectives,Molecular screening programs in different countries: what we learned and perspectives,Borcoman; Le Tourneau; Kamal,Borcoman; Le Tourneau; Kamal,2019,2019,100.0
same_work,punctuation,10.1097/cco.0000000000000561,Molecular screening programs in different countries what we learned and perspectives,Molecular screening programs in different countries: what we learned and perspectives,Borcoman; Le Tourneau; Kamal,Borcoman; Le Tourneau; Kamal,2019,2019,100.0
same_work,opening_words,10.1097/cco.0000000000000561,Molecular screening programs in different,Molecular screening programs in different countries: what we learned and perspectives,Borcoman; Le Tourneau; Kamal,Borcoman; Le Tourneau; Kamal,2019,2019,100.0
same_work,compound,10.1097/cco.0000000000000561,Molecular screening programs in different ocuntries,Molecular screening programs in different countries: what we learned and perspectives,Borcoman; Le Tourneau; Kamal,Borcoman; Le Tourneau; Kamal,2019,2019,89.13043478260869
same_work,identity,10.1139/cjc-2015-0248,Silver ion binding to the organophosphorus pesticide diazinon and hydrolytic pathways revealed by mass spectrometric and NMR studies,Silver ion binding to the organophosphorus pesticide diazinon and hydrolytic pathways revealed by mass spectrometric and NMR studies,Wyer; vanLoon; Dust,Wyer; vanLoon; Dust; Buncel,2015,2015,100.0
same_work,truncate,10.1139/cjc-2015-0248,Silver ion binding to the organophosphorus pesticide diazinon and hydrolytic pathways,Silver ion binding to the organophosphorus pesticide diazinon and hydrolytic pathways revealed by mass spectrometric and NMR studies,Wyer; vanLoon; Dust,Wyer; vanLoon; Dust; Buncel,2015,2015,100.0
same_work,typo,10.1139/cjc-2015-0248,Silver ion binding to the organophosphorus pesticide diazinon and hydrolytic pathways revealed by mass spectormetric and NMR studies,Silver ion binding to the organophosphorus pesticide diazinon and hydrolytic pathways revealed by mass spectrometric and NMR studies,Wyer; vanLoon; Dust,Wyer; vanLoon; Dust; Buncel,2015,2015,99.21875
same_work,case,10.1139/cjc-2015-0248,silver ion binding to the organophosphorus pesticide diazinon and hydrolytic pathways revealed by mass spectrometric and nmr studies,Silver ion binding to the organophosphorus pesticide diazinon and hydrolytic pathways revealed by mass spectrometric and NMR studies,Wyer; vanLoon; Dust,Wyer; vanLoon; Dust; Buncel,2015,2015,100.0
same_work,opening_words,10.1139/cjc-2015-0248,Silver ion binding to the,Silver ion binding to the organophosphorus pesticide diazinon and hydrolytic pathways revealed by mass spectrometric and NMR studies,Wyer; vanLoon; Dust,Wyer; vanLoon; Dust; Buncel,2015,2015,100.0
same_work,compound,10.1139/cjc-2015-0248,Silver ion binding to the organophosphorus pesticied diazinon and hydrolytic pathways revealed by mass,Silver ion binding to the organophosphorus pesticide diazinon and hydrolytic pathways revealed by mass spectrometric and NMR studies,Wyer; vanLoon; Dust,Wyer; vanLoon; Dust; Buncel,2015,2015,94.84536082474227
same_work,identity,10.5858/arpa.2021-0585-cp,Clinical Testing for Tumor Cell-Free DNA: College of American Pathologists Proficiency Programs Reveal Practice Trends,Clinical Testing for Tumor Cell-Free DNA: College of American Pathologists Proficiency Programs Reveal Practice Trends,Devereaux; Souers; Merker,Devereaux; Souers; Merker; Lindeman; Graham; Hameed; Vasalos; Moncur; Lockwood; Xian,2022,2022,100.0
same_work,drop_subtitle,10.5858/arpa.2021-0585-cp,Clinical Testing for Tumor Cell-Free DNA,Clinical Testing for Tumor Cell-Free DNA: College of American Pathologists Proficiency Programs Reveal Practice Trends,Devereaux; Souers; Merker,Devereaux; Souers; Merker; Lindeman; Graham; Hameed; Vasalos; Moncur; Lockwood; Xian,2022,2022,100.0
same_work,truncate,10.5858/arpa.2021-0585-cp,Clinical Testing for Tumor Cell-Free DNA: College of American Pathologists Proficiency,Clinical Testing for Tumor Cell-Free DNA: College of American Pathologists Proficiency Programs Reveal Practice Trends,Devereaux; Souers; Merker,Devereaux; Souers; Merker; Lindeman; Graham; Hameed; Vasalos; Moncur; Lockwood; Xian,2022,2022,100.0
same_work,typo,10.5858/arpa.2021-0585-cp,Clinical Testing for Tumor Cell-Free DNA: College of American Pathologists Proficiency Programs Reveal Practice rTends,Clinical Testing for Tumor Cell-Free DNA: College of American Pathologists Proficiency Programs Reveal Practice Trends,Devereaux; Souers; Merker,Devereaux; Souers; Merker; Lindeman; Graham; Hameed; Vasalos; Moncur; Lockwood; Xian,2022,2022,99.14529914529915
same_work,case,10.5858/arpa.2021-0585-cp,clinical testing for tumor cell-free dna: college of american pathologists proficiency programs reveal practice trends,Clinical Testing for Tumor Cell-Free DNA: College of American Pathologists Proficiency Programs Reveal Practice Trends,Devereaux; Souers; Merker,Devereaux; Souers; Merker; Lindeman; Graham; Hameed; Vasalos; Moncur; Lockwood; Xian,2022,2022,100.0
same_work,punctuation,10.5858/arpa.2021-0585-cp,Clinical Testing for Tumor CellFree DNA College of American Pathologists Proficiency Programs Reveal Practice Trends,Clinical Testing for Tumor Cell-Free DNA: College of American Pathologists Proficiency Programs Reveal Practice Trends,Devereaux; Souers; Merker,Devereaux; Souers; Merker; Lindeman; Graham; Hameed; Vasalos; Moncur; Lockwood; Xian,2022,2022,99.57081545064378
same_work,opening_words,10.5858/arpa.2021-0585-cp,Clinical Testing for Tumor,Clinical Testing for Tumor Cell-Free DNA: College of American Pathologists Proficiency Programs Reveal Practice Trends,Devereaux; Souers; Merker,Devereaux; Souers; Merker; Lindeman; Graham; Hameed; Vasalos; Moncur; Lockwood; Xian,2022,2022,100.0
same_work,compound,10.5858/arpa.2021-0585-cp,Clinical Testing for Tmuor CellFree DNA,Clinical Testing for Tumor Cell-Free DNA: College of American Pathologists Proficiency Programs Reveal Practice Trends,Devereaux; Souers; Merker,Devereaux; Souers; Merker; Lindeman; Graham; Hameed; Vasalos; Moncur; Lockwood; Xian,2022,2022,76.19047619047619
same_work,identity,10.2478/fv-2024-0029,Evaluation of Neuroprotective Effects of Local Hypothermia in a Porcine Spinal Cord Injury Model,Evaluation of Neuroprotective Effects of Local Hypothermia in a Porcine Spinal Cord Injury Model,Šulla; Papcúnová; Závodská,Šulla; Papcúnová; Závodská,2024,2024,100.0
same_work,truncate,10.2478/fv-2024-0029,Evaluation of Neuroprotective Effects of Local Hypothermia in a Porcine,Evaluation of Neuroprotective Effects of Local Hypothermia in a Porcine Spinal Cord Injury Model,Šulla; Papcúnová; Závodská,Šulla; Papcúnová; Závodská,2024,2024,100.0
same_work,typo,10.2478/fv-2024-0029,Evaluation of Neuroprotective Effects of Local Hpyothermia in a Porcine Spinal Cord Injury Model,Evaluation of Neuroprotective Effects of Local Hypothermia in a Porcine Spinal Cord Injury Model,Šulla; Papcúnová; Závodská,Šulla; Papcúnová; Závodská,2024,2024,98.9247311827957
same_work,case,10.2478/fv-2024-0029,evaluation of neuroprotective effects of local hypothermia in a porcine spinal cord injury model,Evaluation of Neuroprotective Effects of Local Hypothermia in a Porcine Spinal Cord Injury Model,Šulla; Papcúnová; Závodská,Šulla; Papcúnová; Závodská,2024,2024,100.0
same_work,opening_words,10.2478/fv-2024-0029,Evaluation of Neuroprotective Effects of,Evaluation of Neuroprotective Effects of Local Hypothermia in a Porcine Spinal Cord Injury Model,Šulla; Papcúnová; Závodská,Šulla; Papcúnová; Závodská,2024,2024,100.0
same_work,compound,10.2478/fv-2024-0029,Evaluation of Neuroprotective Effects of Lcoal Hypothermia in,Evaluation of Neuroprotective Effects of Local Hypothermia in a Porcine Spinal Cord Injury Model,Šulla; Papcúnová; Závodská,Šulla; Papcúnová; Závodská,2024,2024,94.54545454545455
same_work,identity,10.18173/2354-1067.2021-0011,The Revolutionary Base Areas of Can Vuong Movement in Quang Nam,The Revolutionary Base Areas of Can Vuong Movement in Quang Nam,Nguyen Minh,Nguyen Minh,2021,2021,100.0
same_work,truncate,10.18173/2354-1067.2021-0011,The Revolutionary Base Areas of Can Vuong Movement,The Revolutionary Base Areas of Can Vuong Movement in Quang Nam,Nguyen Minh,Nguyen Minh,2021,2021,100.0
same_work,typo,10.18173/2354-1067.2021-0011,The Revolutionary Base Araes of Can Vuong Movement in Quang Nam,The Revolutionary Base Areas of Can Vuong Movement in Quang Nam,Nguyen Minh,Nguyen Minh,2021,2021,98.41269841269842
same_work,case,10.18173/2354-1067.2021-0011,THE REVOLUTIONARY BASE AREAS OF CAN VUONG MOVEMENT IN QUANG NAM,The Revolutionary Base Areas of Can Vuong Movement in Quang Nam,Nguyen Minh,Nguyen Minh,2021,2021,100.0
same_work,opening_words,10.18173/2354-1067.2021-0011,The Revolutionary Base Areas of,The Revolutionary Base Areas of Can Vuong Movement in Quang Nam,Nguyen Minh,Nguyen Minh,2021,2021,100.0
same_work,compound,10.18173/2354-1067.2021-0011,The Revolutionary Base rAeas of Can Vuong Movement,The Revolutionary Base Areas of Can Vuong Movement in Quang Nam,Nguyen Minh,Nguyen Minh,2021,2021,93.61702127659575
same_work,identity,10.1155/2020/6490479,Improved Classification of White Blood Cells with the Generative Adversarial Network and Deep Convolutional Neural Network,Improved Classification of White Blood Cells with the Generative Adversarial Network and Deep Convolutional Neural Network,Almezhghwi; Serte,Almezhghwi; Serte,2020,2020,100.0
same_work,truncate,10.1155/2020/6490479,Improved Classification of White Blood Cells with the Generative Adversarial Network,Improved Classification of White Blood Cells with the Generative Adversarial Network and Deep Convolutional Neural Network,Almezhghwi; Serte,Almezhghwi; Serte,2020,2020,100.0
same_work,typo,10.1155/2020/6490479,Improevd Classification of White Blood Cells with the Generative Adversarial Network and Deep Convolutional Neural Network,Improved Classification of White Blood Cells with the Generative Adversarial Network and Deep Convolutional Neural Network,Almezhghwi; Serte,Almezhghwi; Serte,2020,2020,99.12280701754386
same_work,case,10.1155/2020/6490479,IMPROVED CLASSIFICATION OF WHITE BLOOD CELLS WITH THE GENERATIVE ADVERSARIAL NETWORK AND DEEP CONVOLUTIONAL NEURAL NETWORK,Improved Classification of White Blood Cells with the Generative Adversarial Network and Deep Convolutional Neural Network,Almezhghwi; Serte,Almezhghwi; Serte,2020,2020,100.0
same_work,opening_words,10.1155/2020/6490479,Improved Classification of White Blood,Improved Classification of White Blood Cells with the Generative Adversarial Network and Deep Convolutional Neural Network,Almezhghwi; Serte,Almezhghwi; Serte,2020,2020,100.0
same_work,compound,10.1155/2020/6490479,Improved Classification of White Blood Cells wit hthe Generative,Improved Classification of White Blood Cells with the Generative Adversarial Network and Deep Convolutional Neural Network,Almezhghwi; Serte,Almezhghwi; Serte,2020,2020,92.43697478991596
same_work,identity,10.1007/s43621-023-00149-3,"Sourcing third party logistics service providers based on environmental, social and corporate governance: a case study","Sourcing third party logistics service providers based on environmental, social and corporate governance: a case study",Moreira; Rodrigues,Moreira; Rodrigues,2023,2023,100.0
same_work,drop_subtitle,10.1007/s43621-023-00149-3,"Sourcing third party logistics service providers based on environmental, social and corporate governance","Sourcing third party logistics service providers based on environmental, social and corporate governance: a case study",Moreira; Rodrigues,Moreira; Rodrigues,2023,2023,100.0
same_work,truncate,10.1007/s43621-023-00149-3,"Sourcing third party logistics service providers based on environmental, social and corporate","Sourcing third party logistics service providers based on environmental, social and corporate governance: a case study",Moreira; Rodrigues,Moreira; Rodrigues,2023,2023,100.0
same_work,typo,10.1007/s43621-023-00149-3,"Sourcing third party logistics service rpoviders based on environmental, social and corporate governance: a case study","Sourcing third party logistics service providers based on environmental, social and corporate governance: a case study",Moreira; Rodrigues,Moreira; Rodrigues,2023,2023,99.13793103448276
same_work,case,10.1007/s43621-023-00149-3,"SOURCING THIRD PARTY LOGISTICS SERVICE PROVIDERS BASED ON ENVIRONMENTAL, SOCIAL AND CORPORATE GOVERNANCE: A CASE STUDY","Sourcing third party logistics service providers based on environmental, social and corporate governance: a case study",Moreira; Rodrigues,Moreira; Rodrigues,2023,2023,100.0
same_work,punctuation,10.1007/s43621-023-00149-3,Sourcing third party logistics service providers based on environmental social and corporate governance a case study,"Sourcing third party logistics service providers based on environmental, social and corporate governance: a case study",Moreira; Rodrigues,Moreira; Rodrigues,2023,2023,100.0
same_work,opening_words,10.1007/s43621-023-00149-3,Sourcing third party logistics,"Sourcing third party logistics service providers based on environmental, social and corporate governance: a case study",Moreira; Rodrigues,Moreira; Rodrigues,2023,2023,100.0
same_work,compound,10.1007/s43621-023-00149-3,Sourcing third patry logistics service providers based,"Sourcing third party logistics service providers based on environmental, social and corporate governance: a case study",Moreira; Rodrigues,Moreira; Rodrigues,2023,2023,94.11764705882354
same_work,identity,10.1163/17455243-20202934,The Projectability Challenge to Moral Naturalism,The Projectability Challenge to Moral Naturalism,Bengson; Cuneo; Reisner,Bengson; Cuneo; Reisner,2020,2020,100.0
same_work,typo,10.1163/17455243-20202934,The Projectability Challenge to Moral Ntauralism,The Projectability Challenge to Moral Naturalism,Bengson; Cuneo; Reisner,Bengson; Cuneo; Reisner,2020,2020,97.91666666666667
same_work,case,10.1163/17455243-20202934,the projectability challenge to moral naturalism,The Projectability Challenge to Moral Naturalism,Bengson; Cuneo; Reisner,Bengson; Cuneo; Reisner,2020,2020,100.0
same_work,compound,10.1163/17455243-20202934,The Projecatbility Challenge to Moral Naturalism,The Projectability Challenge to Moral Naturalism,Bengson; Cuneo; Reisner,Bengson; Cuneo; Reisner,2020,2020,97.91666666666667
same_work,identity,10.32503/cendekiaakuntansi.v9i1.4810,"ANALISIS DAMPAK PANDEMI COVID-19 TERHADAP KINERJA LAPORAN KEUANGAN PERUSAHAAN SEKTOR KESEHATAN, INDUSTI,  DAN BARANG KONSUMEN PRIMER","ANALISIS DAMPAK PANDEMI COVID-19 TERHADAP KINERJA LAPORAN KEUANGAN PERUSAHAAN SEKTOR KESEHATAN, INDUSTI,  DAN BARANG KONSUMEN PRIMER",Putra; Alfinuha,Putra; Alfinuha,2024,2024,100.0
same_work,truncate,10.32503/cendekiaakuntansi.v9i1.4810,"ANALISIS DAMPAK PANDEMI COVID-19 TERHADAP KINERJA LAPORAN KEUANGAN PERUSAHAAN SEKTOR KESEHATAN,","ANALISIS DAMPAK PANDEMI COVID-19 TERHADAP KINERJA LAPORAN KEUANGAN PERUSAHAAN SEKTOR KESEHATAN, INDUSTI,  DAN BARANG KONSUMEN PRIMER",Putra; Alfinuha,Putra; Alfinuha,2024,2024,100.0
same_work,typo,10.32503/cendekiaakuntansi.v9i1.4810,"ANALISIS DAMPAK PANDEMI COVID-19 TERHADAP KINERJA LAPORAN KEUANGAN PERUSAHAAN SEKTOR KESEHATAN, INDUSTI,  DAN BARAGN KONSUMEN PRIMER","ANALISIS DAMPAK PANDEMI COVID-19 TERHADAP KINERJA LAPORAN KEUANGAN PERUSAHAAN SEKTOR KESEHATAN, INDUSTI,  DAN BARANG KONSUMEN PRIMER",Putra; Alfinuha,Putra; Alfinuha,2024,2024,99.2248062015504
same_work,case,10.32503/cendekiaakuntansi.v9i1.4810,"analisis dampak pandemi covid-19 terhadap kinerja laporan keuangan perusahaan sektor kesehatan, industi,  dan barang konsumen primer","ANALISIS DAMPAK PANDEMI COVID-19 TERHADAP KINERJA LAPORAN KEUANGAN PERUSAHAAN SEKTOR KESEHATAN, INDUSTI,  DAN BARANG KONSUMEN PRIMER",Putra; Alfinuha,Putra; Alfinuha,2024,2024,100.0
same_work,punctuation,10.32503/cendekiaakuntansi.v9i1.4810,ANALISIS DAMPAK PANDEMI COVID19 TERHADAP KINERJA LAPORAN KEUANGAN PERUSAHAAN SEKTOR KESEHATAN INDUSTI  DAN BARANG KONSUMEN PRIMER,"ANALISIS DAMPAK PANDEMI COVID-19 TERHADAP KINERJA LAPORAN KEUANGAN PERUSAHAAN SEKTOR KESEHATAN, INDUSTI,  DAN BARANG KONSUMEN PRIMER",Putra; Alfinuha,Putra; Alfinuha,2024,2024,98.05447470817121
same_work,opening_words,10.32503/cendekiaakuntansi.v9i1.4810,ANALISIS DAMPAK PANDEMI COVID-19 TERHADAP,"ANALISIS DAMPAK PANDEMI COVID-19 TERHADAP KINERJA LAPORAN KEUANGAN PERUSAHAAN SEKTOR KESEHATAN, INDUSTI,  DAN BARANG KONSUMEN PRIMER",Putra; Alfinuha,Putra; Alfinuha,2024,2024,100.0
same_work,compound,10.32503/cendekiaakuntansi.v9i1.4810,ANAILSIS DAMPAK PANDEMI COVID19 TERHADAP KINERJA LAPORAN KEUANGAN PERUSAHAAN SEKTOR,"ANALISIS DAMPAK PANDEMI COVID-19 TERHADAP KINERJA LAPORAN KEUANGAN PERUSAHAAN SEKTOR KESEHATAN, INDUSTI,  DAN BARANG KONSUMEN PRIMER",Putra; Alfinuha,Putra; Alfinuha,2024,2024,88.59060402684564
same_work,identity,10.55218/jasr.202213221,"PHYTOMODULATORY EFFECTS OF MURRAYA KOENIGII IN DMBA/TPA INDUCED ANGIOGENESIS, HEPATOTOXICITY AND RENAL TOXICITY DURING SKIN CARCINOGENESIS IN MICE","PHYTOMODULATORY EFFECTS OF MURRAYA KOENIGII IN DMBA/TPA INDUCED ANGIOGENESIS, HEPATOTOXICITY AND RENAL TOXICITY DURING SKIN CARCINOGENESIS IN MICE",Aniqa; Kaur; Negi,Aniqa; Kaur; Negi; Sadwal; Bharati,2022,2022,100.0
same_work,truncate,10.55218/jasr.202213221,"PHYTOMODULATORY EFFECTS OF MURRAYA KOENIGII IN DMBA/TPA INDUCED ANGIOGENESIS, HEPATOTOXICITY AND","PHYTOMODULATORY EFFECTS OF MURRAYA KOENIGII IN DMBA/TPA INDUCED ANGIOGENESIS, HEPATOTOXICITY AND RENAL TOXICITY DURING SKIN CARCINOGENESIS IN MICE",Aniqa; Kaur; Negi,Aniqa; Kaur; Negi; Sadwal; Bharati,2022,2022,100.0
same_work,typo,10.55218/jasr.202213221,"PHYTOMODULATORY EFFECTS OF MURRYAA KOENIGII IN DMBA/TPA INDUCED ANGIOGENESIS, HEPATOTOXICITY AND RENAL TOXICITY DURING SKIN CARCINOGENESIS IN MICE","PHYTOMODULATORY EFFECTS OF MURRAYA KOENIGII IN DMBA/TPA INDUCED ANGIOGENESIS, HEPATOTOXICITY AND RENAL TOXICITY DURING SKIN CARCINOGENESIS IN MICE",Aniqa; Kaur; Negi,Aniqa; Kaur; Negi; Sadwal; Bharati,2022,2022,99.29577464788733
same_work,case,10.55218/jasr.202213221,"PHYTOMODULATORY EFFECTS OF MURRAYA KOENIGII IN DMBA/TPA INDUCED ANGIOGENESIS, HEPATOTOXICITY AND RENAL TOXICITY DURING SKIN CARCINOGENESIS IN MICE","PHYTOMODULATORY EFFECTS OF MURRAYA KOENIGII IN DMBA/TPA INDUCED ANGIOGENESIS, HEPATOTOXICITY AND RENAL TOXICITY DURING SKIN CARCINOGENESIS IN MICE",Aniqa; Kaur; Negi,Aniqa; Kaur; Negi; Sadwal; Bharati,2022,2022,100.0
same_work,punctuation,10.55218/jasr.202213221,PHYTOMODULATORY EFFECTS OF MURRAYA KOENIGII IN DMBATPA INDUCED ANGIOGENESIS HEPATOTOXICITY AND RENAL TOXICITY DURING SKIN CARCINOGENESIS IN MICE,"PHYTOMODULATORY EFFECTS OF MURRAYA KOENIGII IN DMBA/TPA INDUCED ANGIOGENESIS, HEPATOTOXICITY AND RENAL TOXICITY DURING SKIN CARCINOGENESIS IN MICE",Aniqa; Kaur; Negi,Aniqa; Kaur; Negi; Sadwal; Bharati,2022,2022,99.64664310954063
same_work,opening_words,10.55218/jasr.202213221,PHYTOMODULATORY EFFECTS OF MURRAYA,"PHYTOMODULATORY EFFECTS OF MURRAYA KOENIGII IN DMBA/TPA INDUCED ANGIOGENESIS, HEPATOTOXICITY AND RENAL TOXICITY DURING SKIN CARCINOGENESIS IN MICE",Aniqa; Kaur; Negi,Aniqa; Kaur; Negi; Sadwal; Bharati,2022,2022,100.0
same_work,compound,10.55218/jasr.202213221,PHYTOMODULATORY EFFECTS OF MURARYA KOENIGII IN DMBATPA INDUCED ANGIOGENESIS HEPATOTOXICITY AND RENAL TOXICITY,"PHYTOMODULATORY EFFECTS OF MURRAYA KOENIGII IN DMBA/TPA INDUCED ANGIOGENESIS, HEPATOTOXICITY AND RENAL TOXICITY DURING SKIN CARCINOGENESIS IN MICE",Aniqa; Kaur; Negi,Aniqa; Kaur; Negi; Sadwal; Bharati,2022,2022,92.07920792079207
same_work,identity,10.1155/2020/3805373,"Under Industry 4.0, the Current Status of Development and Trend Sports Industry Combining with Cloud Technology","Under Industry 4.0, the Current Status of Development and Trend Sports Industry Combining with Cloud Technology",Yu; Lin; Huang,Yu; Lin; Huang; Wu; Tseng,2020,2020,100.0
same_work,truncate,10.1155/2020/3805373,"Under Industry 4.0, the Current Status of Development and Trend","Under Industry 4.0, the Current Status of Development and Trend Sports Industry Combining with Cloud Technology",Yu; Lin; Huang,Yu; Lin; Huang; Wu; Tseng,2020,2020,100.0
same_work,typo,10.1155/2020/3805373,"Under Industry 4.0, the Curren tStatus of Development and Trend Sports Industry Combining with Cloud Technology","Under Industry 4.0, the Current Status of Development and Trend Sports Industry Combining with Cloud Technology",Yu; Lin; Huang,Yu; Lin; Huang; Wu; Tseng,2020,2020,99.00990099009901
same_work,case,10.1155/2020/3805373,"UNDER INDUSTRY 4.0, THE CURRENT STATUS OF DEVELOPMENT AND TREND SPORTS INDUSTRY COMBINING WITH CLOUD TECHNOLOGY","Under Industry 4.0, the Current Status of Development and Trend Sports Industry Combining with Cloud Technology",Yu; Lin; Huang,Yu; Lin; Huang; Wu; Tseng,2020,2020,100.0
same_work,punctuation,10.1155/2020/3805373,Under Industry 40 the Current Status of Development and Trend Sports Industry Combining with Cloud Technology,"Under Industry 4.0, the Current Status of Development and Trend Sports Industry Combining with Cloud Technology",Yu; Lin; Huang,Yu; Lin; Huang; Wu; Tseng,2020,2020,98.50746268656717
same_work,opening_words,10.1155/2020/3805373,"Under Industry 4.0, the","Under Industry 4.0, the Current Status of Development and Trend Sports Industry Combining with Cloud Technology",Yu; Lin; Huang,Yu; Lin; Huang; Wu; Tseng,2020,2020,100.0
same_work,compound,10.1155/2020/3805373,Under Industry 40 the Current Status of Developemnt and Trend,"Under Industry 4.0, the Current Status of Development and Trend Sports Industry Combining with Cloud Technology",Yu; Lin; Huang,Yu; Lin; Huang; Wu; Tseng,2020,2020,85.98130841121495
same_work,identity,10.1088/1674-1056/ac16cd,Landau damping of electrons with bouncing motion in a radio-frequency plasma*,Landau damping of electrons with bouncing motion in a radio-frequency plasma*,Tao; Xiang; Hu,Tao; Xiang; Hu; Huang,2021,2021,100.0
same_work,truncate,10.1088/1674-1056/ac16cd,Landau damping of electrons with bouncing motion,Landau damping of electrons with bouncing motion in a radio-frequency plasma*,Tao; Xiang; Hu,Tao; Xiang; Hu; Huang,2021,2021,100.0
same_work,typo,10.1088/1674-1056/ac16cd,Landau damping of electrons with bouncing motion in  aradio-frequency plasma*,Landau damping of electrons with bouncing motion in a radio-frequency plasma*,Tao; Xiang; Hu,Tao; Xiang; Hu; Huang,2021,2021,99.33774834437087
same_work,case,10.1088/1674-1056/ac16cd,LANDAU DAMPING OF ELECTRONS WITH BOUNCING MOTION IN A RADIO-FREQUENCY PLASMA*,Landau damping of electrons with bouncing motion in a radio-frequency plasma*,Tao; Xiang; Hu,Tao; Xiang; Hu; Huang,2021,2021,100.0
same_work,punctuation,10.1088/1674-1056/ac16cd,Landau damping of electrons with bouncing motion in a radiofrequency plasma,Landau damping of electrons with bouncing motion in a radio-frequency plasma*,Tao; Xiang; Hu,Tao; Xiang; Hu; Huang,2021,2021,92.71523178807946
same_work,opening_words,10.1088/1674-1056/ac16cd,Landau damping of electrons,Landau damping of electrons with bouncing motion in a radio-frequency plasma*,Tao; Xiang; Hu,Tao; Xiang; Hu; Huang,2021,2021,100.0
same_work,compound,10.1088/1674-1056/ac16cd,Landau damping of electrons iwth bouncing motion,Landau damping of electrons with bouncing motion in a radio-frequency plasma*,Tao; Xiang; Hu,Tao; Xiang; Hu; Huang,2021,2021,94.50549450549451
same_work,identity,10.1111/jpc.15852,Trends in mental health presentations in a south Australian tertiary emergency department,Trends in mental health presentations in a south Australian tertiary emergency department,Goldfinch; Kochar,Goldfinch; Kochar,2021,2021,100.0
same_work,truncate,10.1111/jpc.15852,Trends in mental health presentations in a,Trends in mental health presentations in a south Australian tertiary emergency department,Goldfinch; Kochar,Goldfinch; Kochar,2021,2021,100.0
same_work,typo,10.1111/jpc.15852,Trends in mental health presentations in a south Australain tertiary emergency department,Trends in mental health presentations in a south Australian tertiary emergency department,Goldfinch; Kochar,Goldfinch; Kochar,2021,2021,98.83720930232558
same_work,case,10.1111/jpc.15852,trends in mental health presentations in a south australian tertiary emergency department,Trends in mental health presentations in a south Australian tertiary emergency department,Goldfinch; Kochar,Goldfinch; Kochar,2021,2021,100.0
same_work,opening_words,10.1111/jpc.15852,Trends in mental health,Trends in mental health presentations in a south Australian tertiary emergency department,Goldfinch; Kochar,Goldfinch; Kochar,2021,2021,100.0
same_work,compound,10.1111/jpc.15852,Trends in mental health presentatiosn in a south Australian,Trends in mental health presentations in a south Australian tertiary emergency department,Goldfinch; Kochar,Goldfinch; Kochar,2021,2021,85.71428571428571
same_work,identity,10.1063/5.0016412,Programmable omni-resonance using space–time fields,Programmable omni-resonance using space–time fields,Shiri; Schepler; Abouraddy,Shiri; Schepler; Abouraddy,2020,2020,100.0
same_work,typo,10.1063/5.0016412,Programmable omni-resonance using space–tim efields,Programmable omni-resonance using space–time fields,Shiri; Schepler; Abouraddy,Shiri; Schepler; Abouraddy,2020,2020,98.03921568627452
same_work,case,10.1063/5.0016412,PROGRAMMABLE OMNI-RESONANCE USING SPACE–TIME FIELDS,Programmable omni-resonance using space–time fields,Shiri; Schepler; Abouraddy,Shiri; Schepler; Abouraddy,2020,2020,100.0
same_work,punctuation,10.1063/5.0016412,Programmable omniresonance using spacetime fields,Programmable omni-resonance using space–time fields,Shiri; Schepler; Abouraddy,Shiri; Schepler; Abouraddy,2020,2020,98.0
same_work,compound,10.1063/5.0016412,Programmable omniresonance using spaceitme fields,Programmable omni-resonance using space–time fields,Shiri; Schepler; Abouraddy,Shiri; Schepler; Abouraddy,2020,2020,96.0
same_work,identity,10.1371/journal.pone.0276428,Male survivorship and the evolution of eusociality in partially bivoltine sweat bees,Male survivorship and the evolution of eusociality in partially bivoltine sweat bees,Gruber; Field,Gruber; Field,2022,2022,100.0
same_work,truncate,10.1371/journal.pone.0276428,Male survivorship and the evolution of eusociality,Male survivorship and the evolution of eusociality in partially bivoltine sweat bees,Gruber; Field,Gruber; Field,2022,2022,100.0
same_work,typo,10.1371/journal.pone.0276428,Male survivorship and the evolution of eusociality in partially bivoltine wseat bees,Male survivorship and the evolution of eusociality in partially bivoltine sweat bees,Gruber; Field,Gruber; Field,2022,2022,98.80952380952381
same_work,case,10.1371/journal.pone.0276428,MALE SURVIVORSHIP AND THE EVOLUTION OF EUSOCIALITY IN PARTIALLY BIVOLTINE SWEAT BEES,Male survivorship and the evolution of eusociality in partially bivoltine sweat bees,Gruber; Field,Gruber; Field,2022,2022,100.0
same_work,opening_words,10.1371/journal.pone.0276428,Male survivorship and the evolution,Male survivorship and the evolution of eusociality in partially bivoltine sweat bees,Gruber; Field,Gruber; Field,2022,2022,100.0
same_work,compound,10.1371/journal.pone.0276428,Male survivorship and the evolution of eusocilaity in,Male survivorship and the evolution of eusociality in partially bivoltine sweat bees,Gruber; Field,Gruber; Field,2022,2022,87.23404255319149
same_work,identity,10.7546/nntdm.2021.27.2.148-158,The generalized k-Fibonacci polynomials and generalized k-Lucas polynomials,The generalized k-Fibonacci polynomials and generalized k-Lucas polynomials,"Graduate School of Natural and Applied Sciences, Erzincan Binali Yildirim University; Taştan; Özkan","Graduate School of Natural and Applied Sciences, Erzincan Binali Yildirim University; Taştan; Özkan; Department of Mathematics, Erzincan Binali Yildirim University; Shannon; Warrane College, the University of New South Wales",2021,2021,100.0
same_work,truncate,10.7546/nntdm.2021.27.2.148-158,The generalized k-Fibonacci polynomials and,The generalized k-Fibonacci polynomials and generalized k-Lucas polynomials,"Graduate School of Natural and Applied Sciences, Erzincan Binali Yildirim University; Taştan; Özkan","Graduate School of Natural and Applied Sciences, Erzincan Binali Yildirim University; Taştan; Özkan; Department of Mathematics, Erzincan Binali Yildirim University; Shannon; Warrane College, the University of New South Wales",2021,2021,100.0
same_work,typo,10.7546/nntdm.2021.27.2.148-158,The generalzied k-Fibonacci polynomials and generalized k-Lucas polynomials,The generalized k-Fibonacci polynomials and generalized k-Lucas polynomials,"Graduate School of Natural and Applied Sciences, Erzincan Binali Yildirim University; Taştan; Özkan","Graduate School of Natural and Applied Sciences, Erzincan Binali Yildirim University; Taştan; Özkan; Department of Mathematics, Erzincan Binali Yildirim University; Shannon; Warrane College, the University of New South Wales",2021,2021,100.0
same_work,case,10.7546/nntdm.2021.27.2.148-158,THE GENERALIZED K-FIBONACCI POLYNOMIALS AND GENERALIZED K-LUCAS POLYNOMIALS,The generalized k-Fibonacci polynomials and generalized k-Lucas polynomials,"Graduate School of Natural and Applied Sciences, Erzincan Binali Yildirim University; Taştan; Özkan","Graduate School of Natural and Applied Sciences, Erzincan Binali Yildirim University; Taştan; Özkan; Department of Mathematics, Erzincan Binali Yildirim University; Shannon; Warrane College, the University of New South Wales",2021,2021,100.0
same_work,punctuation,10.7546/nntdm.2021.27.2.148-158,The generalized kFibonacci polynomials and generalized kLucas polynomials,The generalized k-Fibonacci polynomials and generalized k-Lucas polynomials,"Graduate School of Natural and Applied Sciences, Erzincan Binali Yildirim University; Taştan; Özkan","Graduate School of Natural and Applied Sciences, Erzincan Binali Yildirim University; Taştan; Özkan; Department of Mathematics, Erzincan Binali Yildirim University; Shannon; Warrane College, the University of New South Wales",2021,2021,97.95918367346938
same_work,compound,10.7546/nntdm.2021.27.2.148-158,The generalized kFibonacci ploynomials and,The generalized k-Fibonacci polynomials and generalized k-Lucas polynomials,"Graduate School of Natural and Applied Sciences, Erzincan Binali Yildirim University; Taştan; Özkan","Graduate School of Natural and Applied Sciences, Erzincan Binali Yildirim University; Taştan; Özkan; Department of Mathematics, Erzincan Binali Yildirim University; Shannon; Warrane College, the University of New South Wales",2021,2021,87.91208791208791
same_work,identity,10.1136/bmjopen-2022-069153,Protocol of HOTFy: randomised clinical trial to hyperbaric oxygen therapy in fibromyalgia,Protocol of HOTFy: randomised clinical trial to hyperbaric oxygen therapy in fibromyalgia,Mota Neto; Mendes; Martins,Mota Neto; Mendes; Martins; Landa; Fraga; Souza; Raposo,2023,2023,100.0
same_work,drop_subtitle,10.1136/bmjopen-2022-069153,Protocol of HOTFy,Protocol of HOTFy: randomised clinical trial to hyperbaric oxygen therapy in fibromyalgia,Mota Neto; Mendes; Martins,Mota Neto; Mendes; Martins; Landa; Fraga; Souza; Raposo,2023,2023,100.0
same_work,truncate,10.1136/bmjopen-2022-069153,Protocol of HOTFy: randomised clinical trial to hyperbaric oxygen,Protocol of HOTFy: randomised clinical trial to hyperbaric oxygen therapy in fibromyalgia,Mota Neto; Mendes; Martins,Mota Neto; Mendes; Martins; Landa; Fraga; Souza; Raposo,2023,2023,100.0
same_work,typo,10.1136/bmjopen-2022-069153,Prtoocol of HOTFy: randomised clinical trial to hyperbaric oxygen therapy in fibromyalgia,Protocol of HOTFy: randomised clinical trial to hyperbaric oxygen therapy in fibromyalgia,Mota Neto; Mendes; Martins,Mota Neto; Mendes; Martins; Landa; Fraga; Souza; Raposo,2023,2023,98.86363636363636
same_work,case,10.1136/bmjopen-2022-069153,PROTOCOL OF HOTFY: RANDOMISED CLINICAL TRIAL TO HYPERBARIC OXYGEN THERAPY IN FIBROMYALGIA,Protocol of HOTFy: randomised clinical trial to hyperbaric oxygen therapy in fibromyalgia,Mota Neto; Mendes; Martins,Mota Neto; Mendes; Martins; Landa; Fraga; Souza; Raposo,2023,2023,100.0
same_work,punctuation,10.1136/bmjopen-2022-069153,Protocol of HOTFy randomised clinical trial to hyperbaric oxygen therapy in fibromyalgia,Protocol of HOTFy: randomised clinical trial to hyperbaric oxygen therapy in fibromyalgia,Mota Neto; Mendes; Martins,Mota Neto; Mendes; Martins; Landa; Fraga; Souza; Raposo,2023,2023,100.0
same_work,opening_words,10.1136/bmjopen-2022-069153,Protocol of HOTFy: randomised,Protocol of HOTFy: randomised clinical trial to hyperbaric oxygen therapy in fibromyalgia,Mota Neto; Mendes; Martins,Mota Neto; Mendes; Martins; Landa; Fraga; Souza; Raposo,2023,2023,100.0
same_work,compound,10.1136/bmjopen-2022-069153,Protocol o fHOTFy,Protocol of HOTFy: randomised clinical trial to hyperbaric oxygen therapy in fibromyalgia,Mota Neto; Mendes; Martins,Mota Neto; Mendes; Martins; Landa; Fraga; Souza; Raposo,2023,2023,64.0
same_work,identity,10.59164/univers.v24i24.2886,"Sadulla Zendeli-Daja, një jetë për kulturën, leksikografinë dhe çështjen kombëtare","Sadulla Zendeli-Daja, një jetë për kulturën, leksikografinë dhe çështjen kombëtare",Kona,Kona,2023,2023,100.0
same_work,truncate,10.59164/univers.v24i24.2886,"Sadulla Zendeli-Daja, një jetë për kulturën,","Sadulla Zendeli-Daja, një jetë për kulturën, leksikografinë dhe çështjen kombëtare",Kona,Kona,2023,2023,100.0
same_work,typo,10.59164/univers.v24i24.2886,"Sadulla Zendeli-Daja, një jetë për kulturën, leksikografinë dhe çështejn kombëtare","Sadulla Zendeli-Daja, një jetë për kulturën, leksikografinë dhe çështjen kombëtare",Kona,Kona,2023,2023,98.75
same_work,case,10.59164/univers.v24i24.2886,"SADULLA ZENDELI-DAJA, NJË JETË PËR KULTURËN, LEKSIKOGRAFINË DHE ÇËSHTJEN KOMBËTARE","Sadulla Zendeli-Daja, një jetë për kulturën, leksikografinë dhe çështjen kombëtare",Kona,Kona,2023,2023,100.0
same_work,punctuation,10.59164/univers.v24i24.2886,Sadulla ZendeliDaja një jetë për kulturën leksikografinë dhe çështjen kombëtare,"Sadulla Zendeli-Daja, një jetë për kulturën, leksikografinë dhe çështjen kombëtare",Kona,Kona,2023,2023,94.33962264150944
same_work,opening_words,10.59164/univers.v24i24.2886,"Sadulla Zendeli-Daja, një jetë për","Sadulla Zendeli-Daja, një jetë për kulturën, leksikografinë dhe çështjen kombëtare",Kona,Kona,2023,2023,100.0
same_work,compound,10.59164/univers.v24i24.2886,Sadulla ZnedeliDaja një jetë për kulturën,"Sadulla Zendeli-Daja, një jetë për kulturën, leksikografinë dhe çështjen kombëtare",Kona,Kona,2023,2023,82.85714285714286
same_work,identity,10.1093/mnras/stae717,Tight stellar binaries favour active longitudes at sub- and antistellar points,Tight stellar binaries favour active longitudes at sub- and antistellar points,Sethi; Martin,Sethi; Martin,2024,2024,100.0
same_work,truncate,10.1093/mnras/stae717,Tight stellar binaries favour active longitudes at,Tight stellar binaries favour active longitudes at sub- and antistellar points,Sethi; Martin,Sethi; Martin,2024,2024,100.0
same_work,typo,10.1093/mnras/stae717,Tight stellar binaries favuor active longitudes at sub- and antistellar points,Tight stellar binaries favour active longitudes at sub- and antistellar points,Sethi; Martin,Sethi; Martin,2024,2024,98.7012987012987
same_work,case,10.1093/mnras/stae717,tight stellar binaries favour active longitudes at sub- and antistellar points,Tight stellar binaries favour active longitudes at sub- and antistellar points,Sethi; Martin,Sethi; Martin,2024,2024,100.0
same_work,punctuation,10.1093/mnras/stae717,Tight stellar binaries favour active longitudes at sub and antistellar points,Tight stellar binaries favour active longitudes at sub- and antistellar points,Sethi; Martin,Sethi; Martin,2024,2024,100.0
same_work,opening_words,10.1093/mnras/stae717,Tight stellar binaries favour active,Tight stellar binaries favour active longitudes at sub- and antistellar points,Sethi; Martin,Sethi; Martin,2024,2024,100.0
same_work,compound,10.1093/mnras/stae717,Tight stellar binaries favour active longitude sat,Tight stellar binaries favour active longitudes at sub- and antistellar points,Sethi; Martin,Sethi; Martin,2024,2024,83.72093023255815
same_work,identity,10.23887/jap.v14i02.64344,"Pengaruh Pemahaman Akuntansi, Sosialisasi dan Tingkat Pendidikan Pelaku Usaha Terhadap Penerapan SAK EMKM Pada UMKM di Kabupaten Buleleng","Pengaruh Pemahaman Akuntansi, Sosialisasi dan Tingkat Pendidikan Pelaku Usaha Terhadap Penerapan SAK EMKM Pada UMKM di Kabupaten Buleleng",Oktavia; Masdiantini,Oktavia; Masdiantini,2023,2023,100.0
same_work,truncate,10.23887/jap.v14i02.64344,"Pengaruh Pemahaman Akuntansi, Sosialisasi dan Tingkat Pendidikan Pelaku Usaha Terhadap","Pengaruh Pemahaman Akuntansi, Sosialisasi dan Tingkat Pendidikan Pelaku Usaha Terhadap Penerapan SAK EMKM Pada UMKM di Kabupaten Buleleng",Oktavia; Masdiantini,Oktavia; Masdiantini,2023,2023,100.0
same_work,typo,10.23887/jap.v14i02.64344,"Pengaruh Pemahaman Akuntansi, Sosialisasi dan Tingkat Pendidikan Pelaku Usaha Terhadap Penerapan SKA EMKM Pada UMKM di Kabupaten Buleleng","Pengaruh Pemahaman Akuntansi, Sosialisasi dan Tingkat Pendidikan Pelaku Usaha Terhadap Penerapan SAK EMKM Pada UMKM di Kabupaten Buleleng",Oktavia; Masdiantini,Oktavia; Masdiantini,2023,2023,99.26470588235294
same_work,case,10.23887/jap.v14i02.64344,"pengaruh pemahaman akuntansi, sosialisasi dan tingkat pendidikan pelaku usaha terhadap penerapan sak emkm pada umkm di kabupaten buleleng","Pengaruh Pemahaman Akuntansi, Sosialisasi dan Tingkat Pendidikan Pelaku Usaha Terhadap Penerapan SAK EMKM Pada UMKM di Kabupaten Buleleng",Oktavia; Masdiantini,Oktavia; Masdiantini,2023,2023,100.0
same_work,punctuation,10.23887/jap.v14i02.64344,Pengaruh Pemahaman Akuntansi Sosialisasi dan Tingkat Pendidikan Pelaku Usaha Terhadap Penerapan SAK EMKM Pada UMKM di Kabupaten Buleleng,"Pengaruh Pemahaman Akuntansi, Sosialisasi dan Tingkat Pendidikan Pelaku Usaha Terhadap Penerapan SAK EMKM Pada UMKM di Kabupaten Buleleng",Oktavia; Masdiantini,Oktavia; Masdiantini,2023,2023,100.0
same_work,opening_words,10.23887/jap.v14i02.64344,"Pengaruh Pemahaman Akuntansi, Sosialisasi","Pengaruh Pemahaman Akuntansi, Sosialisasi dan Tingkat Pendidikan Pelaku Usaha Terhadap Penerapan SAK EMKM Pada UMKM di Kabupaten Buleleng",Oktavia; Masdiantini,Oktavia; Masdiantini,2023,2023,100.0
same_work,compound,10.23887/jap.v14i02.64344,Pengaruh Pemahaman Akuntansi Sosialisasi dan Tingkat Pendidikan Pelaku Usaha Terhadap Penearpan SAK,"Pengaruh Pemahaman Akuntansi, Sosialisasi dan Tingkat Pendidikan Pelaku Usaha Terhadap Penerapan SAK EMKM Pada UMKM di Kabupaten Buleleng",Oktavia; Masdiantini,Oktavia; Masdiantini,2023,2023,94.68085106382979
same_work,identity,10.47391/jpma.420,"Clinical profile and screening of exon 6 and 14 of ABCB4 gene in obstetric cholestasis patients at a tertiary care hospital in Rawalpindi, Pakistan","Clinical profile and screening of exon 6 and 14 of ABCB4 gene in obstetric cholestasis patients at a tertiary care hospital in Rawalpindi, Pakistan",Nuzhat Noor; Sabika Firasat; Naheed Bano,Nuzhat Noor; Sabika Firasat; Naheed Bano; Kiran Afshan; Bushra Gul; Haiba Kaul,2021,2021,100.0
same_work,truncate,10.47391/jpma.420,Clinical profile and screening of exon 6 and 14 of ABCB4 gene in obstetric cholestasis patients at a,"Clinical profile and screening of exon 6 and 14 of ABCB4 gene in obstetric cholestasis patients at a tertiary care hospital in Rawalpindi, Pakistan",Nuzhat Noor; Sabika Firasat; Naheed Bano,Nuzhat Noor; Sabika Firasat; Naheed Bano; Kiran Afshan; Bushra Gul; Haiba Kaul,2021,2021,100.0
same_work,typo,10.47391/jpma.420,"Clinical profile and screneing of exon 6 and 14 of ABCB4 gene in obstetric cholestasis patients at a tertiary care hospital in Rawalpindi, Pakistan","Clinical profile and screening of exon 6 and 14 of ABCB4 gene in obstetric cholestasis patients at a tertiary care hospital in Rawalpindi, Pakistan",Nuzhat Noor; Sabika Firasat; Naheed Bano,Nuzhat Noor; Sabika Firasat; Naheed Bano; Kiran Afshan; Bushra Gul; Haiba Kaul,2021,2021,99.26470588235294
same_work,case,10.47391/jpma.420,"clinical profile and screening of exon 6 and 14 of abcb4 gene in obstetric cholestasis patients at a tertiary care hospital in rawalpindi, pakistan","Clinical profile and screening of exon 6 and 14 of ABCB4 gene in obstetric cholestasis patients at a tertiary care hospital in Rawalpindi, Pakistan",Nuzhat Noor; Sabika Firasat; Naheed Bano,Nuzhat Noor; Sabika Firasat; Naheed Bano; Kiran Afshan; Bushra Gul; Haiba Kaul,2021,2021,100.0
same_work,punctuation,10.47391/jpma.420,Clinical profile and screening of exon 6 and 14 of ABCB4 gene in obstetric cholestasis patients at a tertiary care hospital in Rawalpindi Pakistan,"Clinical profile and screening of exon 6 and 14 of ABCB4 gene in obstetric cholestasis patients at a tertiary care hospital in Rawalpindi, Pakistan",Nuzhat Noor; Sabika Firasat; Naheed Bano,Nuzhat Noor; Sabika Firasat; Naheed Bano; Kiran Afshan; Bushra Gul; Haiba Kaul,2021,2021,100.0
same_work,opening_words,10.47391/jpma.420,Clinical profile and screening of,"Clinical profile and screening of exon 6 and 14 of ABCB4 gene in obstetric cholestasis patients at a tertiary care hospital in Rawalpindi, Pakistan",Nuzhat Noor; Sabika Firasat; Naheed Bano,Nuzhat Noor; Sabika Firasat; Naheed Bano; Kiran Afshan; Bushra Gul; Haiba Kaul,2021,2021,100.0
same_work,compound,10.47391/jpma.420,Clinical prfoile and screening of exon 6 and 14 of ABCB4 gene in obstetric cholestasis patients at,"Clinical profile and screening of exon 6 and 14 of ABCB4 gene in obstetric cholestasis patients at a tertiary care hospital in Rawalpindi, Pakistan",Nuzhat Noor; Sabika Firasat; Naheed Bano,Nuzhat Noor; Sabika Firasat; Naheed Bano; Kiran Afshan; Bushra Gul; Haiba Kaul,2021,2021,95.40229885057471
same_work,identity,10.11646/zootaxa.4845.1.1,"Species of Cerambycinae (Insecta, Coleoptera, Cerambycidae) from east Paraná State (Brazil), with new geographic records","Species of Cerambycinae (Insecta, Coleoptera, Cerambycidae) from east Paraná State (Brazil), with new geographic records",BARROS; FONSECA; JARDIM,BARROS; FONSECA; JARDIM; VENDRAMINI; DAMIANI; JULIO,2020,2020,100.0
same_work,truncate,10.11646/zootaxa.4845.1.1,"Species of Cerambycinae (Insecta, Coleoptera, Cerambycidae) from east Paraná","Species of Cerambycinae (Insecta, Coleoptera, Cerambycidae) from east Paraná State (Brazil), with new geographic records",BARROS; FONSECA; JARDIM,BARROS; FONSECA; JARDIM; VENDRAMINI; DAMIANI; JULIO,2020,2020,100.0
same_work,typo,10.11646/zootaxa.4845.1.1,"Species of Cerambycinae (Insecta, Coleoptera, Ceramybcidae) from east Paraná State (Brazil), with new geographic records","Species of Cerambycinae (Insecta, Coleoptera, Cerambycidae) from east Paraná State (Brazil), with new geographic records",BARROS; FONSECA; JARDIM,BARROS; FONSECA; JARDIM; VENDRAMINI; DAMIANI; JULIO,2020,2020,99.11504424778761
same_work,case,10.11646/zootaxa.4845.1.1,"species of cerambycinae (insecta, coleoptera, cerambycidae) from east paraná state (brazil), with new geographic records","Species of Cerambycinae (Insecta, Coleoptera, Cerambycidae) from east Paraná State (Brazil), with new geographic records",BARROS; FONSECA; JARDIM,BARROS; FONSECA; JARDIM; VENDRAMINI; DAMIANI; JULIO,2020,2020,100.0
same_work,punctuation,10.11646/zootaxa.4845.1.1,Species of Cerambycinae Insecta Coleoptera Cerambycidae from east Paraná State Brazil with new geographic records,"Species of Cerambycinae (Insecta, Coleoptera, Cerambycidae) from east Paraná State (Brazil), with new geographic records",BARROS; FONSECA; JARDIM,BARROS; FONSECA; JARDIM; VENDRAMINI; DAMIANI; JULIO,2020,2020,100.0
same_work,opening_words,10.11646/zootaxa.4845.1.1,"Species of Cerambycinae (Insecta, Coleoptera,","Species of Cerambycinae (Insecta, Coleoptera, Cerambycidae) from east Paraná State (Brazil), with new geographic records",BARROS; FONSECA; JARDIM,BARROS; FONSECA; JARDIM; VENDRAMINI; DAMIANI; JULIO,2020,2020,100.0
same_work,compound,10.11646/zootaxa.4845.1.1,Species of Cerambycinae Inescta Coleoptera Cerambycidae from east Paraná,"Species of Cerambycinae (Insecta, Coleoptera, Cerambycidae) from east Paraná State (Brazil), with new geographic records",BARROS; FONSECA; JARDIM,BARROS; FONSECA; JARDIM; VENDRAMINI; DAMIANI; JULIO,2020,2020,94.11764705882354
same_work,identity,10.18316/recc.v29i3.11486,Impacto da Ferramenta “Fazendo as Contas” na Capacitação do Projeto São José III - 2ª Fase,Impacto da Ferramenta “Fazendo as Contas” na Capacitação do Projeto São José III - 2ª Fase,Costa Sousa; De Souza Junior; Augusto Xavier Lima,Costa Sousa; De Souza Junior; Augusto Xavier Lima,2024,2024,100.0
same_work,drop_subtitle,10.18316/recc.v29i3.11486,Impacto da Ferramenta “Fazendo as Contas” na Capacitação do Projeto São José III,Impacto da Ferramenta “Fazendo as Contas” na Capacitação do Projeto São José III - 2ª Fase,Costa Sousa; De Souza Junior; Augusto Xavier Lima,Costa Sousa; De Souza Junior; Augusto Xavier Lima,2024,2024,100.0
same_work,truncate,10.18316/recc.v29i3.11486,Impacto da Ferramenta “Fazendo as Contas” na Capacitação do Projeto,Impacto da Ferramenta “Fazendo as Contas” na Capacitação do Projeto São José III - 2ª Fase,Costa Sousa; De Souza Junior; Augusto Xavier Lima,Costa Sousa; De Souza Junior; Augusto Xavier Lima,2024,2024,100.0
same_work,typo,10.18316/recc.v29i3.11486,Impacto da Ferramenta “Fazendo as Contas” na Capacitação do rPojeto São José III - 2ª Fase,Impacto da Ferramenta “Fazendo as Contas” na Capacitação do Projeto São José III - 2ª Fase,Costa Sousa; De Souza Junior; Augusto Xavier Lima,Costa Sousa; De Souza Junior; Augusto Xavier Lima,2024,2024,98.83720930232558
same_work,case,10.18316/recc.v29i3.11486,IMPACTO DA FERRAMENTA “FAZENDO AS CONTAS” NA CAPACITAÇÃO DO PROJETO SÃO JOSÉ III - 2ª FASE,Impacto da Ferramenta “Fazendo as Contas” na Capacitação do Projeto São José III - 2ª Fase,Costa Sousa; De Souza Junior; Augusto Xavier Lima,Costa Sousa; De Souza Junior; Augusto Xavier Lima,2024,2024,100.0
same_work,punctuation,10.18316/recc.v29i3.11486,Impacto da Ferramenta Fazendo as Contas na Capacitação do Projeto São José III  2ª Fase,Impacto da Ferramenta “Fazendo as Contas” na Capacitação do Projeto São José III - 2ª Fase,Costa Sousa; De Souza Junior; Augusto Xavier Lima,Costa Sousa; De Souza Junior; Augusto Xavier Lima,2024,2024,100.0
same_work,opening_words,10.18316/recc.v29i3.11486,Impacto da Ferramenta “Fazendo as,Impacto da Ferramenta “Fazendo as Contas” na Capacitação do Projeto São José III - 2ª Fase,Costa Sousa; De Souza Junior; Augusto Xavier Lima,Costa Sousa; De Souza Junior; Augusto Xavier Lima,2024,2024,100.0
same_work,compound,10.18316/recc.v29i3.11486,Impacto da Ferramenta Fazendo as Contas na Capacitaçã odo,Impacto da Ferramenta “Fazendo as Contas” na Capacitação do Projeto São José III - 2ª Fase,Costa Sousa; De Souza Junior; Augusto Xavier Lima,Costa Sousa; De Souza Junior; Augusto Xavier Lima,2024,2024,84.84848484848484
same_work,identity,10.14309/ajg.0000000000001026,“ASKing” the Right Questions About Screening for Celiac Disease,“ASKing” the Right Questions About Screening for Celiac Disease,Forbes,Forbes,2020,2020,100.0
same_work,truncate,10.14309/ajg.0000000000001026,“ASKing” the Right Questions About,“ASKing” the Right Questions About Screening for Celiac Disease,Forbes,Forbes,2020,2020,100.0
same_work,typo,10.14309/ajg.0000000000001026,“ASKing” the Rigth Questions About Screening for Celiac Disease,“ASKing” the Right Questions About Screening for Celiac Disease,Forbes,Forbes,2020,2020,98.36065573770492
same_work,case,10.14309/ajg.0000000000001026,“asking” the right questions about screening for celiac disease,“ASKing” the Right Questions About Screening for Celiac Disease,Forbes,Forbes,2020,2020,100.0
same_work,punctuation,10.14309/ajg.0000000000001026,ASKing the Right Questions About Screening for Celiac Disease,“ASKing” the Right Questions About Screening for Celiac Disease,Forbes,Forbes,2020,2020,100.0
same_work,opening_words,10.14309/ajg.0000000000001026,“ASKing” the Right Questions,“ASKing” the Right Questions About Screening for Celiac Disease,Forbes,Forbes,2020,2020,100.0
same_work,compound,10.14309/ajg.0000000000001026,ASKing the Right Question sAbout,“ASKing” the Right Questions About Screening for Celiac Disease,Forbes,Forbes,2020,2020,66.66666666666666
same_work,identity,10.14333/kjte.2023.39.6.05,Research on Establishing the Concept of Jangdan in T extbooks: Focusing on Jeongganbo and Rhythmic Notation,Research on Establishing the Concept of Jangdan in T extbooks: Focusing on Jeongganbo and Rhythmic Notation,Center For Educational Research; Lee,Center For Educational Research; Lee,2023,2023,100.0
same_work,drop_subtitle,10.14333/kjte.2023.39.6.05,Research on Establishing the Concept of Jangdan in T extbooks,Research on Establishing the Concept of Jangdan in T extbooks: Focusing on Jeongganbo and Rhythmic Notation,Center For Educational Research; Lee,Center For Educational Research; Lee,2023,2023,100.0
same_work,truncate,10.14333/kjte.2023.39.6.05,Research on Establishing the Concept of Jangdan in T extbooks:,Research on Establishing the Concept of Jangdan in T extbooks: Focusing on Jeongganbo and Rhythmic Notation,Center For Educational Research; Lee,Center For Educational Research; Lee,2023,2023,100.0
same_work,typo,10.14333/kjte.2023.39.6.05,Research on Establishing the Concept of Jangdan i nT extbooks: Focusing on Jeongganbo and Rhythmic Notation,Research on Establishing the Concept of Jangdan in T extbooks: Focusing on Jeongganbo and Rhythmic Notation,Center For Educational Research; Lee,Center For Educational Research; Lee,2023,2023,99.02912621359224
same_work,case,10.14333/kjte.2023.39.6.05,research on establishing the concept of jangdan in t extbooks: focusing on jeongganbo and rhythmic notation,Research on Establishing the Concept of Jangdan in T extbooks: Focusing on Jeongganbo and Rhythmic Notation,Center For Educational Research; Lee,Center For Educational Research; Lee,2023,2023,100.0
same_work,punctuation,10.14333/kjte.2023.39.6.05,Research on Establishing the Concept of Jangdan in T extbooks Focusing on Jeongganbo and Rhythmic Notation,Research on Establishing the Concept of Jangdan in T extbooks: Focusing on Jeongganbo and Rhythmic Notation,Center For Educational Research; Lee,Center For Educational Research; Lee,2023,2023,100.0
same_work,opening_words,10.14333/kjte.2023.39.6.05,Research on Establishing the,Research on Establishing the Concept of Jangdan in T extbooks: Focusing on Jeongganbo and Rhythmic Notation,Center For Educational Research; Lee,Center For Educational Research; Lee,2023,2023,100.0
same_work,compound,10.14333/kjte.2023.39.6.05,Research on Establishing the Cocnept of Jangdan,Research on Establishing the Concept of Jangdan in T extbooks: Focusing on Jeongganbo and Rhythmic Notation,Center For Educational Research; Lee,Center For Educational Research; Lee,2023,2023,90.69767441860465
same_work,identity,10.1190/int-2020-0107.1,"High-resolution seismic processing technique with broadband, wide-azimuth, and high-density seismic data — A case study of thin-sand reservoirs in eastern China","High-resolution seismic processing technique with broadband, wide-azimuth, and high-density seismic data — A case study of thin-sand reservoirs in eastern China",Su; Zeng; Tian,Su; Zeng; Tian; Li; Lyu; Zhang,2021,2021,100.0
same_work,drop_subtitle,10.1190/int-2020-0107.1,"High-resolution seismic processing technique with broadband, wide-azimuth, and high-density seismic data","High-resolution seismic processing technique with broadband, wide-azimuth, and high-density seismic data — A case study of thin-sand reservoirs in eastern China",Su; Zeng; Tian,Su; Zeng; Tian; Li; Lyu; Zhang,2021,2021,100.0
same_work,truncate,10.1190/int-2020-0107.1,"High-resolution seismic processing technique with broadband, wide-azimuth, and high-density seismic data — A case","High-resolution seismic processing technique with broadband, wide-azimuth, and high-density seismic data — A case study of thin-sand reservoirs in eastern China",Su; Zeng; Tian,Su; Zeng; Tian; Li; Lyu; Zhang,2021,2021,100.0
same_work,typo,10.1190/int-2020-0107.1,"High-resolution seismic proecssing technique with broadband, wide-azimuth, and high-density seismic data — A case study of thin-sand reservoirs in eastern China","High-resolution seismic processing technique with broadband, wide-azimuth, and high-density seismic data — A case study of thin-sand reservoirs in eastern China",Su; Zeng; Tian,Su; Zeng; Tian; Li; Lyu; Zhang,2021,2021,99.3006993006993
same_work,case,10.1190/int-2020-0107.1,"high-resolution seismic processing technique with broadband, wide-azimuth, and high-density seismic data — a case study of thin-sand reservoirs in eastern china","High-resolution seismic processing technique with broadband, wide-azimuth, and high-density seismic data — A case study of thin-sand reservoirs in eastern China",Su; Zeng; Tian,Su; Zeng; Tian; Li; Lyu; Zhang,2021,2021,100.0
same_work,punctuation,10.1190/int-2020-0107.1,Highresolution seismic processing technique with broadband wideazimuth and highdensity seismic data  A case study of thinsand reservoirs in eastern China,"High-resolution seismic processing technique with broadband, wide-azimuth, and high-density seismic data — A case study of thin-sand reservoirs in eastern China",Su; Zeng; Tian,Su; Zeng; Tian; Li; Lyu; Zhang,2021,2021,91.28919860627178
same_work,opening_words,10.1190/int-2020-0107.1,High-resolution seismic processing technique,"High-resolution seismic processing technique with broadband, wide-azimuth, and high-density seismic data — A case study of thin-sand reservoirs in eastern China",Su; Zeng; Tian,Su; Zeng; Tian; Li; Lyu; Zhang,2021,2021,100.0
same_work,compound,10.1190/int-2020-0107.1,Highresoluiton seismic processing technique with broadband wideazimuth and,"High-resolution seismic processing technique with broadband, wide-azimuth, and high-density seismic data — A case study of thin-sand reservoirs in eastern China",Su; Zeng; Tian,Su; Zeng; Tian; Li; Lyu; Zhang,2021,2021,77.68595041322314
same_work,identity,10.1163/15718085-bja10142,Ocean-based Climate Action and Human Rights Implications under the International Climate Change Regime,Ocean-based Climate Action and Human Rights Implications under the International Climate Change Regime,Morgera; Lennan; Kulovesi,Morgera; Lennan; Kulovesi; La Bianca; Niner; Harrould-Kolieb; Recio Piva; Hills; Ntona; Lancaster; Strand; Snow; Erwin; Shannon; Rees; Hyder; Engelhard; Howell,2023,2023,100.0
same_work,truncate,10.1163/15718085-bja10142,Ocean-based Climate Action and Human Rights Implications under the,Ocean-based Climate Action and Human Rights Implications under the International Climate Change Regime,Morgera; Lennan; Kulovesi,Morgera; Lennan; Kulovesi; La Bianca; Niner; Harrould-Kolieb; Recio Piva; Hills; Ntona; Lancaster; Strand; Snow; Erwin; Shannon; Rees; Hyder; Engelhard; Howell,2023,2023,100.0
same_work,typo,10.1163/15718085-bja10142,Ocean-based Climtae Action and Human Rights Implications under the International Climate Change Regime,Ocean-based Climate Action and Human Rights Implications under the International Climate Change Regime,Morgera; Lennan; Kulovesi,Morgera; Lennan; Kulovesi; La Bianca; Niner; Harrould-Kolieb; Recio Piva; Hills; Ntona; Lancaster; Strand; Snow; Erwin; Shannon; Rees; Hyder; Engelhard; Howell,2023,2023,100.0
same_work,case,10.1163/15718085-bja10142,ocean-based climate action and human rights implications under the international climate change regime,Ocean-based Climate Action and Human Rights Implications under the International Climate Change Regime,Morgera; Lennan; Kulovesi,Morgera; Lennan; Kulovesi; La Bianca; Niner; Harrould-Kolieb; Recio Piva; Hills; Ntona; Lancaster; Strand; Snow; Erwin; Shannon; Rees; Hyder; Engelhard; Howell,2023,2023,100.0
same_work,punctuation,10.1163/15718085-bja10142,Oceanbased Climate Action and Human Rights Implications under the International Climate Change Regime,Ocean-based Climate Action and Human Rights Implications under the International Climate Change Regime,Morgera; Lennan; Kulovesi,Morgera; Lennan; Kulovesi; La Bianca; Niner; Harrould-Kolieb; Recio Piva; Hills; Ntona; Lancaster; Strand; Snow; Erwin; Shannon; Rees; Hyder; Engelhard; Howell,2023,2023,94.11764705882354
same_work,opening_words,10.1163/15718085-bja10142,Ocean-based Climate Action and Human,Ocean-based Climate Action and Human Rights Implications under the International Climate Change Regime,Morgera; Lennan; Kulovesi,Morgera; Lennan; Kulovesi; La Bianca; Niner; Harrould-Kolieb; Recio Piva; Hills; Ntona; Lancaster; Strand; Snow; Erwin; Shannon; Rees; Hyder; Engelhard; Howell,2023,2023,100.0
same_work,compound,10.1163/15718085-bja10142,Oceanbased Climate Action and Human Rihgts Implications under,Ocean-based Climate Action and Human Rights Implications under the International Climate Change Regime,Morgera; Lennan; Kulovesi,Morgera; Lennan; Kulovesi; La Bianca; Niner; Harrould-Kolieb; Recio Piva; Hills; Ntona; Lancaster; Strand; Snow; Erwin; Shannon; Rees; Hyder; Engelhard; Howell,2023,2023,82.6923076923077
same_work,identity,10.51532/meyve.1189023,Isparta İli Soğuk Hava Depo Varlığı ve Özellikleri,Isparta İli Soğuk Hava Depo Varlığı ve Özellikleri,Güneyli; Karamürsel; Öztürk,Güneyli; Karamürsel; Öztürk,2023,2023,100.0
same_work,truncate,10.51532/meyve.1189023,Isparta İli Soğuk Hava Depo Varlığı,Isparta İli Soğuk Hava Depo Varlığı ve Özellikleri,Güneyli; Karamürsel; Öztürk,Güneyli; Karamürsel; Öztürk,2023,2023,100.0
same_work,typo,10.51532/meyve.1189023,Isparta İli Soğuk Hava Depo aVrlığı ve Özellikleri,Isparta İli Soğuk Hava Depo Varlığı ve Özellikleri,Güneyli; Karamürsel; Öztürk,Güneyli; Karamürsel; Öztürk,2023,2023,98.0
same_work,case,10.51532/meyve.1189023,isparta i̇li soğuk hava depo varlığı ve özellikleri,Isparta İli Soğuk Hava Depo Varlığı ve Özellikleri,Güneyli; Karamürsel; Öztürk,Güneyli; Karamürsel; Öztürk,2023,2023,100.0
same_work,compound,10.51532/meyve.1189023,Isparta İl iSoğuk Hava Depo,Isparta İli Soğuk Hava Depo Varlığı ve Özellikleri,Güneyli; Karamürsel; Öztürk,Güneyli; Karamürsel; Öztürk,2023,2023,77.27272727272728
same_work,identity,10.21209/2227-9245-2021-27-9-99-106,Actual directions of increasing the energy security of heat supply in  the Russian Federation,Actual directions of increasing the energy security of heat supply in  the Russian Federation,Baikal State University; Bergen,Baikal State University; Bergen,2021,2021,100.0
same_work,truncate,10.21209/2227-9245-2021-27-9-99-106,Actual directions of increasing the energy security of,Actual directions of increasing the energy security of heat supply in  the Russian Federation,Baikal State University; Bergen,Baikal State University; Bergen,2021,2021,100.0
same_work,typo,10.21209/2227-9245-2021-27-9-99-106,Actual directions of nicreasing the energy security of heat supply in  the Russian Federation,Actual directions of increasing the energy security of heat supply in  the Russian Federation,Baikal State University; Bergen,Baikal State University; Bergen,2021,2021,98.82352941176471
same_work,case,10.21209/2227-9245-2021-27-9-99-106,actual directions of increasing the energy security of heat supply in  the russian federation,Actual directions of increasing the energy security of heat supply in  the Russian Federation,Baikal State University; Bergen,Baikal State University; Bergen,2021,2021,100.0
same_work,opening_words,10.21209/2227-9245-2021-27-9-99-106,Actual directions of increasing,Actual directions of increasing the energy security of heat supply in  the Russian Federation,Baikal State University; Bergen,Baikal State University; Bergen,2021,2021,100.0
same_work,compound,10.21209/2227-9245-2021-27-9-99-106,Actua ldirections of increasing the energy security of heat,Actual directions of increasing the energy security of heat supply in  the Russian Federation,Baikal State University; Bergen,Baikal State University; Bergen,2021,2021,80.85106382978724
same_work,identity,10.1615/atomizspr.2024052328,DEVELOPMENT OF A UNIVERSAL CONSTANT SET IN THE KELVIN-HELMHOLTZ RAYLEIGH-TAYLOR (KH-RT) BREAKUP MODEL FOR SPRAY SIMULATIONS OF VARIOUS FUELS,DEVELOPMENT OF A UNIVERSAL CONSTANT SET IN THE KELVIN-HELMHOLTZ RAYLEIGH-TAYLOR (KH-RT) BREAKUP MODEL FOR SPRAY SIMULATIONS OF VARIOUS FUELS,Zhang; Bian; Zhang,Zhang; Bian; Zhang; Liu; Jia,2024,2024,100.0
same_work,truncate,10.1615/atomizspr.2024052328,DEVELOPMENT OF A UNIVERSAL CONSTANT SET IN THE KELVIN-HELMHOLTZ RAYLEIGH-TAYLOR (KH-RT),DEVELOPMENT OF A UNIVERSAL CONSTANT SET IN THE KELVIN-HELMHOLTZ RAYLEIGH-TAYLOR (KH-RT) BREAKUP MODEL FOR SPRAY SIMULATIONS OF VARIOUS FUELS,Zhang; Bian; Zhang,Zhang; Bian; Zhang; Liu; Jia,2024,2024,100.0
same_work,typo,10.1615/atomizspr.2024052328,DEVELOPMENT O FA UNIVERSAL CONSTANT SET IN THE KELVIN-HELMHOLTZ RAYLEIGH-TAYLOR (KH-RT) BREAKUP MODEL FOR SPRAY SIMULATIONS OF VARIOUS FUELS,DEVELOPMENT OF A UNIVERSAL CONSTANT SET IN THE KELVIN-HELMHOLTZ RAYLEIGH-TAYLOR (KH-RT) BREAKUP MODEL FOR SPRAY SIMULATIONS OF VARIOUS FUELS,Zhang; Bian; Zhang,Zhang; Bian; Zhang; Liu; Jia,2024,2024,99.25373134328358
same_work,case,10.1615/atomizspr.2024052328,development of a universal constant set in the kelvin-helmholtz rayleigh-taylor (kh-rt) breakup model for spray simulations of various fuels,DEVELOPMENT OF A UNIVERSAL CONSTANT SET IN THE KELVIN-HELMHOLTZ RAYLEIGH-TAYLOR (KH-RT) BREAKUP MODEL FOR SPRAY SIMULATIONS OF VARIOUS FUELS,Zhang; Bian; Zhang,Zhang; Bian; Zhang; Liu; Jia,2024,2024,100.0
same_work,punctuation,10.1615/atomizspr.2024052328,DEVELOPMENT OF A UNIVERSAL CONSTANT SET IN THE KELVINHELMHOLTZ RAYLEIGHTAYLOR KHRT BREAKUP MODEL FOR SPRAY SIMULATIONS OF VARIOUS FUELS,DEVELOPMENT OF A UNIVERSAL CONSTANT SET IN THE KELVIN-HELMHOLTZ RAYLEIGH-TAYLOR (KH-RT) BREAKUP MODEL FOR SPRAY SIMULATIONS OF VARIOUS FUELS,Zhang; Bian; Zhang,Zhang; Bian; Zhang; Liu; Jia,2024,2024,92.88389513108615
same_work,opening_words,10.1615/atomizspr.2024052328,DEVELOPMENT OF A UNIVERSAL,DEVELOPMENT OF A UNIVERSAL CONSTANT SET IN THE KELVIN-HELMHOLTZ RAYLEIGH-TAYLOR (KH-RT) BREAKUP MODEL FOR SPRAY SIMULATIONS OF VARIOUS FUELS,Zhang; Bian; Zhang,Zhang; Bian; Zhang; Liu; Jia,2024,2024,100.0
same_work,compound,10.1615/atomizspr.2024052328,DEVELOPMENT OF A UNIVERSAL CONSTNAT SET IN THE KELVINHELMHOLTZ RAYLEIGHTAYLOR KHRT BREAKUP,DEVELOPMENT OF A UNIVERSAL CONSTANT SET IN THE KELVIN-HELMHOLTZ RAYLEIGH-TAYLOR (KH-RT) BREAKUP MODEL FOR SPRAY SIMULATIONS OF VARIOUS FUELS,Zhang; Bian; Zhang,Zhang; Bian; Zhang; Liu; Jia,2024,2024,73.77777777777777
same_work,identity,10.1002/mma.8319,Quasilinear Choquard equations involving <i>N</i>‐Laplacian and critical exponential nonlinearity,Quasilinear Choquard equations involving <i>N</i>‐Laplacian and critical exponential nonlinearity,Biswas; Goyal; Sreenadh,Biswas; Goyal; Sreenadh,2022,2022,100.0
same_work,truncate,10.1002/mma.8319,Quasilinear Choquard equations involving <i>N</i>‐Laplacian and,Quasilinear Choquard equations involving <i>N</i>‐Laplacian and critical exponential nonlinearity,Biswas; Goyal; Sreenadh,Biswas; Goyal; Sreenadh,2022,2022,100.0
same_work,typo,10.1002/mma.8319,Quasilinear Choqurad equations involving <i>N</i>‐Laplacian and critical exponential nonlinearity,Quasilinear Choquard equations involving <i>N</i>‐Laplacian and critical exponential nonlinearity,Biswas; Goyal; Sreenadh,Biswas; Goyal; Sreenadh,2022,2022,98.91304347826087
same_work,case,10.1002/mma.8319,QUASILINEAR CHOQUARD EQUATIONS INVOLVING <I>N</I>‐LAPLACIAN AND CRITICAL EXPONENTIAL NONLINEARITY,Quasilinear Choquard equations involving <i>N</i>‐Laplacian and critical exponential nonlinearity,Biswas; Goyal; Sreenadh,Biswas; Goyal; Sreenadh,2022,2022,100.0
same_work,punctuation,10.1002/mma.8319,Quasilinear Choquard equations involving iNiLaplacian and critical exponential nonlinearity,Quasilinear Choquard equations involving <i>N</i>‐Laplacian and critical exponential nonlinearity,Biswas; Goyal; Sreenadh,Biswas; Goyal; Sreenadh,2022,2022,97.26775956284153
same_work,opening_words,10.1002/mma.8319,Quasilinear Choquard equations involving,Quasilinear Choquard equations involving <i>N</i>‐Laplacian and critical exponential nonlinearity,Biswas; Goyal; Sreenadh,Biswas; Goyal; Sreenadh,2022,2022,100.0
same_work,compound,10.1002/mma.8319,Quaislinear Choquard equations involving iNiLaplacian,Quasilinear Choquard equations involving <i>N</i>‐Laplacian and critical exponential nonlinearity,Biswas; Goyal; Sreenadh,Biswas; Goyal; Sreenadh,2022,2022,71.72413793103448
same_work,identity,10.1002/clc.23802,Repetitive milrinone therapy in ambulatory advanced heart failure patients,Repetitive milrinone therapy in ambulatory advanced heart failure patients,Laufer‐Perl; Sadon; Zahler,Laufer‐Perl; Sadon; Zahler; Milwidsky; Sadeh; Sapir; Granot; Korotetski; Ketchker; Rosh; Banai; Havakuk,2022,2022,100.0
same_work,truncate,10.1002/clc.23802,Repetitive milrinone therapy in ambulatory advanced heart,Repetitive milrinone therapy in ambulatory advanced heart failure patients,Laufer‐Perl; Sadon; Zahler,Laufer‐Perl; Sadon; Zahler; Milwidsky; Sadeh; Sapir; Granot; Korotetski; Ketchker; Rosh; Banai; Havakuk,2022,2022,100.0
same_work,typo,10.1002/clc.23802,Repetitive milrinon etherapy in ambulatory advanced heart failure patients,Repetitive milrinone therapy in ambulatory advanced heart failure patients,Laufer‐Perl; Sadon; Zahler,Laufer‐Perl; Sadon; Zahler; Milwidsky; Sadeh; Sapir; Granot; Korotetski; Ketchker; Rosh; Banai; Havakuk,2022,2022,87.83783783783784
same_work,case,10.1002/clc.23802,REPETITIVE MILRINONE THERAPY IN AMBULATORY ADVANCED HEART FAILURE PATIENTS,Repetitive milrinone therapy in ambulatory advanced heart failure patients,Laufer‐Perl; Sadon; Zahler,Laufer‐Perl; Sadon; Zahler; Milwidsky; Sadeh; Sapir; Granot; Korotetski; Ketchker; Rosh; Banai; Havakuk,2022,2022,100.0
same_work,opening_words,10.1002/clc.23802,Repetitive milrinone therapy in ambulatory,Repetitive milrinone therapy in ambulatory advanced heart failure patients,Laufer‐Perl; Sadon; Zahler,Laufer‐Perl; Sadon; Zahler; Milwidsky; Sadeh; Sapir; Granot; Korotetski; Ketchker; Rosh; Banai; Havakuk,2022,2022,100.0
same_work,compound,10.1002/clc.23802,Repetitive milrinone therapy in ambulatroy advanced heart,Repetitive milrinone therapy in ambulatory advanced heart failure patients,Laufer‐Perl; Sadon; Zahler,Laufer‐Perl; Sadon; Zahler; Milwidsky; Sadeh; Sapir; Granot; Korotetski; Ketchker; Rosh; Banai; Havakuk,2022,2022,89.32038834951456
same_work,identity,10.17151/luaz.2021.53.3,"Ciclo de vida de la explotación de carbón mineral en Paipa, Boyacá","Ciclo de vida de la explotación de carbón mineral en Paipa, Boyacá",Manrique Abril; Arias Quintero; Medina González,Manrique Abril; Arias Quintero; Medina González,2021,2021,100.0
same_work,truncate,10.17151/luaz.2021.53.3,Ciclo de vida de la explotación de carbón,"Ciclo de vida de la explotación de carbón mineral en Paipa, Boyacá",Manrique Abril; Arias Quintero; Medina González,Manrique Abril; Arias Quintero; Medina González,2021,2021,100.0
same_work,typo,10.17151/luaz.2021.53.3,"Ciclo de vida de la explotación de carbón mineral en Paip,a Boyacá","Ciclo de vida de la explotación de carbón mineral en Paipa, Boyacá",Manrique Abril; Arias Quintero; Medina González,Manrique Abril; Arias Quintero; Medina González,2021,2021,97.47899159663865
same_work,case,10.17151/luaz.2021.53.3,"CICLO DE VIDA DE LA EXPLOTACIÓN DE CARBÓN MINERAL EN PAIPA, BOYACÁ","Ciclo de vida de la explotación de carbón mineral en Paipa, Boyacá",Manrique Abril; Arias Quintero; Medina González,Manrique Abril; Arias Quintero; Medina González,2021,2021,100.0
same_work,punctuation,10.17151/luaz.2021.53.3,Ciclo de vida de la explotación de carbón mineral en Paipa Boyacá,"Ciclo de vida de la explotación de carbón mineral en Paipa, Boyacá",Manrique Abril; Arias Quintero; Medina González,Manrique Abril; Arias Quintero; Medina González,2021,2021,100.0
same_work,opening_words,10.17151/luaz.2021.53.3,Ciclo de vida de,"Ciclo de vida de la explotación de carbón mineral en Paipa, Boyacá",Manrique Abril; Arias Quintero; Medina González,Manrique Abril; Arias Quintero; Medina González,2021,2021,100.0
same_work,compound,10.17151/luaz.2021.53.3,Ciclo de vida de la explotación de carbón mienral,"Ciclo de vida de la explotación de carbón mineral en Paipa, Boyacá",Manrique Abril; Arias Quintero; Medina González,Manrique Abril; Arias Quintero; Medina González,2021,2021,89.74358974358974
same_work,identity,10.5812/jjhs.105146,"Antibiotic Susceptibility Patterns of Uropathogens Isolated from Female Patients with Urinary Tract Infection in Duhok Province, Iraq","Antibiotic Susceptibility Patterns of Uropathogens Isolated from Female Patients with Urinary Tract Infection in Duhok Province, Iraq",Naqid; Hussein; Balatay,Naqid; Hussein; Balatay; Saeed; Ahmed,2020,2020,100.0
same_work,truncate,10.5812/jjhs.105146,Antibiotic Susceptibility Patterns of Uropathogens Isolated from Female Patients with,"Antibiotic Susceptibility Patterns of Uropathogens Isolated from Female Patients with Urinary Tract Infection in Duhok Province, Iraq",Naqid; Hussein; Balatay,Naqid; Hussein; Balatay; Saeed; Ahmed,2020,2020,100.0
same_work,typo,10.5812/jjhs.105146,"Antibiotic Susceptibility Patterns of Uropathogens Isolated from Female Patients with Urinary Tract Infection in Duhok Province, rIaq","Antibiotic Susceptibility Patterns of Uropathogens Isolated from Female Patients with Urinary Tract Infection in Duhok Province, Iraq",Naqid; Hussein; Balatay,Naqid; Hussein; Balatay; Saeed; Ahmed,2020,2020,99.24242424242425
same_work,case,10.5812/jjhs.105146,"antibiotic susceptibility patterns of uropathogens isolated from female patients with urinary tract infection in duhok province, iraq","Antibiotic Susceptibility Patterns of Uropathogens Isolated from Female Patients with Urinary Tract Infection in Duhok Province, Iraq",Naqid; Hussein; Balatay,Naqid; Hussein; Balatay; Saeed; Ahmed,2020,2020,100.0
same_work,punctuation,10.5812/jjhs.105146,Antibiotic Susceptibility Patterns of Uropathogens Isolated from Female Patients with Urinary Tract Infection in Duhok Province Iraq,"Antibiotic Susceptibility Patterns of Uropathogens Isolated from Female Patients with Urinary Tract Infection in Duhok Province, Iraq",Naqid; Hussein; Balatay,Naqid; Hussein; Balatay; Saeed; Ahmed,2020,2020,100.0
same_work,opening_words,10.5812/jjhs.105146,Antibiotic Susceptibility Patterns of,"Antibiotic Susceptibility Patterns of Uropathogens Isolated from Female Patients with Urinary Tract Infection in Duhok Province, Iraq",Naqid; Hussein; Balatay,Naqid; Hussein; Balatay; Saeed; Ahmed,2020,2020,100.0
same_work,compound,10.5812/jjhs.105146,Antibioti cSusceptibility Patterns of Uropathogens Isolated from Female Patients with Urinary,"Antibiotic Susceptibility Patterns of Uropathogens Isolated from Female Patients with Urinary Tract Infection in Duhok Province, Iraq",Naqid; Hussein; Balatay,Naqid; Hussein; Balatay; Saeed; Ahmed,2020,2020,83.75
same_work,identity,10.36040/jati.v7i1.6444,PENERAPAN APLIKASI PENCATATAN KAS BERBASIS CODEIGNITER MENGGUNAKAN PENDEKATAN CASH BASIS DI ARA CELL,PENERAPAN APLIKASI PENCATATAN KAS BERBASIS CODEIGNITER MENGGUNAKAN PENDEKATAN CASH BASIS DI ARA CELL,Bustomi; Rahaningsih,Bustomi; Rahaningsih,2023,2023,100.0
same_work,truncate,10.36040/jati.v7i1.6444,PENERAPAN APLIKASI PENCATATAN KAS BERBASIS CODEIGNITER MENGGUNAKAN,PENERAPAN APLIKASI PENCATATAN KAS BERBASIS CODEIGNITER MENGGUNAKAN PENDEKATAN CASH BASIS DI ARA CELL,Bustomi; Rahaningsih,Bustomi; Rahaningsih,2023,2023,100.0
same_work,typo,10.36040/jati.v7i1.6444,PENERAPAN APLIKASI PENCATATAN KAS BERABSIS CODEIGNITER MENGGUNAKAN PENDEKATAN CASH BASIS DI ARA CELL,PENERAPAN APLIKASI PENCATATAN KAS BERBASIS CODEIGNITER MENGGUNAKAN PENDEKATAN CASH BASIS DI ARA CELL,Bustomi; Rahaningsih,Bustomi; Rahaningsih,2023,2023,99.0
same_work,case,10.36040/jati.v7i1.6444,penerapan aplikasi pencatatan kas berbasis codeigniter menggunakan pendekatan cash basis di ara cell,PENERAPAN APLIKASI PENCATATAN KAS BERBASIS CODEIGNITER MENGGUNAKAN PENDEKATAN CASH BASIS DI ARA CELL,Bustomi; Rahaningsih,Bustomi; Rahaningsih,2023,2023,100.0
same_work,opening_words,10.36040/jati.v7i1.6444,PENERAPAN APLIKASI PENCATATAN KAS BERBASIS,PENERAPAN APLIKASI PENCATATAN KAS BERBASIS CODEIGNITER MENGGUNAKAN PENDEKATAN CASH BASIS DI ARA CELL,Bustomi; Rahaningsih,Bustomi; Rahaningsih,2023,2023,100.0
same_work,compound,10.36040/jati.v7i1.6444,PENERAPAN APLIKASI PENCATATAN KAS BEBRASIS CODEIGNITER MENGGUNAKAN PENDEKATAN CASH,PENERAPAN APLIKASI PENCATATAN KAS BERBASIS CODEIGNITER MENGGUNAKAN PENDEKATAN CASH BASIS DI ARA CELL,Bustomi; Rahaningsih,Bustomi; Rahaningsih,2023,2023,94.19354838709677
same_work,identity,10.26677/tr1010.2022.989,Türkiye  de Üniversite Öğrencilerinin Gelecek Kaygılarıyla İlintili Olarak 1996- 2020 Yılları Arasında Yapılan Araştırmaların İncelenmesi ve Değerlendirilmesi,Türkiye  de Üniversite Öğrencilerinin Gelecek Kaygılarıyla İlintili Olarak 1996- 2020 Yılları Arasında Yapılan Araştırmaların İncelenmesi ve Değerlendirilmesi,AKGÜN GÜDÜCÜ; ÖZERK,AKGÜN GÜDÜCÜ; ÖZERK,2022,2022,100.0
same_work,truncate,10.26677/tr1010.2022.989,Türkiye de Üniversite Öğrencilerinin Gelecek Kaygılarıyla İlintili Olarak 1996- 2020 Yılları Arasında,Türkiye  de Üniversite Öğrencilerinin Gelecek Kaygılarıyla İlintili Olarak 1996- 2020 Yılları Arasında Yapılan Araştırmaların İncelenmesi ve Değerlendirilmesi,AKGÜN GÜDÜCÜ; ÖZERK,AKGÜN GÜDÜCÜ; ÖZERK,2022,2022,100.0
same_work,typo,10.26677/tr1010.2022.989,Türkiye  d eÜniversite Öğrencilerinin Gelecek Kaygılarıyla İlintili Olarak 1996- 2020 Yılları Arasında Yapılan Araştırmaların İncelenmesi ve Değerlendirilmesi,Türkiye  de Üniversite Öğrencilerinin Gelecek Kaygılarıyla İlintili Olarak 1996- 2020 Yılları Arasında Yapılan Araştırmaların İncelenmesi ve Değerlendirilmesi,AKGÜN GÜDÜCÜ; ÖZERK,AKGÜN GÜDÜCÜ; ÖZERK,2022,2022,99.35897435897436
same_work,case,10.26677/tr1010.2022.989,türkiye  de üniversite öğrencilerinin gelecek kaygılarıyla i̇lintili olarak 1996- 2020 yılları arasında yapılan araştırmaların i̇ncelenmesi ve değerlendirilmesi,Türkiye  de Üniversite Öğrencilerinin Gelecek Kaygılarıyla İlintili Olarak 1996- 2020 Yılları Arasında Yapılan Araştırmaların İncelenmesi ve Değerlendirilmesi,AKGÜN GÜDÜCÜ; ÖZERK,AKGÜN GÜDÜCÜ; ÖZERK,2022,2022,100.0
same_work,punctuation,10.26677/tr1010.2022.989,Türkiye  de Üniversite Öğrencilerinin Gelecek Kaygılarıyla İlintili Olarak 1996 2020 Yılları Arasında Yapılan Araştırmaların İncelenmesi ve Değerlendirilmesi,Türkiye  de Üniversite Öğrencilerinin Gelecek Kaygılarıyla İlintili Olarak 1996- 2020 Yılları Arasında Yapılan Araştırmaların İncelenmesi ve Değerlendirilmesi,AKGÜN GÜDÜCÜ; ÖZERK,AKGÜN GÜDÜCÜ; ÖZERK,2022,2022,100.0
same_work,opening_words,10.26677/tr1010.2022.989,Türkiye de Üniversite Öğrencilerinin Gelecek,Türkiye  de Üniversite Öğrencilerinin Gelecek Kaygılarıyla İlintili Olarak 1996- 2020 Yılları Arasında Yapılan Araştırmaların İncelenmesi ve Değerlendirilmesi,AKGÜN GÜDÜCÜ; ÖZERK,AKGÜN GÜDÜCÜ; ÖZERK,2022,2022,100.0
same_work,compound,10.26677/tr1010.2022.989,Türkiye de Üniversite Öğrencilerinin Geelcek Kaygılarıyla İlintili Olarak 1996 2020,Türkiye  de Üniversite Öğrencilerinin Gelecek Kaygılarıyla İlintili Olarak 1996- 2020 Yılları Arasında Yapılan Araştırmaların İncelenmesi ve Değerlendirilmesi,AKGÜN GÜDÜCÜ; ÖZERK,AKGÜN GÜDÜCÜ; ÖZERK,2022,2022,94.9367088607595
same_work,identity,10.22214/ijraset.2021.35932,A Possible Role of Pulegone against Glypican-1 for the Treatment of Alzheimer’s Disease through In-Silico Approach,A Possible Role of Pulegone against Glypican-1 for the Treatment of Alzheimer’s Disease through In-Silico Approach,Kaushik,Kaushik,2021,2021,100.0
same_work,truncate,10.22214/ijraset.2021.35932,A Possible Role of Pulegone against Glypican-1 for the Treatment of,A Possible Role of Pulegone against Glypican-1 for the Treatment of Alzheimer’s Disease through In-Silico Approach,Kaushik,Kaushik,2021,2021,100.0
same_work,typo,10.22214/ijraset.2021.35932,A Possible Role of Pulegone against Glypcian-1 for the Treatment of Alzheimer’s Disease through In-Silico Approach,A Possible Role of Pulegone against Glypican-1 for the Treatment of Alzheimer’s Disease through In-Silico Approach,Kaushik,Kaushik,2021,2021,99.09909909909909
same_work,case,10.22214/ijraset.2021.35932,a possible role of pulegone against glypican-1 for the treatment of alzheimer’s disease through in-silico approach,A Possible Role of Pulegone against Glypican-1 for the Treatment of Alzheimer’s Disease through In-Silico Approach,Kaushik,Kaushik,2021,2021,100.0
same_work,punctuation,10.22214/ijraset.2021.35932,A Possible Role of Pulegone against Glypican1 for the Treatment of Alzheimers Disease through InSilico Approach,A Possible Role of Pulegone against Glypican-1 for the Treatment of Alzheimer’s Disease through In-Silico Approach,Kaushik,Kaushik,2021,2021,96.80365296803653
same_work,opening_words,10.22214/ijraset.2021.35932,A Possible Role of Pulegone,A Possible Role of Pulegone against Glypican-1 for the Treatment of Alzheimer’s Disease through In-Silico Approach,Kaushik,Kaushik,2021,2021,100.0
same_work,compound,10.22214/ijraset.2021.35932,A Possible Role of Pulegone against Glypiacn1 for the Treatment of,A Possible Role of Pulegone against Glypican-1 for the Treatment of Alzheimer’s Disease through In-Silico Approach,Kaushik,Kaushik,2021,2021,91.37931034482759
same_work,identity,10.3233/jnr-220044,Approaches to high-density storage experiments with in-situ production and detection of ultracold neutrons,Approaches to high-density storage experiments with in-situ production and detection of ultracold neutrons,Degenkolb; Fierlinger; Zimmer,Degenkolb; Fierlinger; Zimmer,2023,2023,100.0
same_work,truncate,10.3233/jnr-220044,Approaches to high-density storage experiments with in-situ production and,Approaches to high-density storage experiments with in-situ production and detection of ultracold neutrons,Degenkolb; Fierlinger; Zimmer,Degenkolb; Fierlinger; Zimmer,2023,2023,100.0
same_work,typo,10.3233/jnr-220044,Approaches to high-density storage experiments with in-situ production and dteection of ultracold neutrons,Approaches to high-density storage experiments with in-situ production and detection of ultracold neutrons,Degenkolb; Fierlinger; Zimmer,Degenkolb; Fierlinger; Zimmer,2023,2023,99.05660377358491
same_work,case,10.3233/jnr-220044,approaches to high-density storage experiments with in-situ production and detection of ultracold neutrons,Approaches to high-density storage experiments with in-situ production and detection of ultracold neutrons,Degenkolb; Fierlinger; Zimmer,Degenkolb; Fierlinger; Zimmer,2023,2023,100.0
same_work,punctuation,10.3233/jnr-220044,Approaches to highdensity storage experiments with insitu production and detection of ultracold neutrons,Approaches to high-density storage experiments with in-situ production and detection of ultracold neutrons,Degenkolb; Fierlinger; Zimmer,Degenkolb; Fierlinger; Zimmer,2023,2023,95.23809523809524
same_work,opening_words,10.3233/jnr-220044,Approaches to high-density storage,Approaches to high-density storage experiments with in-situ production and detection of ultracold neutrons,Degenkolb; Fierlinger; Zimmer,Degenkolb; Fierlinger; Zimmer,2023,2023,100.0
same_work,compound,10.3233/jnr-220044,Approaches to highdenstiy storage experiments with insitu production,Approaches to high-density storage experiments with in-situ production and detection of ultracold neutrons,Degenkolb; Fierlinger; Zimmer,Degenkolb; Fierlinger; Zimmer,2023,2023,83.76068376068376
same_work,identity,10.25077/logista.5.1.161-165.2021,CONTINUITY OF CARE PADA NEONATUS DAN BAYI DI ERA PANDEMI  COVID-19 DI SUMATERA BARAT,CONTINUITY OF CARE PADA NEONATUS DAN BAYI DI ERA PANDEMI  COVID-19 DI SUMATERA BARAT,Bustami; Yulizawati; Halida,Bustami; Yulizawati; Halida; Fitrayeni; Oktova; Rahmi; Lisa; Insani; Iffah; Andriani; Safaringga,2021,2021,100.0
same_work,truncate,10.25077/logista.5.1.161-165.2021,CONTINUITY OF CARE PADA NEONATUS DAN BAYI DI ERA PANDEMI,CONTINUITY OF CARE PADA NEONATUS DAN BAYI DI ERA PANDEMI  COVID-19 DI SUMATERA BARAT,Bustami; Yulizawati; Halida,Bustami; Yulizawati; Halida; Fitrayeni; Oktova; Rahmi; Lisa; Insani; Iffah; Andriani; Safaringga,2021,2021,100.0
same_work,typo,10.25077/logista.5.1.161-165.2021,CONTINUITY OF CARE PADA NEONATUS DAN BAYI DI ERA PANDEMI  COVID-19 DI SMUATERA BARAT,CONTINUITY OF CARE PADA NEONATUS DAN BAYI DI ERA PANDEMI  COVID-19 DI SUMATERA BARAT,Bustami; Yulizawati; Halida,Bustami; Yulizawati; Halida; Fitrayeni; Oktova; Rahmi; Lisa; Insani; Iffah; Andriani; Safaringga,2021,2021,98.75
same_work,case,10.25077/logista.5.1.161-165.2021,CONTINUITY OF CARE PADA NEONATUS DAN BAYI DI ERA PANDEMI  COVID-19 DI SUMATERA BARAT,CONTINUITY OF CARE PADA NEONATUS DAN BAYI DI ERA PANDEMI  COVID-19 DI SUMATERA BARAT,Bustami; Yulizawati; Halida,Bustami; Yulizawati; Halida; Fitrayeni; Oktova; Rahmi; Lisa; Insani; Iffah; Andriani; Safaringga,2021,2021,100.0
same_work,punctuation,10.25077/logista.5.1.161-165.2021,CONTINUITY OF CARE PADA NEONATUS DAN BAYI DI ERA PANDEMI  COVID19 DI SUMATERA BARAT,CONTINUITY OF CARE PADA NEONATUS DAN BAYI DI ERA PANDEMI  COVID-19 DI SUMATERA BARAT,Bustami; Yulizawati; Halida,Bustami; Yulizawati; Halida; Fitrayeni; Oktova; Rahmi; Lisa; Insani; Iffah; Andriani; Safaringga,2021,2021,96.85534591194968
same_work,opening_words,10.25077/logista.5.1.161-165.2021,CONTINUITY OF CARE PADA,CONTINUITY OF CARE PADA NEONATUS DAN BAYI DI ERA PANDEMI  COVID-19 DI SUMATERA BARAT,Bustami; Yulizawati; Halida,Bustami; Yulizawati; Halida; Fitrayeni; Oktova; Rahmi; Lisa; Insani; Iffah; Andriani; Safaringga,2021,2021,100.0
same_work,compound,10.25077/logista.5.1.161-165.2021,CONTINUITY OF CARE PADA NEONTAUS DAN BAYI DI ERA,CONTINUITY OF CARE PADA NEONATUS DAN BAYI DI ERA PANDEMI  COVID-19 DI SUMATERA BARAT,Bustami; Yulizawati; Halida,Bustami; Yulizawati; Halida; Fitrayeni; Oktova; Rahmi; Lisa; Insani; Iffah; Andriani; Safaringga,2021,2021,89.65517241379311
same_work,identity,10.30545/academo.2023.jul-dic.10,Estudio de programas orientados a impulsar la innovación empresarial en Paraguay y Uruguay. Un análisis desde la perspectiva de la Teoría de Schumpeter,Estudio de programas orientados a impulsar la innovación empresarial en Paraguay y Uruguay. Un análisis desde la perspectiva de la Teoría de Schumpeter,Olmedo-Barchello; García,Olmedo-Barchello; García,2023,2023,100.0
same_work,truncate,10.30545/academo.2023.jul-dic.10,Estudio de programas orientados a impulsar la innovación empresarial en Paraguay y Uruguay. Un análisis desde la,Estudio de programas orientados a impulsar la innovación empresarial en Paraguay y Uruguay. Un análisis desde la perspectiva de la Teoría de Schumpeter,Olmedo-Barchello; García,Olmedo-Barchello; García,2023,2023,100.0
same_work,typo,10.30545/academo.2023.jul-dic.10,Estudio de programas orientados a impulsar la innovación empresarial en Paraguay y Uruguay. Un análisis desde la pesrpectiva de la Teoría de Schumpeter,Estudio de programas orientados a impulsar la innovación empresarial en Paraguay y Uruguay. Un análisis desde la perspectiva de la Teoría de Schumpeter,Olmedo-Barchello; García,Olmedo-Barchello; García,2023,2023,99.27536231884058
same_work,case,10.30545/academo.2023.jul-dic.10,ESTUDIO DE PROGRAMAS ORIENTADOS A IMPULSAR LA INNOVACIÓN EMPRESARIAL EN PARAGUAY Y URUGUAY. UN ANÁLISIS DESDE LA PERSPECTIVA DE LA TEORÍA DE SCHUMPETER,Estudio de programas orientados a impulsar la innovación empresarial en Paraguay y Uruguay. Un análisis desde la perspectiva de la Teoría de Schumpeter,Olmedo-Barchello; García,Olmedo-Barchello; García,2023,2023,100.0
same_work,punctuation,10.30545/academo.2023.jul-dic.10,Estudio de programas orientados a impulsar la innovación empresarial en Paraguay y Uruguay Un análisis desde la perspectiva de la Teoría de Schumpeter,Estudio de programas orientados a impulsar la innovación empresarial en Paraguay y Uruguay. Un análisis desde la perspectiva de la Teoría de Schumpeter,Olmedo-Barchello; García,Olmedo-Barchello; García,2023,2023,100.0
same_work,opening_words,10.30545/academo.2023.jul-dic.10,Estudio de programas orientados a,Estudio de programas orientados a impulsar la innovación empresarial en Paraguay y Uruguay. Un análisis desde la perspectiva de la Teoría de Schumpeter,Olmedo-Barchello; García,Olmedo-Barchello; García,2023,2023,100.0
same_work,compound,10.30545/academo.2023.jul-dic.10,Estudio de programas orientados a impulsar la innovación emrpesarial en Paraguay y Uruguay Un,Estudio de programas orientados a impulsar la innovación empresarial en Paraguay y Uruguay. Un análisis desde la perspectiva de la Teoría de Schumpeter,Olmedo-Barchello; García,Olmedo-Barchello; García,2023,2023,93.10344827586206
same_work,identity,10.4314/bcse.v37i6.3,Fluoride content of common legume beans consumed in Ethiopia,Fluoride content of common legume beans consumed in Ethiopia,Lemma; Singh Chandravanshi; Chebude,Lemma; Singh Chandravanshi; Chebude,2023,2023,100.0
same_work,truncate,10.4314/bcse.v37i6.3,Fluoride content of common legume beans,Fluoride content of common legume beans consumed in Ethiopia,Lemma; Singh Chandravanshi; Chebude,Lemma; Singh Chandravanshi; Chebude,2023,2023,100.0
same_work,typo,10.4314/bcse.v37i6.3,Fluoride content of common legume beans consumed i nEthiopia,Fluoride content of common legume beans consumed in Ethiopia,Lemma; Singh Chandravanshi; Chebude,Lemma; Singh Chandravanshi; Chebude,2023,2023,95.0
same_work,case,10.4314/bcse.v37i6.3,fluoride content of common legume beans consumed in ethiopia,Fluoride content of common legume beans consumed in Ethiopia,Lemma; Singh Chandravanshi; Chebude,Lemma; Singh Chandravanshi; Chebude,2023,2023,100.0
same_work,opening_words,10.4314/bcse.v37i6.3,Fluoride content of common,Fluoride content of common legume beans consumed in Ethiopia,Lemma; Singh Chandravanshi; Chebude,Lemma; Singh Chandravanshi; Chebude,2023,2023,100.0
same_work,compound,10.4314/bcse.v37i6.3,Fluoride content of common elgume beans consumed,Fluoride content of common legume beans consumed in Ethiopia,Lemma; Singh Chandravanshi; Chebude,Lemma; Singh Chandravanshi; Chebude,2023,2023,92.13483146067416
same_work,identity,10.3889/aph.2023.6091,Risk factors for cardiovascular diseases in professional drivers,Risk factors for cardiovascular diseases in professional drivers,Atanasovska,Atanasovska,2023,2023,100.0
same_work,truncate,10.3889/aph.2023.6091,Risk factors for cardiovascular diseases,Risk factors for cardiovascular diseases in professional drivers,Atanasovska,Atanasovska,2023,2023,100.0
same_work,typo,10.3889/aph.2023.6091,Risk factors for cardiovascular diseases in professional drviers,Risk factors for cardiovascular diseases in professional drivers,Atanasovska,Atanasovska,2023,2023,98.4375
same_work,case,10.3889/aph.2023.6091,RISK FACTORS FOR CARDIOVASCULAR DISEASES IN PROFESSIONAL DRIVERS,Risk factors for cardiovascular diseases in professional drivers,Atanasovska,Atanasovska,2023,2023,100.0
same_work,compound,10.3889/aph.2023.6091,Risk factors for acrdiovascular diseases,Risk factors for cardiovascular diseases in professional drivers,Atanasovska,Atanasovska,2023,2023,76.92307692307692
same_work,identity,10.5944/empiria.52.2021.31369,Mecanismos y dinámicas del trabajo en las plataformas digitales: los casos de Airbnb y de las plataformas de reparto,Mecanismos y dinámicas del trabajo en las plataformas digitales: los casos de Airbnb y de las plataformas de reparto,Fernández-Trujillo Moares; Gil García,Fernández-Trujillo Moares; Gil García,2021,2021,100.0
same_work,drop_subtitle,10.5944/empiria.52.2021.31369,Mecanismos y dinámicas del trabajo en las plataformas digitales,Mecanismos y dinámicas del trabajo en las plataformas digitales: los casos de Airbnb y de las plataformas de reparto,Fernández-Trujillo Moares; Gil García,Fernández-Trujillo Moares; Gil García,2021,2021,100.0
same_work,truncate,10.5944/empiria.52.2021.31369,Mecanismos y dinámicas del trabajo en las plataformas digitales: los casos de Airbnb y de,Mecanismos y dinámicas del trabajo en las plataformas digitales: los casos de Airbnb y de las plataformas de reparto,Fernández-Trujillo Moares; Gil García,Fernández-Trujillo Moares; Gil García,2021,2021,100.0
same_work,typo,10.5944/empiria.52.2021.31369,Mecanismos y dinámicas del trabajo en las plataformas digitales: los casos de Airbnb y de las paltaformas de reparto,Mecanismos y dinámicas del trabajo en las plataformas digitales: los casos de Airbnb y de las plataformas de reparto,Fernández-Trujillo Moares; Gil García,Fernández-Trujillo Moares; Gil García,2021,2021,100.0
same_work,case,10.5944/empiria.52.2021.31369,MECANISMOS Y DINÁMICAS DEL TRABAJO EN LAS PLATAFORMAS DIGITALES: LOS CASOS DE AIRBNB Y DE LAS PLATAFORMAS DE REPARTO,Mecanismos y dinámicas del trabajo en las plataformas digitales: los casos de Airbnb y de las plataformas de reparto,Fernández-Trujillo Moares; Gil García,Fernández-Trujillo Moares; Gil García,2021,2021,100.0
same_work,punctuation,10.5944/empiria.52.2021.31369,Mecanismos y dinámicas del trabajo en las plataformas digitales los casos de Airbnb y de las plataformas de reparto,Mecanismos y dinámicas del trabajo en las plataformas digitales: los casos de Airbnb y de las plataformas de reparto,Fernández-Trujillo Moares; Gil García,Fernández-Trujillo Moares; Gil García,2021,2021,100.0
same_work,opening_words,10.5944/empiria.52.2021.31369,Mecanismos y dinámicas del,Mecanismos y dinámicas del trabajo en las plataformas digitales: los casos de Airbnb y de las plataformas de reparto,Fernández-Trujillo Moares; Gil García,Fernández-Trujillo Moares; Gil García,2021,2021,100.0
same_work,compound,10.5944/empiria.52.2021.31369,Mecanisoms y dinámicas del trabajo en,Mecanismos y dinámicas del trabajo en las plataformas digitales: los casos de Airbnb y de las plataformas de reparto,Fernández-Trujillo Moares; Gil García,Fernández-Trujillo Moares; Gil García,2021,2021,82.53968253968254
same_work,identity,10.1017/s0305000920000641,Structural and interactional aspects of adverbial sentences in English mother-child interactions: an analysis of two dense corpora,Structural and interactional aspects of adverbial sentences in English mother-child interactions: an analysis of two dense corpora,DE RUITER; LEMEN; LIEVEN,DE RUITER; LEMEN; LIEVEN; BRANDT; THEAKSTON,2021,2021,100.0
same_work,drop_subtitle,10.1017/s0305000920000641,Structural and interactional aspects of adverbial sentences in English mother-child interactions,Structural and interactional aspects of adverbial sentences in English mother-child interactions: an analysis of two dense corpora,DE RUITER; LEMEN; LIEVEN,DE RUITER; LEMEN; LIEVEN; BRANDT; THEAKSTON,2021,2021,100.0
same_work,truncate,10.1017/s0305000920000641,Structural and interactional aspects of adverbial sentences in English mother-child interactions: an,Structural and interactional aspects of adverbial sentences in English mother-child interactions: an analysis of two dense corpora,DE RUITER; LEMEN; LIEVEN,DE RUITER; LEMEN; LIEVEN; BRANDT; THEAKSTON,2021,2021,100.0
same_work,typo,10.1017/s0305000920000641,Structural and interactional aspects of adverbial sentences in English mother-child interactions: an analsyis of two dense corpora,Structural and interactional aspects of adverbial sentences in English mother-child interactions: an analysis of two dense corpora,DE RUITER; LEMEN; LIEVEN,DE RUITER; LEMEN; LIEVEN; BRANDT; THEAKSTON,2021,2021,99.2063492063492
same_work,case,10.1017/s0305000920000641,STRUCTURAL AND INTERACTIONAL ASPECTS OF ADVERBIAL SENTENCES IN ENGLISH MOTHER-CHILD INTERACTIONS: AN ANALYSIS OF TWO DENSE CORPORA,Structural and interactional aspects of adverbial sentences in English mother-child interactions: an analysis of two dense corpora,DE RUITER; LEMEN; LIEVEN,DE RUITER; LEMEN; LIEVEN; BRANDT; THEAKSTON,2021,2021,100.0
same_work,punctuation,10.1017/s0305000920000641,Structural and interactional aspects of adverbial sentences in English motherchild interactions an analysis of two dense corpora,Structural and interactional aspects of adverbial sentences in English mother-child interactions: an analysis of two dense corpora,DE RUITER; LEMEN; LIEVEN,DE RUITER; LEMEN; LIEVEN; BRANDT; THEAKSTON,2021,2021,95.61752988047809
same_work,opening_words,10.1017/s0305000920000641,Structural and interactional aspects,Structural and interactional aspects of adverbial sentences in English mother-child interactions: an analysis of two dense corpora,DE RUITER; LEMEN; LIEVEN,DE RUITER; LEMEN; LIEVEN; BRANDT; THEAKSTON,2021,2021,100.0
same_work,compound,10.1017/s0305000920000641,Structural and interactional aspects of adverbia lsentences,Structural and interactional aspects of adverbial sentences in English mother-child interactions: an analysis of two dense corpora,DE RUITER; LEMEN; LIEVEN,DE RUITER; LEMEN; LIEVEN; BRANDT; THEAKSTON,2021,2021,79.59183673469389
same_work,identity,10.1117/1.jbo.29.7.076003,Non-contact elasticity contrast imaging using photon counting,Non-contact elasticity contrast imaging using photon counting,Zheng; Meng Sua; Zhu,Zheng; Meng Sua; Zhu; Rehain; Huang,2024,2024,100.0
same_work,typo,10.1117/1.jbo.29.7.076003,Non-contact elasticity contrats imaging using photon counting,Non-contact elasticity contrast imaging using photon counting,Zheng; Meng Sua; Zhu,Zheng; Meng Sua; Zhu; Rehain; Huang,2024,2024,98.36065573770492
same_work,case,10.1117/1.jbo.29.7.076003,non-contact elasticity contrast imaging using photon counting,Non-contact elasticity contrast imaging using photon counting,Zheng; Meng Sua; Zhu,Zheng; Meng Sua; Zhu; Rehain; Huang,2024,2024,100.0
same_work,punctuation,10.1117/1.jbo.29.7.076003,Noncontact elasticity contrast imaging using photon counting,Non-contact elasticity contrast imaging using photon counting,Zheng; Meng Sua; Zhu,Zheng; Meng Sua; Zhu; Rehain; Huang,2024,2024,94.21487603305785
same_work,compound,10.1117/1.jbo.29.7.076003,Noncontact elasticity ocntrast imaging using photon counting,Non-contact elasticity contrast imaging using photon counting,Zheng; Meng Sua; Zhu,Zheng; Meng Sua; Zhu; Rehain; Huang,2024,2024,92.56198347107438
same_work,identity,10.1024/1016-264x/a000357,Exekutive Probleme bei geriatrischen Patienten und                     Patientinnen,Exekutive Probleme bei geriatrischen Patienten und                     Patientinnen,Ibert; Lubitz; Niedeggen,Ibert; Lubitz; Niedeggen; Lämmler,2022,2022,100.0
same_work,typo,10.1024/1016-264x/a000357,Exekutive Probleme bei geriatrischen Patienten und                     aPtientinnen,Exekutive Probleme bei geriatrischen Patienten und                     Patientinnen,Ibert; Lubitz; Niedeggen,Ibert; Lubitz; Niedeggen; Lämmler,2022,2022,98.41269841269842
same_work,case,10.1024/1016-264x/a000357,EXEKUTIVE PROBLEME BEI GERIATRISCHEN PATIENTEN UND                     PATIENTINNEN,Exekutive Probleme bei geriatrischen Patienten und                     Patientinnen,Ibert; Lubitz; Niedeggen,Ibert; Lubitz; Niedeggen; Lämmler,2022,2022,100.0
same_work,compound,10.1024/1016-264x/a000357,Exekutive Probleme bei geriatrischen Patietnen und                     Patientinnen,Exekutive Probleme bei geriatrischen Patienten und                     Patientinnen,Ibert; Lubitz; Niedeggen,Ibert; Lubitz; Niedeggen; Lämmler,2022,2022,98.41269841269842
same_work,identity,10.1177/23202068211044390,Evaluation of Color Changes of Different Resin Cements in Feldspathic Ceramic Crowns After Accelerated Aging: An In Vitro Research,Evaluation of Color Changes of Different Resin Cements in Feldspathic Ceramic Crowns After Accelerated Aging: An In Vitro Research,Eskitaşçıoğlu; Akdeniz; Değirmenci,Eskitaşçıoğlu; Akdeniz; Değirmenci,2021,2021,100.0
same_work,drop_subtitle,10.1177/23202068211044390,Evaluation of Color Changes of Different Resin Cements in Feldspathic Ceramic Crowns After Accelerated Aging,Evaluation of Color Changes of Different Resin Cements in Feldspathic Ceramic Crowns After Accelerated Aging: An In Vitro Research,Eskitaşçıoğlu; Akdeniz; Değirmenci,Eskitaşçıoğlu; Akdeniz; Değirmenci,2021,2021,100.0
same_work,truncate,10.1177/23202068211044390,Evaluation of Color Changes of Different Resin Cements in Feldspathic Ceramic Crowns After Accelerated,Evaluation of Color Changes of Different Resin Cements in Feldspathic Ceramic Crowns After Accelerated Aging: An In Vitro Research,Eskitaşçıoğlu; Akdeniz; Değirmenci,Eskitaşçıoğlu; Akdeniz; Değirmenci,2021,2021,100.0
same_work,typo,10.1177/23202068211044390,Evaluation of Color Changes of Different Resin Cements in Feldspathic Ceramic rCowns After Accelerated Aging: An In Vitro Research,Evaluation of Color Changes of Different Resin Cements in Feldspathic Ceramic Crowns After Accelerated Aging: An In Vitro Research,Eskitaşçıoğlu; Akdeniz; Değirmenci,Eskitaşçıoğlu; Akdeniz; Değirmenci,2021,2021,99.1869918699187
same_work,case,10.1177/23202068211044390,evaluation of color changes of different resin cements in feldspathic ceramic crowns after accelerated aging: an in vitro research,Evaluation of Color Changes of Different Resin Cements in Feldspathic Ceramic Crowns After Accelerated Aging: An In Vitro Research,Eskitaşçıoğlu; Akdeniz; Değirmenci,Eskitaşçıoğlu; Akdeniz; Değirmenci,2021,2021,100.0
same_work,punctuation,10.1177/23202068211044390,Evaluation of Color Changes of Different Resin Cements in Feldspathic Ceramic Crowns After Accelerated Aging An In Vitro Research,Evaluation of Color Changes of Different Resin Cements in Feldspathic Ceramic Crowns After Accelerated Aging: An In Vitro Research,Eskitaşçıoğlu; Akdeniz; Değirmenci,Eskitaşçıoğlu; Akdeniz; Değirmenci,2021,2021,100.0
same_work,opening_words,10.1177/23202068211044390,Evaluation of Color Changes of,Evaluation of Color Changes of Different Resin Cements in Feldspathic Ceramic Crowns After Accelerated Aging: An In Vitro Research,Eskitaşçıoğlu; Akdeniz; Değirmenci,Eskitaşçıoğlu; Akdeniz; Değirmenci,2021,2021,100.0
same_work,compound,10.1177/23202068211044390,Evaluation o fColor Changes of Different Resin Cements in,Evaluation of Color Changes of Different Resin Cements in Feldspathic Ceramic Crowns After Accelerated Aging: An In Vitro Research,Eskitaşçıoğlu; Akdeniz; Değirmenci,Eskitaşçıoğlu; Akdeniz; Değirmenci,2021,2021,91.42857142857143
same_work,identity,10.47662/farabi.v5i1.324,Pengaruh Pembelajaran Kooperatif Tipe JIGSAW Terhadap Kemampuan Komunikasi Matematis Siswa,Pengaruh Pembelajaran Kooperatif Tipe JIGSAW Terhadap Kemampuan Komunikasi Matematis Siswa,Maharani,Maharani,2022,2022,100.0
same_work,truncate,10.47662/farabi.v5i1.324,Pengaruh Pembelajaran Kooperatif Tipe JIGSAW Terhadap,Pengaruh Pembelajaran Kooperatif Tipe JIGSAW Terhadap Kemampuan Komunikasi Matematis Siswa,Maharani,Maharani,2022,2022,100.0
same_work,typo,10.47662/farabi.v5i1.324,Pengaruh Pembelajara nKooperatif Tipe JIGSAW Terhadap Kemampuan Komunikasi Matematis Siswa,Pengaruh Pembelajaran Kooperatif Tipe JIGSAW Terhadap Kemampuan Komunikasi Matematis Siswa,Maharani,Maharani,2022,2022,98.88888888888889
same_work,case,10.47662/farabi.v5i1.324,pengaruh pembelajaran kooperatif tipe jigsaw terhadap kemampuan komunikasi matematis siswa,Pengaruh Pembelajaran Kooperatif Tipe JIGSAW Terhadap Kemampuan Komunikasi Matematis Siswa,Maharani,Maharani,2022,2022,100.0
same_work,opening_words,10.47662/farabi.v5i1.324,Pengaruh Pembelajaran Kooperatif Tipe,Pengaruh Pembelajaran Kooperatif Tipe JIGSAW Terhadap Kemampuan Komunikasi Matematis Siswa,Maharani,Maharani,2022,2022,100.0
same_work,compound,10.47662/farabi.v5i1.324,Pengaruh Pembelajaran Kooperatif Tip eJIGSAW Terhadap,Pengaruh Pembelajaran Kooperatif Tipe JIGSAW Terhadap Kemampuan Komunikasi Matematis Siswa,Maharani,Maharani,2022,2022,87.23404255319149
same_work,identity,10.1097/cnj.0000000000001226,Integrating Faith and Learning Using a Biblical Concept-Based Curriculum,Integrating Faith and Learning Using a Biblical Concept-Based Curriculum,Bell,Bell,2024,2024,100.0
same_work,truncate,10.1097/cnj.0000000000001226,Integrating Faith and Learning Using a,Integrating Faith and Learning Using a Biblical Concept-Based Curriculum,Bell,Bell,2024,2024,100.0
same_work,typo,10.1097/cnj.0000000000001226,Inetgrating Faith and Learning Using a Biblical Concept-Based Curriculum,Integrating Faith and Learning Using a Biblical Concept-Based Curriculum,Bell,Bell,2024,2024,98.61111111111111
same_work,case,10.1097/cnj.0000000000001226,INTEGRATING FAITH AND LEARNING USING A BIBLICAL CONCEPT-BASED CURRICULUM,Integrating Faith and Learning Using a Biblical Concept-Based Curriculum,Bell,Bell,2024,2024,100.0
same_work,punctuation,10.1097/cnj.0000000000001226,Integrating Faith and Learning Using a Biblical ConceptBased Curriculum,Integrating Faith and Learning Using a Biblical Concept-Based Curriculum,Bell,Bell,2024,2024,92.3076923076923
same_work,opening_words,10.1097/cnj.0000000000001226,Integrating Faith and Learning Using,Integrating Faith and Learning Using a Biblical Concept-Based Curriculum,Bell,Bell,2024,2024,100.0
same_work,compound,10.1097/cnj.0000000000001226,Integrating Faith adn Learning Using,Integrating Faith and Learning Using a Biblical Concept-Based Curriculum,Bell,Bell,2024,2024,94.11764705882354
same_work,identity,10.14321/jgendsexustud.48.1.0031,Prácticas heterodoxas y<i>santidad queer</i>: “El proceso de fe” (s. XVII) de las monjas clarisas de Trujillo,Prácticas heterodoxas y<i>santidad queer</i>: “El proceso de fe” (s. XVII) de las monjas clarisas de Trujillo,Paz Torres; Ruiz Tresgallo,Paz Torres; Ruiz Tresgallo,2022,2022,100.0
same_work,drop_subtitle,10.14321/jgendsexustud.48.1.0031,Prácticas heterodoxas y<i>santidad queer</i>,Prácticas heterodoxas y<i>santidad queer</i>: “El proceso de fe” (s. XVII) de las monjas clarisas de Trujillo,Paz Torres; Ruiz Tresgallo,Paz Torres; Ruiz Tresgallo,2022,2022,100.0
same_work,truncate,10.14321/jgendsexustud.48.1.0031,Prácticas heterodoxas y<i>santidad queer</i>: “El proceso de fe” (s. XVII) de las,Prácticas heterodoxas y<i>santidad queer</i>: “El proceso de fe” (s. XVII) de las monjas clarisas de Trujillo,Paz Torres; Ruiz Tresgallo,Paz Torres; Ruiz Tresgallo,2022,2022,100.0
same_work,typo,10.14321/jgendsexustud.48.1.0031,Prácticas heterodoxas y<i>santidad queer</i>: “El proceso de fe” (s. XVII) de las monjas clarisas ed Trujillo,Prácticas heterodoxas y<i>santidad queer</i>: “El proceso de fe” (s. XVII) de las monjas clarisas de Trujillo,Paz Torres; Ruiz Tresgallo,Paz Torres; Ruiz Tresgallo,2022,2022,100.0
same_work,case,10.14321/jgendsexustud.48.1.0031,PRÁCTICAS HETERODOXAS Y<I>SANTIDAD QUEER</I>: “EL PROCESO DE FE” (S. XVII) DE LAS MONJAS CLARISAS DE TRUJILLO,Prácticas heterodoxas y<i>santidad queer</i>: “El proceso de fe” (s. XVII) de las monjas clarisas de Trujillo,Paz Torres; Ruiz Tresgallo,Paz Torres; Ruiz Tresgallo,2022,2022,100.0
same_work,punctuation,10.14321/jgendsexustud.48.1.0031,Prácticas heterodoxas yisantidad queeri El proceso de fe s XVII de las monjas clarisas de Trujillo,Prácticas heterodoxas y<i>santidad queer</i>: “El proceso de fe” (s. XVII) de las monjas clarisas de Trujillo,Paz Torres; Ruiz Tresgallo,Paz Torres; Ruiz Tresgallo,2022,2022,96.21621621621621
same_work,opening_words,10.14321/jgendsexustud.48.1.0031,Prácticas heterodoxas y<i>santidad queer</i>: “El,Prácticas heterodoxas y<i>santidad queer</i>: “El proceso de fe” (s. XVII) de las monjas clarisas de Trujillo,Paz Torres; Ruiz Tresgallo,Paz Torres; Ruiz Tresgallo,2022,2022,100.0
same_work,compound,10.14321/jgendsexustud.48.1.0031,Prácticas heterodoxas yisanitdad queeri,Prácticas heterodoxas y<i>santidad queer</i>: “El proceso de fe” (s. XVII) de las monjas clarisas de Trujillo,Paz Torres; Ruiz Tresgallo,Paz Torres; Ruiz Tresgallo,2022,2022,70.0
same_work,identity,10.3390/ma17020436,Investigation of Phenolic Resin-Modified Asphalt and Its Mixtures,Investigation of Phenolic Resin-Modified Asphalt and Its Mixtures,Wang; Wang; Huang,Wang; Wang; Huang; Wu; Yan; Zhang,2024,2024,100.0
same_work,truncate,10.3390/ma17020436,Investigation of Phenolic Resin-Modified Asphalt,Investigation of Phenolic Resin-Modified Asphalt and Its Mixtures,Wang; Wang; Huang,Wang; Wang; Huang; Wu; Yan; Zhang,2024,2024,100.0
same_work,typo,10.3390/ma17020436,Investigation of Phenolic Resin-Modified Asphalt and Its Mixutres,Investigation of Phenolic Resin-Modified Asphalt and Its Mixtures,Wang; Wang; Huang,Wang; Wang; Huang; Wu; Yan; Zhang,2024,2024,98.46153846153847
same_work,case,10.3390/ma17020436,investigation of phenolic resin-modified asphalt and its mixtures,Investigation of Phenolic Resin-Modified Asphalt and Its Mixtures,Wang; Wang; Huang,Wang; Wang; Huang; Wu; Yan; Zhang,2024,2024,100.0
same_work,punctuation,10.3390/ma17020436,Investigation of Phenolic ResinModified Asphalt and Its Mixtures,Investigation of Phenolic Resin-Modified Asphalt and Its Mixtures,Wang; Wang; Huang,Wang; Wang; Huang; Wu; Yan; Zhang,2024,2024,91.47286821705427
same_work,compound,10.3390/ma17020436,Investigation o fPhenolic ResinModified Asphalt,Investigation of Phenolic Resin-Modified Asphalt and Its Mixtures,Wang; Wang; Huang,Wang; Wang; Huang; Wu; Yan; Zhang,2024,2024,66.07142857142857
same_work,identity,10.22455/2541-8297-2020-17-8-53,Studies on A.M. Remizov’s Creative Biography: 1926–1927. Part 1. “Aesthete-Degenerateˮ,Studies on A.M. Remizov’s Creative Biography: 1926–1927. Part 1. “Aesthete-Degenerateˮ,Obatnina,Obatnina,2020,2020,100.0
same_work,drop_subtitle,10.22455/2541-8297-2020-17-8-53,Studies on A.M. Remizov’s Creative Biography,Studies on A.M. Remizov’s Creative Biography: 1926–1927. Part 1. “Aesthete-Degenerateˮ,Obatnina,Obatnina,2020,2020,100.0
same_work,truncate,10.22455/2541-8297-2020-17-8-53,Studies on A.M. Remizov’s Creative Biography: 1926–1927.,Studies on A.M. Remizov’s Creative Biography: 1926–1927. Part 1. “Aesthete-Degenerateˮ,Obatnina,Obatnina,2020,2020,100.0
same_work,typo,10.22455/2541-8297-2020-17-8-53,Studies on A.M. Remizov’s Creative Biography: 1926–1927. Part 1. “Aesthete-Deegnerateˮ,Studies on A.M. Remizov’s Creative Biography: 1926–1927. Part 1. “Aesthete-Degenerateˮ,Obatnina,Obatnina,2020,2020,98.76543209876543
same_work,case,10.22455/2541-8297-2020-17-8-53,studies on a.m. remizov’s creative biography: 1926–1927. part 1. “aesthete-degenerateˮ,Studies on A.M. Remizov’s Creative Biography: 1926–1927. Part 1. “Aesthete-Degenerateˮ,Obatnina,Obatnina,2020,2020,100.0
same_work,punctuation,10.22455/2541-8297-2020-17-8-53,Studies on AM Remizovs Creative Biography 19261927 Part 1 AestheteDegenerateˮ,Studies on A.M. Remizov’s Creative Biography: 1926–1927. Part 1. “Aesthete-Degenerateˮ,Obatnina,Obatnina,2020,2020,96.20253164556962
same_work,opening_words,10.22455/2541-8297-2020-17-8-53,Studies on A.M. Remizov’s Creative,Studies on A.M. Remizov’s Creative Biography: 1926–1927. Part 1. “Aesthete-Degenerateˮ,Obatnina,Obatnina,2020,2020,100.0
same_work,compound,10.22455/2541-8297-2020-17-8-53,Studies o nAM Remizovs Creative Biography,Studies on A.M. Remizov’s Creative Biography: 1926–1927. Part 1. “Aesthete-Degenerateˮ,Obatnina,Obatnina,2020,2020,77.61194029850746
same_work,identity,10.55606/cemerlang.v2i2.810,"Pengaruh Brand Image, Peer Group Dan Physical Evidence Terhadap Minat Sekolah Ke Perguruan Tinggi di Kota Serang Tahun 2022","Pengaruh Brand Image, Peer Group Dan Physical Evidence Terhadap Minat Sekolah Ke Perguruan Tinggi di Kota Serang Tahun 2022",Dhany Isneni D.,Dhany Isneni D.,2022,2022,100.0
same_work,truncate,10.55606/cemerlang.v2i2.810,"Pengaruh Brand Image, Peer Group Dan Physical Evidence Terhadap Minat Sekolah","Pengaruh Brand Image, Peer Group Dan Physical Evidence Terhadap Minat Sekolah Ke Perguruan Tinggi di Kota Serang Tahun 2022",Dhany Isneni D.,Dhany Isneni D.,2022,2022,100.0
same_work,typo,10.55606/cemerlang.v2i2.810,"Pengaruh Brand Image, Peer Group Dan Physical Evidence Terhadap Minat Sekolah Ke Perguruan iTnggi di Kota Serang Tahun 2022","Pengaruh Brand Image, Peer Group Dan Physical Evidence Terhadap Minat Sekolah Ke Perguruan Tinggi di Kota Serang Tahun 2022",Dhany Isneni D.,Dhany Isneni D.,2022,2022,99.18032786885246
same_work,case,10.55606/cemerlang.v2i2.810,"pengaruh brand image, peer group dan physical evidence terhadap minat sekolah ke perguruan tinggi di kota serang tahun 2022","Pengaruh Brand Image, Peer Group Dan Physical Evidence Terhadap Minat Sekolah Ke Perguruan Tinggi di Kota Serang Tahun 2022",Dhany Isneni D.,Dhany Isneni D.,2022,2022,100.0
same_work,punctuation,10.55606/cemerlang.v2i2.810,Pengaruh Brand Image Peer Group Dan Physical Evidence Terhadap Minat Sekolah Ke Perguruan Tinggi di Kota Serang Tahun 2022,"Pengaruh Brand Image, Peer Group Dan Physical Evidence Terhadap Minat Sekolah Ke Perguruan Tinggi di Kota Serang Tahun 2022",Dhany Isneni D.,Dhany Isneni D.,2022,2022,100.0
same_work,opening_words,10.55606/cemerlang.v2i2.810,"Pengaruh Brand Image, Peer Group","Pengaruh Brand Image, Peer Group Dan Physical Evidence Terhadap Minat Sekolah Ke Perguruan Tinggi di Kota Serang Tahun 2022",Dhany Isneni D.,Dhany Isneni D.,2022,2022,100.0
same_work,compound,10.55606/cemerlang.v2i2.810,Pengaruh Brand Image Peer Group Dna Physical Evidence Terhadap Minat Sekolah Ke Perguruan Tinggi,"Pengaruh Brand Image, Peer Group Dan Physical Evidence Terhadap Minat Sekolah Ke Perguruan Tinggi di Kota Serang Tahun 2022",Dhany Isneni D.,Dhany Isneni D.,2022,2022,97.87234042553192
same_work,identity,10.1111/1758-2229.13006,"The ubiquitous soil verrucomicrobial clade ‘
                    <i>Candidatus</i>
                    Udaeobacter’ shows preferences for acidic
                    <scp>pH</scp>","The ubiquitous soil verrucomicrobial clade ‘
                    <i>Candidatus</i>
                    Udaeobacter’ shows preferences for acidic
                    <scp>pH</scp>",Willms; Bolz; Yuan,Willms; Bolz; Yuan; Krafft; Schneider; Schöning; Schrumpf; Nacke,2021,2021,100.0
same_work,truncate,10.1111/1758-2229.13006,The ubiquitous soil verrucomicrobial clade ‘ <i>Candidatus</i> Udaeobacter’ shows,"The ubiquitous soil verrucomicrobial clade ‘
                    <i>Candidatus</i>
                    Udaeobacter’ shows preferences for acidic
                    <scp>pH</scp>",Willms; Bolz; Yuan,Willms; Bolz; Yuan; Krafft; Schneider; Schöning; Schrumpf; Nacke,2021,2021,100.0
same_work,typo,10.1111/1758-2229.13006,"The ubiquitous soil verrucomicrobial clade ‘
                    <i>Candidatu<s/i>
                    Udaeobacter’ shows preferences for acidic
                    <scp>pH</scp>","The ubiquitous soil verrucomicrobial clade ‘
                    <i>Candidatus</i>
                    Udaeobacter’ shows preferences for acidic
                    <scp>pH</scp>",Willms; Bolz; Yuan,Willms; Bolz; Yuan; Krafft; Schneider; Schöning; Schrumpf; Nacke,2021,2021,99.51690821256038
same_work,case,10.1111/1758-2229.13006,"the ubiquitous soil verrucomicrobial clade ‘
                    <i>candidatus</i>
                    udaeobacter’ shows preferences for acidic
                    <scp>ph</scp>","The ubiquitous soil verrucomicrobial clade ‘
                    <i>Candidatus</i>
                    Udaeobacter’ shows preferences for acidic
                    <scp>pH</scp>",Willms; Bolz; Yuan,Willms; Bolz; Yuan; Krafft; Schneider; Schöning; Schrumpf; Nacke,2021,2021,100.0
same_work,punctuation,10.1111/1758-2229.13006,"The ubiquitous soil verrucomicrobial clade 
                    iCandidatusi
                    Udaeobacter shows preferences for acidic
                    scppHscp","The ubiquitous soil verrucomicrobial clade ‘
                    <i>Candidatus</i>
                    Udaeobacter’ shows preferences for acidic
                    <scp>pH</scp>",Willms; Bolz; Yuan,Willms; Bolz; Yuan; Krafft; Schneider; Schöning; Schrumpf; Nacke,2021,2021,97.11538461538461
same_work,opening_words,10.1111/1758-2229.13006,The ubiquitous soil verrucomicrobial,"The ubiquitous soil verrucomicrobial clade ‘
                    <i>Candidatus</i>
                    Udaeobacter’ shows preferences for acidic
                    <scp>pH</scp>",Willms; Bolz; Yuan,Willms; Bolz; Yuan; Krafft; Schneider; Schöning; Schrumpf; Nacke,2021,2021,100.0
same_work,compound,10.1111/1758-2229.13006,The ubiquitous soil verrucomicrobial clade  iCandidatusi Udaeoabcter,"The ubiquitous soil verrucomicrobial clade ‘
                    <i>Candidatus</i>
                    Udaeobacter’ shows preferences for acidic
                    <scp>pH</scp>",Willms; Bolz; Yuan,Willms; Bolz; Yuan; Krafft; Schneider; Schöning; Schrumpf; Nacke,2021,2021,77.64705882352942
same_work,identity,10.3233/ajw220037,"Assessment of Nutrient Contents in River Waters  Introduced to Beni Haroun Dam, North East Algeria","Assessment of Nutrient Contents in River Waters  Introduced to Beni Haroun Dam, North East Algeria",Bouchareb; K. Boudeffa; Lalaoui,Bouchareb; K. Boudeffa; Lalaoui; Bousbia,2022,2022,100.0
same_work,truncate,10.3233/ajw220037,Assessment of Nutrient Contents in River Waters Introduced to,"Assessment of Nutrient Contents in River Waters  Introduced to Beni Haroun Dam, North East Algeria",Bouchareb; K. Boudeffa; Lalaoui,Bouchareb; K. Boudeffa; Lalaoui; Bousbia,2022,2022,100.0
same_work,typo,10.3233/ajw220037,"Asesssment of Nutrient Contents in River Waters  Introduced to Beni Haroun Dam, North East Algeria","Assessment of Nutrient Contents in River Waters  Introduced to Beni Haroun Dam, North East Algeria",Bouchareb; K. Boudeffa; Lalaoui,Bouchareb; K. Boudeffa; Lalaoui; Bousbia,2022,2022,98.95833333333333
same_work,case,10.3233/ajw220037,"assessment of nutrient contents in river waters  introduced to beni haroun dam, north east algeria","Assessment of Nutrient Contents in River Waters  Introduced to Beni Haroun Dam, North East Algeria",Bouchareb; K. Boudeffa; Lalaoui,Bouchareb; K. Boudeffa; Lalaoui; Bousbia,2022,2022,100.0
same_work,punctuation,10.3233/ajw220037,Assessment of Nutrient Contents in River Waters  Introduced to Beni Haroun Dam North East Algeria,"Assessment of Nutrient Contents in River Waters  Introduced to Beni Haroun Dam, North East Algeria",Bouchareb; K. Boudeffa; Lalaoui,Bouchareb; K. Boudeffa; Lalaoui; Bousbia,2022,2022,100.0
same_work,opening_words,10.3233/ajw220037,Assessment of Nutrient Contents,"Assessment of Nutrient Contents in River Waters  Introduced to Beni Haroun Dam, North East Algeria",Bouchareb; K. Boudeffa; Lalaoui,Bouchareb; K. Boudeffa; Lalaoui; Bousbia,2022,2022,100.0
same_work,compound,10.3233/ajw220037,Assessment of Nutrient Contents in River Waters Introduced t oBeni Haroun,"Assessment of Nutrient Contents in River Waters  Introduced to Beni Haroun Dam, North East Algeria",Bouchareb; K. Boudeffa; Lalaoui,Bouchareb; K. Boudeffa; Lalaoui; Bousbia,2022,2022,94.20289855072464
same_work,identity,10.47191/ijmscrs/v2-i12-14,Education and Training based on Experiential Learning in Increasing Competency of Health Workers in Public Health Center of South Sulawesi,Education and Training based on Experiential Learning in Increasing Competency of Health Workers in Public Health Center of South Sulawesi,"Mid-level Trainer (Widyaiswara Ahli Madya), Human Resources Development Agency (BPSDM) Papua Province, Indonesia; Hadiyanto; Sulolipu","Mid-level Trainer (Widyaiswara Ahli Madya), Human Resources Development Agency (BPSDM) Papua Province, Indonesia; Hadiyanto; Sulolipu; Doctoral Student from Faculty of Public Health, Hasanuddin University, Makassar, Indonesia",2022,2022,100.0
same_work,truncate,10.47191/ijmscrs/v2-i12-14,Education and Training based on Experiential Learning in Increasing Competency of Health Workers in Public,Education and Training based on Experiential Learning in Increasing Competency of Health Workers in Public Health Center of South Sulawesi,"Mid-level Trainer (Widyaiswara Ahli Madya), Human Resources Development Agency (BPSDM) Papua Province, Indonesia; Hadiyanto; Sulolipu","Mid-level Trainer (Widyaiswara Ahli Madya), Human Resources Development Agency (BPSDM) Papua Province, Indonesia; Hadiyanto; Sulolipu; Doctoral Student from Faculty of Public Health, Hasanuddin University, Makassar, Indonesia",2022,2022,100.0
same_work,typo,10.47191/ijmscrs/v2-i12-14,Education and Training based on Experiential Learning in Increasing Competecny of Health Workers in Public Health Center of South Sulawesi,Education and Training based on Experiential Learning in Increasing Competency of Health Workers in Public Health Center of South Sulawesi,"Mid-level Trainer (Widyaiswara Ahli Madya), Human Resources Development Agency (BPSDM) Papua Province, Indonesia; Hadiyanto; Sulolipu","Mid-level Trainer (Widyaiswara Ahli Madya), Human Resources Development Agency (BPSDM) Papua Province, Indonesia; Hadiyanto; Sulolipu; Doctoral Student from Faculty of Public Health, Hasanuddin University, Makassar, Indonesia",2022,2022,99.2
same_work,case,10.47191/ijmscrs/v2-i12-14,education and training based on experiential learning in increasing competency of health workers in public health center of south sulawesi,Education and Training based on Experiential Learning in Increasing Competency of Health Workers in Public Health Center of South Sulawesi,"Mid-level Trainer (Widyaiswara Ahli Madya), Human Resources Development Agency (BPSDM) Papua Province, Indonesia; Hadiyanto; Sulolipu","Mid-level Trainer (Widyaiswara Ahli Madya), Human Resources Development Agency (BPSDM) Papua Province, Indonesia; Hadiyanto; Sulolipu; Doctoral Student from Faculty of Public Health, Hasanuddin University, Makassar, Indonesia",2022,2022,100.0
same_work,opening_words,10.47191/ijmscrs/v2-i12-14,Education and Training based,Education and Training based on Experiential Learning in Increasing Competency of Health Workers in Public Health Center of South Sulawesi,"Mid-level Trainer (Widyaiswara Ahli Madya), Human Resources Development Agency (BPSDM) Papua Province, Indonesia; Hadiyanto; Sulolipu","Mid-level Trainer (Widyaiswara Ahli Madya), Human Resources Development Agency (BPSDM) Papua Province, Indonesia; Hadiyanto; Sulolipu; Doctoral Student from Faculty of Public Health, Hasanuddin University, Makassar, Indonesia",2022,2022,100.0
same_work,compound,10.47191/ijmscrs/v2-i12-14,Educatino and Training based on Experiential Learning in Increasing Competency of Health,Education and Training based on Experiential Learning in Increasing Competency of Health Workers in Public Health Center of South Sulawesi,"Mid-level Trainer (Widyaiswara Ahli Madya), Human Resources Development Agency (BPSDM) Papua Province, Indonesia; Hadiyanto; Sulolipu","Mid-level Trainer (Widyaiswara Ahli Madya), Human Resources Development Agency (BPSDM) Papua Province, Indonesia; Hadiyanto; Sulolipu; Doctoral Student from Faculty of Public Health, Hasanuddin University, Makassar, Indonesia",2022,2022,93.97590361445783
same_work,identity,10.1088/2057-1976/ac5bf1,Improvement of performance and sensitivity of 2D and 3D image reconstruction in EIT using EFG forward model,Improvement of performance and sensitivity of 2D and 3D image reconstruction in EIT using EFG forward model,Hadinia; Jafari,Hadinia; Jafari,2022,2022,100.0
same_work,truncate,10.1088/2057-1976/ac5bf1,Improvement of performance and sensitivity of 2D and 3D image reconstruction in,Improvement of performance and sensitivity of 2D and 3D image reconstruction in EIT using EFG forward model,Hadinia; Jafari,Hadinia; Jafari,2022,2022,100.0
same_work,typo,10.1088/2057-1976/ac5bf1,Improvement fo performance and sensitivity of 2D and 3D image reconstruction in EIT using EFG forward model,Improvement of performance and sensitivity of 2D and 3D image reconstruction in EIT using EFG forward model,Hadinia; Jafari,Hadinia; Jafari,2022,2022,100.0
same_work,case,10.1088/2057-1976/ac5bf1,improvement of performance and sensitivity of 2d and 3d image reconstruction in eit using efg forward model,Improvement of performance and sensitivity of 2D and 3D image reconstruction in EIT using EFG forward model,Hadinia; Jafari,Hadinia; Jafari,2022,2022,100.0
same_work,opening_words,10.1088/2057-1976/ac5bf1,Improvement of performance and,Improvement of performance and sensitivity of 2D and 3D image reconstruction in EIT using EFG forward model,Hadinia; Jafari,Hadinia; Jafari,2022,2022,100.0
same_work,compound,10.1088/2057-1976/ac5bf1,Improvement of performance and sensitivit yof 2D and 3D image,Improvement of performance and sensitivity of 2D and 3D image reconstruction in EIT using EFG forward model,Hadinia; Jafari,Hadinia; Jafari,2022,2022,84.84848484848484
same_work,identity,10.3390/cimb46060354,Unlocking the Potential: Semaglutide’s Impact on Alzheimer’s and Parkinson’s Disease in Animal Models,Unlocking the Potential: Semaglutide’s Impact on Alzheimer’s and Parkinson’s Disease in Animal Models,Meca; Boboc; Mititelu-Tartau,Meca; Boboc; Mititelu-Tartau; Bogdan,2024,2024,100.0
same_work,drop_subtitle,10.3390/cimb46060354,Unlocking the Potential,Unlocking the Potential: Semaglutide’s Impact on Alzheimer’s and Parkinson’s Disease in Animal Models,Meca; Boboc; Mititelu-Tartau,Meca; Boboc; Mititelu-Tartau; Bogdan,2024,2024,100.0
same_work,truncate,10.3390/cimb46060354,Unlocking the Potential: Semaglutide’s Impact on Alzheimer’s and,Unlocking the Potential: Semaglutide’s Impact on Alzheimer’s and Parkinson’s Disease in Animal Models,Meca; Boboc; Mititelu-Tartau,Meca; Boboc; Mititelu-Tartau; Bogdan,2024,2024,100.0
same_work,typo,10.3390/cimb46060354,Unlocking the Potential: Semaglutide’s Impatc on Alzheimer’s and Parkinson’s Disease in Animal Models,Unlocking the Potential: Semaglutide’s Impact on Alzheimer’s and Parkinson’s Disease in Animal Models,Meca; Boboc; Mititelu-Tartau,Meca; Boboc; Mititelu-Tartau; Bogdan,2024,2024,98.95833333333333
same_work,case,10.3390/cimb46060354,UNLOCKING THE POTENTIAL: SEMAGLUTIDE’S IMPACT ON ALZHEIMER’S AND PARKINSON’S DISEASE IN ANIMAL MODELS,Unlocking the Potential: Semaglutide’s Impact on Alzheimer’s and Parkinson’s Disease in Animal Models,Meca; Boboc; Mititelu-Tartau,Meca; Boboc; Mititelu-Tartau; Bogdan,2024,2024,100.0
same_work,punctuation,10.3390/cimb46060354,Unlocking the Potential Semaglutides Impact on Alzheimers and Parkinsons Disease in Animal Models,Unlocking the Potential: Semaglutide’s Impact on Alzheimer’s and Parkinson’s Disease in Animal Models,Meca; Boboc; Mititelu-Tartau,Meca; Boboc; Mititelu-Tartau; Bogdan,2024,2024,98.44559585492227
same_work,opening_words,10.3390/cimb46060354,Unlocking the Potential: Semaglutide’s,Unlocking the Potential: Semaglutide’s Impact on Alzheimer’s and Parkinson’s Disease in Animal Models,Meca; Boboc; Mititelu-Tartau,Meca; Boboc; Mititelu-Tartau; Bogdan,2024,2024,100.0
same_work,compound,10.3390/cimb46060354,Unlocking th ePotential,Unlocking the Potential: Semaglutide’s Impact on Alzheimer’s and Parkinson’s Disease in Animal Models,Meca; Boboc; Mititelu-Tartau,Meca; Boboc; Mititelu-Tartau; Bogdan,2024,2024,56.25
same_work,identity,10.22161/ijels.94.5,"Assessment through 5A’s of Tourism in Cuyapo, Nueva Ecija: A Basis for Tourism Development Plan","Assessment through 5A’s of Tourism in Cuyapo, Nueva Ecija: A Basis for Tourism Development Plan",Velasquez; Abad; Balagtas,Velasquez; Abad; Balagtas; Corpuz; Fernando; Flores; Manabat; Pacheco,2024,2024,100.0
same_work,drop_subtitle,10.22161/ijels.94.5,"Assessment through 5A’s of Tourism in Cuyapo, Nueva Ecija","Assessment through 5A’s of Tourism in Cuyapo, Nueva Ecija: A Basis for Tourism Development Plan",Velasquez; Abad; Balagtas,Velasquez; Abad; Balagtas; Corpuz; Fernando; Flores; Manabat; Pacheco,2024,2024,100.0
same_work,truncate,10.22161/ijels.94.5,"Assessment through 5A’s of Tourism in Cuyapo, Nueva Ecija: A","Assessment through 5A’s of Tourism in Cuyapo, Nueva Ecija: A Basis for Tourism Development Plan",Velasquez; Abad; Balagtas,Velasquez; Abad; Balagtas; Corpuz; Fernando; Flores; Manabat; Pacheco,2024,2024,100.0
same_work,typo,10.22161/ijels.94.5,"Assessment through 5A’s of Tourism in Cuyapo, Nueva Ecija: A Basis for Tourism Developmnet Plan","Assessment through 5A’s of Tourism in Cuyapo, Nueva Ecija: A Basis for Tourism Development Plan",Velasquez; Abad; Balagtas,Velasquez; Abad; Balagtas; Corpuz; Fernando; Flores; Manabat; Pacheco,2024,2024,98.82352941176471
same_work,case,10.22161/ijels.94.5,"assessment through 5a’s of tourism in cuyapo, nueva ecija: a basis for tourism development plan","Assessment through 5A’s of Tourism in Cuyapo, Nueva Ecija: A Basis for Tourism Development Plan",Velasquez; Abad; Balagtas,Velasquez; Abad; Balagtas; Corpuz; Fernando; Flores; Manabat; Pacheco,2024,2024,100.0
same_work,punctuation,10.22161/ijels.94.5,Assessment through 5As of Tourism in Cuyapo Nueva Ecija A Basis for Tourism Development Plan,"Assessment through 5A’s of Tourism in Cuyapo, Nueva Ecija: A Basis for Tourism Development Plan",Velasquez; Abad; Balagtas,Velasquez; Abad; Balagtas; Corpuz; Fernando; Flores; Manabat; Pacheco,2024,2024,99.40828402366864
same_work,opening_words,10.22161/ijels.94.5,Assessment through 5A’s of Tourism,"Assessment through 5A’s of Tourism in Cuyapo, Nueva Ecija: A Basis for Tourism Development Plan",Velasquez; Abad; Balagtas,Velasquez; Abad; Balagtas; Corpuz; Fernando; Flores; Manabat; Pacheco,2024,2024,100.0
same_work,compound,10.22161/ijels.94.5,Assessment through 5A sof Tourism in Cuyapo,"Assessment through 5A’s of Tourism in Cuyapo, Nueva Ecija: A Basis for Tourism Development Plan",Velasquez; Abad; Balagtas,Velasquez; Abad; Balagtas; Corpuz; Fernando; Flores; Manabat; Pacheco,2024,2024,95.1219512195122
same_work,identity,10.3390/genes13030442,"Mucopolysaccharidosis-Plus Syndrome, a Rapidly Progressive Disease: Favorable Impact of a Very Prolonged Steroid Treatment on the Clinical Course in a Child","Mucopolysaccharidosis-Plus Syndrome, a Rapidly Progressive Disease: Favorable Impact of a Very Prolonged Steroid Treatment on the Clinical Course in a Child",Faraguna; Musto; Crescitelli,Faraguna; Musto; Crescitelli; Iascone; Spaccini; Tonduti; Fedeli; Kullmann; Canonico; Cattoni; Dell’Acqua; Rizzari; Gasperini,2022,2022,100.0
same_work,drop_subtitle,10.3390/genes13030442,"Mucopolysaccharidosis-Plus Syndrome, a Rapidly Progressive Disease","Mucopolysaccharidosis-Plus Syndrome, a Rapidly Progressive Disease: Favorable Impact of a Very Prolonged Steroid Treatment on the Clinical Course in a Child",Faraguna; Musto; Crescitelli,Faraguna; Musto; Crescitelli; Iascone; Spaccini; Tonduti; Fedeli; Kullmann; Canonico; Cattoni; Dell’Acqua; Rizzari; Gasperini,2022,2022,100.0
same_work,truncate,10.3390/genes13030442,"Mucopolysaccharidosis-Plus Syndrome, a Rapidly Progressive Disease: Favorable Impact of a Very Prolonged","Mucopolysaccharidosis-Plus Syndrome, a Rapidly Progressive Disease: Favorable Impact of a Very Prolonged Steroid Treatment on the Clinical Course in a Child",Faraguna; Musto; Crescitelli,Faraguna; Musto; Crescitelli; Iascone; Spaccini; Tonduti; Fedeli; Kullmann; Canonico; Cattoni; Dell’Acqua; Rizzari; Gasperini,2022,2022,100.0
same_work,typo,10.3390/genes13030442,"Mucopolysaccharidosis-Plus Syndrome, a Rapidly Progressive Disease: Favorable Ipmact of a Very Prolonged Steroid Treatment on the Clinical Course in a Child","Mucopolysaccharidosis-Plus Syndrome, a Rapidly Progressive Disease: Favorable Impact of a Very Prolonged Steroid Treatment on the Clinical Course in a Child",Faraguna; Musto; Crescitelli,Faraguna; Musto; Crescitelli; Iascone; Spaccini; Tonduti; Fedeli; Kullmann; Canonico; Cattoni; Dell’Acqua; Rizzari; Gasperini,2022,2022,99.33333333333333
same_work,case,10.3390/genes13030442,"MUCOPOLYSACCHARIDOSIS-PLUS SYNDROME, A RAPIDLY PROGRESSIVE DISEASE: FAVORABLE IMPACT OF A VERY PROLONGED STEROID TREATMENT ON THE CLINICAL COURSE IN A CHILD","Mucopolysaccharidosis-Plus Syndrome, a Rapidly Progressive Disease: Favorable Impact of a Very Prolonged Steroid Treatment on the Clinical Course in a Child",Faraguna; Musto; Crescitelli,Faraguna; Musto; Crescitelli; Iascone; Spaccini; Tonduti; Fedeli; Kullmann; Canonico; Cattoni; Dell’Acqua; Rizzari; Gasperini,2022,2022,100.0
same_work,punctuation,10.3390/genes13030442,MucopolysaccharidosisPlus Syndrome a Rapidly Progressive Disease Favorable Impact of a Very Prolonged Steroid Treatment on the Clinical Course in a Child,"Mucopolysaccharidosis-Plus Syndrome, a Rapidly Progressive Disease: Favorable Impact of a Very Prolonged Steroid Treatment on the Clinical Course in a Child",Faraguna; Musto; Crescitelli,Faraguna; Musto; Crescitelli; Iascone; Spaccini; Tonduti; Fedeli; Kullmann; Canonico; Cattoni; Dell’Acqua; Rizzari; Gasperini,2022,2022,99.66555183946488
same_work,opening_words,10.3390/genes13030442,"Mucopolysaccharidosis-Plus Syndrome, a Rapidly Progressive","Mucopolysaccharidosis-Plus Syndrome, a Rapidly Progressive Disease: Favorable Impact of a Very Prolonged Steroid Treatment on the Clinical Course in a Child",Faraguna; Musto; Crescitelli,Faraguna; Musto; Crescitelli; Iascone; Spaccini; Tonduti; Fedeli; Kullmann; Canonico; Cattoni; Dell’Acqua; Rizzari; Gasperini,2022,2022,100.0
same_work,compound,10.3390/genes13030442,MucopolysaccharidosisPlus Syndrome a Rapidyl Progressive Disease,"Mucopolysaccharidosis-Plus Syndrome, a Rapidly Progressive Disease: Favorable Impact of a Very Prolonged Steroid Treatment on the Clinical Course in a Child",Faraguna; Musto; Crescitelli,Faraguna; Musto; Crescitelli; Iascone; Spaccini; Tonduti; Fedeli; Kullmann; Canonico; Cattoni; Dell’Acqua; Rizzari; Gasperini,2022,2022,63.829787234042556
same_work,identity,10.3390/su122410314,Photocatalytic Destruction of Caffeine on Sepiolite-Supported TiO2 Nanocomposite,Photocatalytic Destruction of Caffeine on Sepiolite-Supported TiO2 Nanocomposite,Savun-Hekimoğlu; Eren; Ince,Savun-Hekimoğlu; Eren; Ince,2020,2020,100.0
same_work,truncate,10.3390/su122410314,Photocatalytic Destruction of Caffeine on,Photocatalytic Destruction of Caffeine on Sepiolite-Supported TiO2 Nanocomposite,Savun-Hekimoğlu; Eren; Ince,Savun-Hekimoğlu; Eren; Ince,2020,2020,100.0
same_work,typo,10.3390/su122410314,Photocatalytic Destruction of Caffeine on Sepiolite-uSpported TiO2 Nanocomposite,Photocatalytic Destruction of Caffeine on Sepiolite-Supported TiO2 Nanocomposite,Savun-Hekimoğlu; Eren; Ince,Savun-Hekimoğlu; Eren; Ince,2020,2020,98.75
same_work,case,10.3390/su122410314,photocatalytic destruction of caffeine on sepiolite-supported tio2 nanocomposite,Photocatalytic Destruction of Caffeine on Sepiolite-Supported TiO2 Nanocomposite,Savun-Hekimoğlu; Eren; Ince,Savun-Hekimoğlu; Eren; Ince,2020,2020,100.0
same_work,punctuation,10.3390/su122410314,Photocatalytic Destruction of Caffeine on SepioliteSupported TiO2 Nanocomposite,Photocatalytic Destruction of Caffeine on Sepiolite-Supported TiO2 Nanocomposite,Savun-Hekimoğlu; Eren; Ince,Savun-Hekimoğlu; Eren; Ince,2020,2020,99.37106918238993
same_work,compound,10.3390/su122410314,Photocatalytic Detsruction of Caffeine on,Photocatalytic Destruction of Caffeine on Sepiolite-Supported TiO2 Nanocomposite,Savun-Hekimoğlu; Eren; Ince,Savun-Hekimoğlu; Eren; Ince,2020,2020,82.85714285714286
same_work,identity,10.1002/bse.3751,Gender diversity and environmental activism: Gender discrimination or socialisation?,Gender diversity and environmental activism: Gender discrimination or socialisation?,Yu; Liu,Yu; Liu,2024,2024,100.0
same_work,drop_subtitle,10.1002/bse.3751,Gender diversity and environmental activism,Gender diversity and environmental activism: Gender discrimination or socialisation?,Yu; Liu,Yu; Liu,2024,2024,100.0
same_work,truncate,10.1002/bse.3751,Gender diversity and environmental activism: Gender,Gender diversity and environmental activism: Gender discrimination or socialisation?,Yu; Liu,Yu; Liu,2024,2024,100.0
same_work,typo,10.1002/bse.3751,Gender diversity and environmental activism: Gender disrcimination or socialisation?,Gender diversity and environmental activism: Gender discrimination or socialisation?,Yu; Liu,Yu; Liu,2024,2024,98.66666666666667
same_work,case,10.1002/bse.3751,GENDER DIVERSITY AND ENVIRONMENTAL ACTIVISM: GENDER DISCRIMINATION OR SOCIALISATION?,Gender diversity and environmental activism: Gender discrimination or socialisation?,Yu; Liu,Yu; Liu,2024,2024,100.0
same_work,punctuation,10.1002/bse.3751,Gender diversity and environmental activism Gender discrimination or socialisation,Gender diversity and environmental activism: Gender discrimination or socialisation?,Yu; Liu,Yu; Liu,2024,2024,100.0
same_work,opening_words,10.1002/bse.3751,Gender diversity and environmental activism:,Gender diversity and environmental activism: Gender discrimination or socialisation?,Yu; Liu,Yu; Liu,2024,2024,100.0
same_work,compound,10.1002/bse.3751,Gender diversity and envrionmental activism,Gender diversity and environmental activism: Gender discrimination or socialisation?,Yu; Liu,Yu; Liu,2024,2024,80.55555555555556
same_work,identity,10.54050/prj2122403,From paper to innovation: revolutionising technology with the ancient art of origami and kirigami,From paper to innovation: revolutionising technology with the ancient art of origami and kirigami,Misseroni,Misseroni,2024,2024,100.0
same_work,drop_subtitle,10.54050/prj2122403,From paper to innovation,From paper to innovation: revolutionising technology with the ancient art of origami and kirigami,Misseroni,Misseroni,2024,2024,100.0
same_work,truncate,10.54050/prj2122403,From paper to innovation: revolutionising technology with the ancient art,From paper to innovation: revolutionising technology with the ancient art of origami and kirigami,Misseroni,Misseroni,2024,2024,100.0
same_work,typo,10.54050/prj2122403,From paper to innovation: revolutionising technology with th eancient art of origami and kirigami,From paper to innovation: revolutionising technology with the ancient art of origami and kirigami,Misseroni,Misseroni,2024,2024,98.95833333333333
same_work,case,10.54050/prj2122403,FROM PAPER TO INNOVATION: REVOLUTIONISING TECHNOLOGY WITH THE ANCIENT ART OF ORIGAMI AND KIRIGAMI,From paper to innovation: revolutionising technology with the ancient art of origami and kirigami,Misseroni,Misseroni,2024,2024,100.0
same_work,punctuation,10.54050/prj2122403,From paper to innovation revolutionising technology with the ancient art of origami and kirigami,From paper to innovation: revolutionising technology with the ancient art of origami and kirigami,Misseroni,Misseroni,2024,2024,100.0
same_work,opening_words,10.54050/prj2122403,From paper to innovation: revolutionising,From paper to innovation: revolutionising technology with the ancient art of origami and kirigami,Misseroni,Misseroni,2024,2024,100.0
same_work,compound,10.54050/prj2122403,From paper t oinnovation,From paper to innovation: revolutionising technology with the ancient art of origami and kirigami,Misseroni,Misseroni,2024,2024,58.8235294117647
same_work,identity,10.62872/h7tzxj20,The Effect of Tourism Revenue on Community Welfare through Economic Growth,The Effect of Tourism Revenue on Community Welfare through Economic Growth,Prestiantika; Sishadiyati,Prestiantika; Sishadiyati,2024,2024,100.0
same_work,truncate,10.62872/h7tzxj20,The Effect of Tourism Revenue on Community,The Effect of Tourism Revenue on Community Welfare through Economic Growth,Prestiantika; Sishadiyati,Prestiantika; Sishadiyati,2024,2024,100.0
same_work,typo,10.62872/h7tzxj20,The Effect of Tourism Revenue on Community Welfare through Eocnomic Growth,The Effect of Tourism Revenue on Community Welfare through Economic Growth,Prestiantika; Sishadiyati,Prestiantika; Sishadiyati,2024,2024,98.64864864864865
same_work,case,10.62872/h7tzxj20,the effect of tourism revenue on community welfare through economic growth,The Effect of Tourism Revenue on Community Welfare through Economic Growth,Prestiantika; Sishadiyati,Prestiantika; Sishadiyati,2024,2024,100.0
same_work,opening_words,10.62872/h7tzxj20,The Effect of Tourism,The Effect of Tourism Revenue on Community Welfare through Economic Growth,Prestiantika; Sishadiyati,Prestiantika; Sishadiyati,2024,2024,100.0
same_work,compound,10.62872/h7tzxj20,The Effect of Tourims Revenue on Community,The Effect of Tourism Revenue on Community Welfare through Economic Growth,Prestiantika; Sishadiyati,Prestiantika; Sishadiyati,2024,2024,89.47368421052632
same_work,identity,10.1007/s10546-022-00738-1,Numerical Simulations of Boundary-Layer Airflow Over Pitched-Roof Buildings,Numerical Simulations of Boundary-Layer Airflow Over Pitched-Roof Buildings,Coburn; Xie; Herring,Coburn; Xie; Herring,2022,2022,100.0
same_work,truncate,10.1007/s10546-022-00738-1,Numerical Simulations of Boundary-Layer Airflow Over,Numerical Simulations of Boundary-Layer Airflow Over Pitched-Roof Buildings,Coburn; Xie; Herring,Coburn; Xie; Herring,2022,2022,100.0
same_work,typo,10.1007/s10546-022-00738-1,Numerical Simulatinos of Boundary-Layer Airflow Over Pitched-Roof Buildings,Numerical Simulations of Boundary-Layer Airflow Over Pitched-Roof Buildings,Coburn; Xie; Herring,Coburn; Xie; Herring,2022,2022,98.66666666666667
same_work,case,10.1007/s10546-022-00738-1,numerical simulations of boundary-layer airflow over pitched-roof buildings,Numerical Simulations of Boundary-Layer Airflow Over Pitched-Roof Buildings,Coburn; Xie; Herring,Coburn; Xie; Herring,2022,2022,100.0
same_work,punctuation,10.1007/s10546-022-00738-1,Numerical Simulations of BoundaryLayer Airflow Over PitchedRoof Buildings,Numerical Simulations of Boundary-Layer Airflow Over Pitched-Roof Buildings,Coburn; Xie; Herring,Coburn; Xie; Herring,2022,2022,98.64864864864865
same_work,compound,10.1007/s10546-022-00738-1,Numerical iSmulations of BoundaryLayer Airflow,Numerical Simulations of Boundary-Layer Airflow Over Pitched-Roof Buildings,Coburn; Xie; Herring,Coburn; Xie; Herring,2022,2022,76.03305785123968
same_work,identity,10.3389/fmars.2022.1065717,In silico characterization of Cnidarian’s antimicrobial peptides,In silico characterization of Cnidarian’s antimicrobial peptides,Leal; Múnera; Suescún-Bolívar,Leal; Múnera; Suescún-Bolívar,2022,2022,100.0
same_work,typo,10.3389/fmars.2022.1065717,In silico characterization of Cnidarian’s antimicrobial ppetides,In silico characterization of Cnidarian’s antimicrobial peptides,Leal; Múnera; Suescún-Bolívar,Leal; Múnera; Suescún-Bolívar,2022,2022,98.4375
same_work,case,10.3389/fmars.2022.1065717,in silico characterization of cnidarian’s antimicrobial peptides,In silico characterization of Cnidarian’s antimicrobial peptides,Leal; Múnera; Suescún-Bolívar,Leal; Múnera; Suescún-Bolívar,2022,2022,100.0
same_work,punctuation,10.3389/fmars.2022.1065717,In silico characterization of Cnidarians antimicrobial peptides,In silico characterization of Cnidarian’s antimicrobial peptides,Leal; Múnera; Suescún-Bolívar,Leal; Múnera; Suescún-Bolívar,2022,2022,99.21259842519684
same_work,compound,10.3389/fmars.2022.1065717,In silico characterization of Cnidarians antimcirobial peptides,In silico characterization of Cnidarian’s antimicrobial peptides,Leal; Múnera; Suescún-Bolívar,Leal; Múnera; Suescún-Bolívar,2022,2022,97.63779527559055
same_work,identity,10.6017/lv.v11i1.13073,The Female Standard:,The Female Standard:,Laura Tringali Sobieski,Laura Tringali Sobieski,2020,2020,100.0
same_work,typo,10.6017/lv.v11i1.13073,The Female Stadnard:,The Female Standard:,Laura Tringali Sobieski,Laura Tringali Sobieski,2020,2020,94.73684210526315
same_work,case,10.6017/lv.v11i1.13073,the female standard:,The Female Standard:,Laura Tringali Sobieski,Laura Tringali Sobieski,2020,2020,100.0
same_work,punctuation,10.6017/lv.v11i1.13073,The Female Standard,The Female Standard:,Laura Tringali Sobieski,Laura Tringali Sobieski,2020,2020,100.0
same_work,compound,10.6017/lv.v11i1.13073,The Fmeale Standard,The Female Standard:,Laura Tringali Sobieski,Laura Tringali Sobieski,2020,2020,94.73684210526315
same_work,identity,10.46368/jpjkr.v10i1.903,PENGARUH LATIHAN TARGET TERHADAP AKURASI SHOOTING FUTSAL PADA MAHASISWI PENDIDIKAN JASMANI UNTAN,PENGARUH LATIHAN TARGET TERHADAP AKURASI SHOOTING FUTSAL PADA MAHASISWI PENDIDIKAN JASMANI UNTAN,Meldayani; Triansyah; Bafadal,Meldayani; Triansyah; Bafadal; Haetami; Ali,2023,2023,100.0
same_work,truncate,10.46368/jpjkr.v10i1.903,PENGARUH LATIHAN TARGET TERHADAP AKURASI SHOOTING FUTSAL PADA,PENGARUH LATIHAN TARGET TERHADAP AKURASI SHOOTING FUTSAL PADA MAHASISWI PENDIDIKAN JASMANI UNTAN,Meldayani; Triansyah; Bafadal,Meldayani; Triansyah; Bafadal; Haetami; Ali,2023,2023,100.0
same_work,typo,10.46368/jpjkr.v10i1.903,PENGARUH LATIHAN TARGET TERHADAP AKURASI SHOOTING FUSTAL PADA MAHASISWI PENDIDIKAN JASMANI UNTAN,PENGARUH LATIHAN TARGET TERHADAP AKURASI SHOOTING FUTSAL PADA MAHASISWI PENDIDIKAN JASMANI UNTAN,Meldayani; Triansyah; Bafadal,Meldayani; Triansyah; Bafadal; Haetami; Ali,2023,2023,98.95833333333333
same_work,case,10.46368/jpjkr.v10i1.903,PENGARUH LATIHAN TARGET TERHADAP AKURASI SHOOTING FUTSAL PADA MAHASISWI PENDIDIKAN JASMANI UNTAN,PENGARUH LATIHAN TARGET TERHADAP AKURASI SHOOTING FUTSAL PADA MAHASISWI PENDIDIKAN JASMANI UNTAN,Meldayani; Triansyah; Bafadal,Meldayani; Triansyah; Bafadal; Haetami; Ali,2023,2023,100.0
same_work,opening_words,10.46368/jpjkr.v10i1.903,PENGARUH LATIHAN TARGET TERHADAP,PENGARUH LATIHAN TARGET TERHADAP AKURASI SHOOTING FUTSAL PADA MAHASISWI PENDIDIKAN JASMANI UNTAN,Meldayani; Triansyah; Bafadal,Meldayani; Triansyah; Bafadal; Haetami; Ali,2023,2023,100.0
same_work,compound,10.46368/jpjkr.v10i1.903,PENAGRUH LATIHAN TARGET TERHADAP AKURASI SHOOTING FUTSAL PADA MAHASISWI,PENGARUH LATIHAN TARGET TERHADAP AKURASI SHOOTING FUTSAL PADA MAHASISWI PENDIDIKAN JASMANI UNTAN,Meldayani; Triansyah; Bafadal,Meldayani; Triansyah; Bafadal; Haetami; Ali,2023,2023,93.23308270676692
same_work,identity,10.5194/gc-4-111-2021,Using geosciences and mythology to locate Prospero's island,Using geosciences and mythology to locate Prospero's island,Lanza,Lanza,2021,2021,100.0
same_work,truncate,10.5194/gc-4-111-2021,Using geosciences and mythology to,Using geosciences and mythology to locate Prospero's island,Lanza,Lanza,2021,2021,100.0
same_work,typo,10.5194/gc-4-111-2021,Using geoscineces and mythology to locate Prospero's island,Using geosciences and mythology to locate Prospero's island,Lanza,Lanza,2021,2021,98.30508474576271
same_work,case,10.5194/gc-4-111-2021,using geosciences and mythology to locate prospero's island,Using geosciences and mythology to locate Prospero's island,Lanza,Lanza,2021,2021,100.0
same_work,punctuation,10.5194/gc-4-111-2021,Using geosciences and mythology to locate Prosperos island,Using geosciences and mythology to locate Prospero's island,Lanza,Lanza,2021,2021,99.14529914529915
same_work,compound,10.5194/gc-4-111-2021,Using geosicences and mythology to,Using geosciences and mythology to locate Prospero's island,Lanza,Lanza,2021,2021,78.57142857142857
different_work,nearest_title,10.1158/1055-9965.gwas-78,On the aeroacoustic tonal noise generation mechanism of a sharp-edged plate,Abstract 78: Genetic Associations and Mechanisms in Oncology (GAME-ON): A network approach to post-GWAS research.,Moreau; Brooks; Doolan,Kaminski; Amos; DeRycke; Gillanders; Gruber; Henderson; Hunter; Lepage; Sellers; Seminara,2011,2012,54.6448087431694
different_work,nearest_title,10.1158/1055-9965.gwas-78,R2P and the Prevention of Mass Atrocities: A Child-Centric Approach,Abstract 78: Genetic Associations and Mechanisms in Oncology (GAME-ON): A network approach to post-GWAS research.,Jacob,Kaminski; Amos; DeRycke; Gillanders; Gruber; Henderson; Hunter; Lepage; Sellers; Seminara,2018,2012,54.02298850574713
different_work,nearest_title,10.1158/1055-9965.gwas-78,Failure to Lyse Venous Thrombi Because of Elevated Plasminogen Activator Inhibitor 1 (PAI-1) and 4G Polymorphism of Its Promotor Genome (The PAI-1/4G Syndrome),Abstract 78: Genetic Associations and Mechanisms in Oncology (GAME-ON): A network approach to post-GWAS research.,Bern; McCarthy,Kaminski; Amos; DeRycke; Gillanders; Gruber; Henderson; Hunter; Lepage; Sellers; Seminara,2010,2012,42.570281124497996
different_work,nearest_title,10.19094/contextus.v11i1.32159,Representaciones sociales: el significado de la educación física para los estudiantes de esa disciplina,Responsabilidade social e estratégia em instituições financeiras públicas e privadas,Caniuqueo Vargas; Hernández-Mosqueira; Troyano Agredo,Carvalho De Benedicto; Stieg; Rodrigues de Lames; Filho,2018,2013,47.51381215469613
different_work,nearest_title,10.19094/contextus.v11i1.32159,Validation of a brief form of the Perceived Neighborhood Social Cohesion questionnaire,Responsabilidade social e estratégia em instituições financeiras públicas e privadas,Dupuis; Baggio; Gmel,Carvalho De Benedicto; Stieg; Rodrigues de Lames; Filho,2016,2013,47.27272727272727
different_work,random_title,10.19094/contextus.v11i1.32159,Brain Microstructure Reveals Early Abnormalities more than Two Years prior to Clinical Progression from Mild Cognitive Impairment to Alzheimer's Disease,Responsabilidade social e estratégia em instituições financeiras públicas e privadas,Douaud; Menke; Gass,Carvalho De Benedicto; Stieg; Rodrigues de Lames; Filho,2013,2013,38.095238095238095
different_work,nearest_title,10.1111/lnc3.12068,Brief report: The association between adolescents' characteristics and engagement in sexting,Waves Across the Himalayas: On the Typological Characteristics and History of the Bodic Subfamily of Tibeto‐Burman,Van Ouytsel; Van Gool; Ponnet,Hyslop,2014,2014,51.041666666666664
different_work,nearest_title,10.1111/lnc3.12068,An Analysis of the Last 1000 Years Human Diet on Tutuila (American Samoa) Using Carbon and Nitrogen Stable Isotope Data,Waves Across the Himalayas: On the Typological Characteristics and History of the Bodic Subfamily of Tibeto‐Burman,Valentin; Herrscher; Petchey,Hyslop,2011,2014,50.22831050228311
different_work,nearest_title,10.1111/lnc3.12068,A Possible Role of Pulegone against Glypican-1 for the Treatment of Alzheimer’s Disease through In-Silico Approach,Waves Across the Himalayas: On the Typological Characteristics and History of the Bodic Subfamily of Tibeto‐Burman,Kaushik,Hyslop,2021,2014,42.25352112676056
different_work,nearest_title,10.1158/0008-5472.can-10-2720,SLAM-associated protein (SAP)-deficiency impedes the function of T follicular helper cells in germinal center formation (99.3),Downregulation of c-MYC Protein Levels Contributes to Cancer Cell Survival under Dual Deficiency of Oxygen and Glucose,Lu; Cannons; Kanno,Okuyama; Endo; Akashika; Kato; Inoue,2010,2010,57.38396624472574
different_work,nearest_title,10.1158/0008-5472.can-10-2720,Considerations on Kinematics and Dynamics of Gravitational Separators with Non-Balanced Eccentric Masses Used for Cereal Seeds Cleaning,Downregulation of c-MYC Protein Levels Contributes to Cancer Cell Survival under Dual Deficiency of Oxygen and Glucose,Bracacescu; Pirna; Popescu,Okuyama; Endo; Akashika; Kato; Inoue,2013,2010,49.6
different_work,random_title,10.1158/0008-5472.can-10-2720,"Un réseau de transport pour désenclaver le quartier, à Aubenas",Downregulation of c-MYC Protein Levels Contributes to Cancer Cell Survival under Dual Deficiency of Oxygen and Glucose,Deleuze,Okuyama; Endo; Akashika; Kato; Inoue,2013,2010,37.5
different_work,nearest_title,10.1002/pola.24101,Use of Luminex xMAP bead-based suspension array for detecting microRNA in NSCLC tissues and its clinical application,"Synthesis and characterization of indenofluorene‐based copolymers containing 2,5‐bis(2‐thienyl)‐<i>N</i>‐arylpyrrole for bulk heterojunction solar cells and polymer light‐emitting diodes",Wang; Shi; Wu,Tamilavan; Sakthivel; Li; Song; Kim; Jin; Hyun,2012,2010,47.58620689655172
different_work,nearest_title,10.1002/pola.24101,SLAM-associated protein (SAP)-deficiency impedes the function of T follicular helper cells in germinal center formation (99.3),"Synthesis and characterization of indenofluorene‐based copolymers containing 2,5‐bis(2‐thienyl)‐<i>N</i>‐arylpyrrole for bulk heterojunction solar cells and polymer light‐emitting diodes",Lu; Cannons; Kanno,Tamilavan; Sakthivel; Li; Song; Kim; Jin; Hyun,2010,2010,47.2972972972973
different_work,nearest_title,10.1002/pola.24101,Activation of G‐protein‐coupled estrogen receptor (GPER) inhibits coronary artery smooth muscle cell proliferation,"Synthesis and characterization of indenofluorene‐based copolymers containing 2,5‐bis(2‐thienyl)‐<i>N</i>‐arylpyrrole for bulk heterojunction solar cells and polymer light‐emitting diodes",Li; Wang; Zhou,Tamilavan; Sakthivel; Li; Song; Kim; Jin; Hyun,2012,2010,40.55944055944056
different_work,nearest_title,10.1149/ma2012-02/20/2113,Transient Charging Characteristics in Surface Flashover Development Process due to Explosive Electron Emission in Vacuum,Potential Measurement of High Corrosion Resistance Metals Surface in Atmospheric Environment,Nakano; Kojima; Tsuchiya,Hirohata; Noda; Katayama; Masuda,2015,2012,52.63157894736842
different_work,nearest_title,10.1149/ma2012-02/20/2113,The Influence of Plastic Deformation on the Corrosion Behavior of a Cast High‐Alloy CrMnNi TRIP Steel,Potential Measurement of High Corrosion Resistance Metals Surface in Atmospheric Environment,Mandel; Böhme; Hauser,Hirohata; Noda; Katayama; Masuda,2016,2012,51.61290322580645
different_work,nearest_title,10.1149/ma2012-02/20/2113,Information overload in the context of apparel,Potential Measurement of High Corrosion Resistance Metals Surface in Atmospheric Environment,Stanton; Paolo,Hirohata; Noda; Katayama; Masuda,2012,2012,40.57971014492754
different_work,nearest_title,10.7771/1559-1786.1436,A new material classification of lossy metamaterials,Making Classrooms Culturally Sensitive,Lee; Park,Morris; Mims,2010,2012,44.44444444444444
different_work,nearest_title,10.7771/1559-1786.1436,Real urban images: policy and culture in northern Britain,Making Classrooms Culturally Sensitive,Wharton; Fenwick,Morris; Mims,2012,2012,40.42553191489362
different_work,random_title,10.7771/1559-1786.1436,"Da aquisição da imagem corporal: o papel docente junto a prática física, educativa, pedagógica e corporal em adolescentes",Making Classrooms Culturally Sensitive,Rodrigues; Capelletti,Morris; Mims,2014,2012,27.77777777777777
different_work,nearest_title,10.1149/ma2011-01/11/549,Projection-Based Finite Elements for Nonlinear Function Spaces,New Protonic Membranes Based on Sulfonated Polyethersulfone,Grohs; Hardering; Sander,Fauvarque; Palissat; Lepinasse; Sollogoub; Mabrouk; Ogier; Vidal,2019,2011,52.892561983471076
different_work,nearest_title,10.1149/ma2011-01/11/549,The Body Voyage as Visual Representation and Art Performance,New Protonic Membranes Based on Sulfonated Polyethersulfone,Olsn,Fauvarque; Palissat; Lepinasse; Sollogoub; Mabrouk; Ogier; Vidal,2011,2011,48.739495798319325
different_work,nearest_title,10.1149/ma2011-01/11/549,Investigation on Tensile Properties of Weft Insertion Warp Knitted Fabric Reinforced Composites,New Protonic Membranes Based on Sulfonated Polyethersulfone,Qin; Ma,Fauvarque; Palissat; Lepinasse; Sollogoub; Mabrouk; Ogier; Vidal,2013,2011,40.25974025974026
different_work,nearest_title,10.1163/182539111x569838,A Gas-Turbine with Approximate General Carnot Cycle and Its Performance Prediction,The Body Voyage as Visual Representation and Art Performance,Li; Zhang; Li,Olsn,2014,2011,52.11267605633803
different_work,nearest_title,10.1163/182539111x569838,Virtual testing for the prediction of damping in joints,The Body Voyage as Visual Representation and Art Performance,Caignot; Ladevèze; Néron,Olsn,2010,2011,50.43478260869565
different_work,random_title,10.1163/182539111x569838,Molecular screening programs in different countries: what we learned and perspectives,The Body Voyage as Visual Representation and Art Performance,Borcoman; Le Tourneau; Kamal,Olsn,2019,2011,38.888888888888886
different_work,nearest_title,10.1177/1076029610361334,Lanosterol Synthase Gene Polymorphisms and Changes in Endogenous Ouabain in the Response to Low Sodium Intake,Failure to Lyse Venous Thrombi Because of Elevated Plasminogen Activator Inhibitor 1 (PAI-1) and 4G Polymorphism of Its Promotor Genome (The PAI-1/4G Syndrome),Lanzani; Gatti; Citterio,Bern; McCarthy,2016,2010,52.63157894736842
different_work,nearest_title,10.1177/1076029610361334,Genital endometriosis and melatonin: a role in the pathogenesis and its possible use in the treatment of the disease,Failure to Lyse Venous Thrombi Because of Elevated Plasminogen Activator Inhibitor 1 (PAI-1) and 4G Polymorphism of Its Promotor Genome (The PAI-1/4G Syndrome),Yarmolinskaya; Tkhazaplizheva; Molotkov,Bern; McCarthy,2019,2010,50.62240663900415
different_work,nearest_title,10.1177/1076029610361334,A multi‐center study on the surgical management of metastatic disease to adrenal glands,Failure to Lyse Venous Thrombi Because of Elevated Plasminogen Activator Inhibitor 1 (PAI-1) and 4G Polymorphism of Its Promotor Genome (The PAI-1/4G Syndrome),Valeri; Bergamini; Tozzi,Bern; McCarthy,2010,2010,43.85964912280702
different_work,nearest_title,10.1142/s0218271814430081,Effect of Intense Laser Field in Gaussian Quantum Well With Position‐Dependent Effective Mass,Effective field theory approach to modified gravity including Horndeski theory and Hořava–Lifshitz gravity,Sari; Kasapoglu; Sakiroglu,Kase; Tsujikawa,2019,2014,47.82608695652174
different_work,nearest_title,10.1142/s0218271814430081,Approaches to high-density storage experiments with in-situ production and detection of ultracold neutrons,Effective field theory approach to modified gravity including Horndeski theory and Hořava–Lifshitz gravity,Degenkolb; Fierlinger; Zimmer,Kase; Tsujikawa,2023,2014,47.71573604060914
different_work,random_title,10.1142/s0218271814430081,Peranan Ultrasonografi Toraks dalam Menegakkan Diagnosis Beberapa Kelainan pada Paru,Effective field theory approach to modified gravity including Horndeski theory and Hořava–Lifshitz gravity,Winaya; Koesoemoprodjo,Kase; Tsujikawa,2019,2014,32.0
different_work,nearest_title,10.1152/advan.00008.2011,A multi‐center study on the surgical management of metastatic disease to adrenal glands,Integrating an open-source course management system (Moodle) into the teaching of a first-year medical physiology course: a case study,Valeri; Bergamini; Tozzi,Seluakumaran; Jusof; Ismail; Husain,2010,2011,54.54545454545455
different_work,nearest_title,10.1152/advan.00008.2011,Taking the Awful Out of the German Language: A Study of a New Way to Teach German Gender and Plural Assignment,Integrating an open-source course management system (Moodle) into the teaching of a first-year medical physiology course: a case study,Kraiss,Seluakumaran; Jusof; Ismail; Husain,2014,2011,52.093023255813954
different_work,nearest_title,10.1152/advan.00008.2011,Assessment of Thermal Stresses in Asphalt Mixtures at Low Temperatures Using the Tensile Creep Test and the Bending Beam Creep Test,Integrating an open-source course management system (Moodle) into the teaching of a first-year medical physiology course: a case study,Pszczola; Jaczewski; Szydlowski,Seluakumaran; Jusof; Ismail; Husain,2019,2011,46.21848739495798
different_work,nearest_title,10.1111/j.1365-3040.2011.02311.x,Ocean-based Climate Action and Human Rights Implications under the International Climate Change Regime,Nitrate uptake along the maize primary root: an integrated physiological and molecular approach,Morgera; Lennan; Kulovesi,SORGONÀ; LUPINI; MERCATI; DI DIO; SUNSERI; ABENAVOLI,2023,2011,54.255319148936174
different_work,nearest_title,10.1111/j.1365-3040.2011.02311.x,R2P and the Prevention of Mass Atrocities: A Child-Centric Approach,Nitrate uptake along the maize primary root: an integrated physiological and molecular approach,Jacob,SORGONÀ; LUPINI; MERCATI; DI DIO; SUNSERI; ABENAVOLI,2018,2011,52.5
different_work,nearest_title,10.1111/j.1365-3040.2011.02311.x,Silver ion binding to the organophosphorus pesticide diazinon and hydrolytic pathways revealed by mass spectrometric and NMR studies,Nitrate uptake along the maize primary root: an integrated physiological and molecular approach,Wyer; vanLoon; Dust,SORGONÀ; LUPINI; MERCATI; DI DIO; SUNSERI; ABENAVOLI,2015,2011,43.24324324324324
different_work,nearest_title,10.1096/fasebj.25.1_supplement.lb455,Structural and interactional aspects of adverbial sentences in English mother-child interactions: an analysis of two dense corpora,Effects of phosphorylation at Tyr‐659 in endothelial nitric oxide synthase on its interaction with calmodulin and catalytic activity,DE RUITER; LEMEN; LIEVEN,Tran; Persechini; Giles,2021,2011,52.713178294573645
different_work,nearest_title,10.1096/fasebj.25.1_supplement.lb455,Skipping Breakfast and a Meal at School: Its Correlates in Adiposity Context. Report from the ABC of Healthy Eating Study of Polish Teenagers,Effects of phosphorylation at Tyr‐659 in endothelial nitric oxide synthase on its interaction with calmodulin and catalytic activity,Wadolowska; Hamulka; Kowalkowska,Tran; Persechini; Giles,2019,2011,50.74626865671642
different_work,nearest_title,10.1096/fasebj.25.1_supplement.lb455,"A Suggested New Bacteriophage Genus, “Kp34likevirus”,  within the Autographivirinae Subfamily of Podoviridae",Effects of phosphorylation at Tyr‐659 in endothelial nitric oxide synthase on its interaction with calmodulin and catalytic activity,Eriksson; Maciejewska; Latka,Tran; Persechini; Giles,2015,2011,41.702127659574465
different_work,nearest_title,10.4028/www.scientific.net/amm.430.165,Climbing fiber‐evoked Purkinje cell discharge reduces expression of GABA<scp>a</scp> receptor‐associated protein and decreases its interaction with GABA<scp>a</scp> receptors,Considerations on Kinematics and Dynamics of Gravitational Separators with Non-Balanced Eccentric Masses Used for Cereal Seeds Cleaning,Qian; Yakhnitsa; Barmack,Bracacescu; Pirna; Popescu,2011,2013,53.84615384615385
different_work,nearest_title,10.4028/www.scientific.net/amm.430.165,Structural and interactional aspects of adverbial sentences in English mother-child interactions: an analysis of two dense corpora,Considerations on Kinematics and Dynamics of Gravitational Separators with Non-Balanced Eccentric Masses Used for Cereal Seeds Cleaning,DE RUITER; LEMEN; LIEVEN,Bracacescu; Pirna; Popescu,2021,2013,50.57471264367816
different_work,nearest_title,10.4028/www.scientific.net/amm.430.165,Electrical transport and optical band gap of NiFe2Ox thin films,Considerations on Kinematics and Dynamics of Gravitational Separators with Non-Balanced Eccentric Masses Used for Cereal Seeds Cleaning,Bougiatioti; Manos; Klewe,Bracacescu; Pirna; Popescu,2017,2013,43.43434343434343
different_work,nearest_title,10.1158/1940-6207.capr-13-0299,Improvement of performance and sensitivity of 2D and 3D image reconstruction in EIT using EFG forward model,eRapa Restores a Normal Life Span in a FAP Mouse Model,Hadinia; Jafari,Hasty; Livi; Dodds; Jones; Strong; Javors; Fischer; Sloane; Murthy; Hubbard; Sun; Hurez; Curiel; Sharp,2022,2014,50.0
different_work,nearest_title,10.1158/1940-6207.capr-13-0299,Evaluation of Neuroprotective Effects of Local Hypothermia in a Porcine Spinal Cord Injury Model,eRapa Restores a Normal Life Span in a FAP Mouse Model,Šulla; Papcúnová; Závodská,Hasty; Livi; Dodds; Jones; Strong; Javors; Fischer; Sloane; Murthy; Hubbard; Sun; Hurez; Curiel; Sharp,2024,2014,49.6551724137931
different_work,nearest_title,10.1158/1940-6207.capr-13-0299,The Body Voyage as Visual Representation and Art Performance,eRapa Restores a Normal Life Span in a FAP Mouse Model,Olsn,Hasty; Livi; Dodds; Jones; Strong; Javors; Fischer; Sloane; Murthy; Hubbard; Sun; Hurez; Curiel; Sharp,2011,2014,42.857142857142854
different_work,nearest_title,10.1111/cbdd.12453,In silico characterization of Cnidarian’s antimicrobial peptides,"Novel Peptidomimetics for Inhibition of
                    <scp>HER</scp>
                    2:
                    <scp>HER</scp>
                    3 Heterodimerization in
                    <scp>HER</scp>
                    2‐Positive Breast Cancer",Leal; Múnera; Suescún-Bolívar,Kanthala; Banappagari; Gokhale; Liu; Xin; Zhao; Jois,2022,2014,53.75
different_work,nearest_title,10.1111/cbdd.12453,Development of a Novel Solvent-Based Formulation for Pesticides That Are Prone to Crystallization,"Novel Peptidomimetics for Inhibition of
                    <scp>HER</scp>
                    2:
                    <scp>HER</scp>
                    3 Heterodimerization in
                    <scp>HER</scp>
                    2‐Positive Breast Cancer",Leming; Moreno; Paganini,Kanthala; Banappagari; Gokhale; Liu; Xin; Zhao; Jois,2010,2014,52.84974093264249
different_work,random_title,10.1111/cbdd.12453,Erste Schritte zu Smartphone-basierten Sportinterventionen im                Alltag?,"Novel Peptidomimetics for Inhibition of
                    <scp>HER</scp>
                    2:
                    <scp>HER</scp>
                    3 Heterodimerization in
                    <scp>HER</scp>
                    2‐Positive Breast Cancer",Reichert; Kapteinat; Lauvai,Kanthala; Banappagari; Gokhale; Liu; Xin; Zhao; Jois,2018,2014,37.80487804878049
different_work,nearest_title,10.1137/100790537,Analyzer for measuring gas contained in the pore space of rocks,Black-Box Constructions of Protocols for Secure Computation,Kudasik; Skoczylas,Haitner; Ishai; Kushilevitz; Lindell; Petrank,2017,2011,50.81967213114754
different_work,nearest_title,10.1137/100790537,Fluoride content of common legume beans consumed in Ethiopia,Black-Box Constructions of Protocols for Secure Computation,Lemma; Singh Chandravanshi; Chebude,Haitner; Ishai; Kushilevitz; Lindell; Petrank,2023,2011,50.42016806722689
different_work,random_title,10.1137/100790537,Individualized and Depoliticized: A Study of Chinese Blogosphere in Singapore,Black-Box Constructions of Protocols for Secure Computation,Soon; Sim,Haitner; Ishai; Kushilevitz; Lindell; Petrank,2015,2011,37.03703703703704
different_work,nearest_title,10.1136/jcp.2010.079707,Brief report: The association between adolescents' characteristics and engagement in sexting,Relation between coagulation/fibrinolysis and lactate in the course of human septic shock,Van Ouytsel; Van Gool; Ponnet,Hartemink; Hack; Groeneveld,2014,2010,53.63128491620112
different_work,nearest_title,10.1136/jcp.2010.079707,Duration of Membership at Sports Centers and Reasons for Quitting,Relation between coagulation/fibrinolysis and lactate in the course of human septic shock,Nuviala; Grao-Cruces; Teva-Villén,Hartemink; Hack; Groeneveld,2013,2010,53.246753246753244
different_work,nearest_title,10.1136/jcp.2010.079707,An Automatic Testing System Design for Accelerometer Based on LabVIEW,Relation between coagulation/fibrinolysis and lactate in the course of human septic shock,Zhang; Zhang; Gao,Hartemink; Hack; Groeneveld,2013,2010,40.50632911392405
different_work,nearest_title,10.1111/j.1365-2036.2010.04241.x,A multi‐center study on the surgical management of metastatic disease to adrenal glands,Review article: the modern management of autoimmune hepatitis,Valeri; Bergamini; Tozzi,YEOMAN; LONGHI; HENEGHAN,2010,2010,53.06122448979592
different_work,nearest_title,10.1111/j.1365-2036.2010.04241.x,R2P and the Prevention of Mass Atrocities: A Child-Centric Approach,Review article: the modern management of autoimmune hepatitis,Jacob,YEOMAN; LONGHI; HENEGHAN,2018,2010,50.79365079365079
different_work,nearest_title,10.1111/j.1365-2036.2010.04241.x,"Species of Cerambycinae (Insecta, Coleoptera, Cerambycidae) from east Paraná State (Brazil), with new geographic records",Review article: the modern management of autoimmune hepatitis,BARROS; FONSECA; JARDIM,YEOMAN; LONGHI; HENEGHAN,2020,2010,40.46242774566474
different_work,nearest_title,10.1002/cncr.27444,Genital endometriosis and melatonin: a role in the pathogenesis and its possible use in the treatment of the disease,Correlation of drug‐induced apoptosis assay results with oncologist treatment decisions and patient response and survival,Yarmolinskaya; Tkhazaplizheva; Molotkov,Bosserman; Rajurkar; Rogers; Davidson; Chernick; Hallquist; Malouf; Presant,2019,2012,54.3778801843318
different_work,nearest_title,10.1002/cncr.27444,Approaches to high-density storage experiments with in-situ production and detection of ultracold neutrons,Correlation of drug‐induced apoptosis assay results with oncologist treatment decisions and patient response and survival,Degenkolb; Fierlinger; Zimmer,Bosserman; Rajurkar; Rogers; Davidson; Chernick; Hallquist; Malouf; Presant,2023,2012,52.01793721973094
different_work,random_title,10.1002/cncr.27444,The Effect of Tourism Revenue on Community Welfare through Economic Growth,Correlation of drug‐induced apoptosis assay results with oncologist treatment decisions and patient response and survival,Prestiantika; Sishadiyati,Bosserman; Rajurkar; Rogers; Davidson; Chernick; Hallquist; Malouf; Presant,2024,2012,36.64921465968586
different_work,nearest_title,10.1246/cl.2010.1118,On the aeroacoustic tonal noise generation mechanism of a sharp-edged plate,Overview of the Mechanistic Work on the Concerted Metallation–Deprotonation Pathway,Moreau; Brooks; Doolan,Lapointe; Fagnou,2011,2010,59.74025974025974
different_work,nearest_title,10.1246/cl.2010.1118,Research on Evaluation of the City Environmental Pollution Based on Support Vector Machine,Overview of the Mechanistic Work on the Concerted Metallation–Deprotonation Pathway,Zhang; Yang,Lapointe; Fagnou,2014,2010,51.80722891566265
different_work,nearest_title,10.1246/cl.2010.1118,Comparison of the ITS Sequences of 5 Common &lt;i&gt;Potentilla&lt;/i&gt; Species in Jilin Province of China,Overview of the Mechanistic Work on the Concerted Metallation–Deprotonation Pathway,Zhang; Liu; Wang,Lapointe; Fagnou,2012,2010,42.35294117647059
different_work,nearest_title,10.14419/ijbr.v2i2.2537,Estimation of Changes in Mechanical and Color Properties from the Weight Loss Data of “Shine Muscat” Fruit during Storage,"Molecular identification and amylolytic potential  of a thermophilic bacteria species from  refuse dump in Ile-Ife, Nigeria",Watanabe; Nakamura; Ota,Omoboye; Bakare; Adewale; Oyedeji,2018,2014,55.08474576271186
different_work,nearest_title,10.14419/ijbr.v2i2.2537,Early Forest Fire Identification Algorithm of Infrared Thermal Imager,"Molecular identification and amylolytic potential  of a thermophilic bacteria species from  refuse dump in Ile-Ife, Nigeria",Li; Zhou; Li,Omoboye; Bakare; Adewale; Oyedeji,2012,2014,52.91005291005291
different_work,random_title,10.14419/ijbr.v2i2.2537,Se intenta transitar desde una reflexión sobre la técnica hacia una concepción,"Molecular identification and amylolytic potential  of a thermophilic bacteria species from  refuse dump in Ile-Ife, Nigeria",Díaz Carvajal,Omoboye; Bakare; Adewale; Oyedeji,2013,2014,39.175257731958766
different_work,nearest_title,10.20396/conex.v12i1.2179,A Teoria da Complexidade de Edgar Morin e o Ensino de Ciência e Tecnologia,"Da aquisição da imagem corporal: o papel docente junto a prática física, educativa, pedagógica e corporal em adolescentes",Salles; Matos,Rodrigues; Capelletti,2017,2014,50.285714285714285
different_work,nearest_title,10.20396/conex.v12i1.2179,"Renovação dos programas de ensino de aritmética da escola primária em São Paulo e no Paraná, nos anos de 1930: um estudo histórico comparativo","Da aquisição da imagem corporal: o papel docente junto a prática física, educativa, pedagógica e corporal em adolescentes",Pinto,Rodrigues; Capelletti,2014,2014,50.0
different_work,random_title,10.20396/conex.v12i1.2179,Non-contact elasticity contrast imaging using photon counting,"Da aquisição da imagem corporal: o papel docente junto a prática física, educativa, pedagógica e corporal em adolescentes",Zheng; Meng Sua; Zhu,Rodrigues; Capelletti,2024,2014,39.52095808383233
different_work,nearest_title,10.4028/www.scientific.net/amr.430-432.1536,An Automatic Testing System Design for Accelerometer Based on LabVIEW,Design of a Digitalized Testing System for Simple Beam Charpy Impact Testing Machine,Zhang; Zhang; Gao,Zheng; Wang; Ye; Jiao; Wang; Deng; Qin; Peng,2013,2012,59.310344827586206
different_work,nearest_title,10.4028/www.scientific.net/amr.430-432.1536,Virtual testing for the prediction of damping in joints,Design of a Digitalized Testing System for Simple Beam Charpy Impact Testing Machine,Caignot; Ladevèze; Néron,Zheng; Wang; Ye; Jiao; Wang; Deng; Qin; Peng,2010,2012,53.43511450381679
different_work,nearest_title,10.4028/www.scientific.net/amr.430-432.1536,The Barotropic Quasi-Geostrophic Equation under a Free Surface,Design of a Digitalized Testing System for Simple Beam Charpy Impact Testing Machine,Chen,Zheng; Wang; Ye; Jiao; Wang; Deng; Qin; Peng,2019,2012,40.57971014492754
different_work,nearest_title,10.22201/fcpys.2448492xe.2012.215.34656,International Conference on HIV-AIDS in Nepal-2010,Convergencia partidaria y cambio social. El caso de México (1982-2010),Assistant,Johansson Mondragón,2011,2012,51.282051282051285
different_work,nearest_title,10.22201/fcpys.2448492xe.2012.215.34656,Mecanismos y dinámicas del trabajo en las plataformas digitales: los casos de Airbnb y de las plataformas de reparto,Convergencia partidaria y cambio social. El caso de México (1982-2010),Fernández-Trujillo Moares; Gil García,Johansson Mondragón,2021,2012,46.835443037974684
different_work,random_title,10.22201/fcpys.2448492xe.2012.215.34656,Individualized and Depoliticized: A Study of Chinese Blogosphere in Singapore,Convergencia partidaria y cambio social. El caso de México (1982-2010),Soon; Sim,Johansson Mondragón,2015,2012,37.76223776223776
different_work,nearest_title,10.2466/06.pms.117x32z3,Analyzer for measuring gas contained in the pore space of rocks,Duration of Membership at Sports Centers and Reasons for Quitting,Kudasik; Skoczylas,Nuviala; Grao-Cruces; Teva-Villén; Pérez-Turpin; Pérez-Ordás; Tamayo-Fajardo,2017,2013,56.25
different_work,nearest_title,10.2466/06.pms.117x32z3,Virtual testing for the prediction of damping in joints,Duration of Membership at Sports Centers and Reasons for Quitting,Caignot; Ladevèze; Néron,Nuviala; Grao-Cruces; Teva-Villén; Pérez-Turpin; Pérez-Ordás; Tamayo-Fajardo,2010,2013,53.333333333333336
different_work,nearest_title,10.2466/06.pms.117x32z3,Risk factors for cardiovascular diseases in professional drivers,Duration of Membership at Sports Centers and Reasons for Quitting,Atanasovska,Nuviala; Grao-Cruces; Teva-Villén; Pérez-Turpin; Pérez-Ordás; Tamayo-Fajardo,2023,2013,49.6124031007752
different_work,random_title,10.31640/ls-2014-(5-6)-21,Сравнительный анализ методов оценки характеристик молекулярно-массового распределения полиметиленнафталинсульфонатов,Вплив колоїдного розчину наночастинок срібла на показники кардіо- та гемодинаміки у кролів,Замуруев; Вовк,Pryskoka,2018,2014,36.09756097560975
different_work,random_title,10.31640/ls-2014-(5-6)-21,Возможности тразодона в патогенетической терапии хронической боли,Вплив колоїдного розчину наночастинок срібла на показники кардіо- та гемодинаміки у кролів,Tsiurko; Pelepeichenko; Raskalei,Pryskoka,2015,2014,35.06493506493507
different_work,random_title,10.31640/ls-2014-(5-6)-21,57‐2: Scalable Crystallization of a‐Si Film on a Glass Substrate by Using a Blue Laser,Вплив колоїдного розчину наночастинок срібла на показники кардіо- та гемодинаміки у кролів,Park; Hong; Jung,Pryskoka,2018,2014,12.941176470588232
different_work,nearest_title,10.1177/0898010110376324,Brain Microstructure Reveals Early Abnormalities more than Two Years prior to Clinical Progression from Mild Cognitive Impairment to Alzheimer's Disease,From Charity to Caring,Douaud; Menke; Gass,Selanders; Lake; Crane,2013,2010,48.275862068965516
different_work,nearest_title,10.1177/0898010110376324,Learning from history: How research evidence can inform policies to improve rural and remote medical workforce distribution,From Charity to Caring,Humphreys; Wakerman,Selanders; Lake; Crane,2018,2010,48.275862068965516
different_work,random_title,10.1177/0898010110376324,Early Forest Fire Identification Algorithm of Infrared Thermal Imager,From Charity to Caring,Li; Zhou; Li,Selanders; Lake; Crane,2012,2010,30.769230769230774
different_work,nearest_title,10.1177/030089161209800618,Comparison of region-of-interest-averaged and pixel-averaged analysis of DCE-MRI data based on simulations and pre-clinical experiments,Use of Luminex xMAP bead-based suspension array for detecting microRNA in NSCLC tissues and its clinical application,He; Zamora; Oto,Wang; Shi; Wu; Xu; Wang; Zhang; Jiang; Gu,2017,2012,55.172413793103445
different_work,nearest_title,10.1177/030089161209800618,Skipping Breakfast and a Meal at School: Its Correlates in Adiposity Context. Report from the ABC of Healthy Eating Study of Polish Teenagers,Use of Luminex xMAP bead-based suspension array for detecting microRNA in NSCLC tissues and its clinical application,Wadolowska; Hamulka; Kowalkowska,Wang; Shi; Wu; Xu; Wang; Zhang; Jiang; Gu,2019,2012,51.58730158730159
different_work,nearest_title,10.1177/030089161209800618,Clinical Testing for Tumor Cell-Free DNA: College of American Pathologists Proficiency Programs Reveal Practice Trends,Use of Luminex xMAP bead-based suspension array for detecting microRNA in NSCLC tissues and its clinical application,Devereaux; Souers; Merker,Wang; Shi; Wu; Xu; Wang; Zhang; Jiang; Gu,2022,2012,49.78540772532189
different_work,nearest_title,10.1002/lt.22397,Abstract 608: IFN-γ elicits stimulatory MHC class I isotypes in human colorectal carcinoma cell lines with genetic features of microsatellite stable,Priority of candidates with hepatocellular carcinoma awaiting liver transplantation can be reduced after successful bridge therapy,Liang; Chan; Lee,Cucchetti; Cescon; Bigonzi; Piscaglia; Golfieri; Ercolani; Morelli; Ravaioli; Pinna,2018,2011,48.375451263537904
different_work,nearest_title,10.1002/lt.22397,Mechanical properties of unidirectional continuous fiber tapes reinforced long fiber thermoplastics and their manufacturing,Priority of candidates with hepatocellular carcinoma awaiting liver transplantation can be reduced after successful bridge therapy,Fang; Shen; Dai,Cucchetti; Cescon; Bigonzi; Piscaglia; Golfieri; Ercolani; Morelli; Ravaioli; Pinna,2015,2011,47.77327935222672
different_work,nearest_title,10.1002/lt.22397,Silver ion binding to the organophosphorus pesticide diazinon and hydrolytic pathways revealed by mass spectrometric and NMR studies,Priority of candidates with hepatocellular carcinoma awaiting liver transplantation can be reduced after successful bridge therapy,Wyer; vanLoon; Dust,Cucchetti; Cescon; Bigonzi; Piscaglia; Golfieri; Ercolani; Morelli; Ravaioli; Pinna,2015,2011,40.310077519379846
different_work,nearest_title,10.4103/0019-5545.94645,Risk factors for cardiovascular diseases in professional drivers,"Risk factors of post-traumatic stress disorder in tsunami survivors of Kanyakumari District, Tamil Nadu, India",Atanasovska,Pyari; Kutty; Sarma,2023,2012,49.70414201183432
different_work,nearest_title,10.4103/0019-5545.94645,Increased parental history of bipolar disorder in the <scp>U</scp>nited <scp>S</scp>tates: association with early age of onset,"Risk factors of post-traumatic stress disorder in tsunami survivors of Kanyakumari District, Tamil Nadu, India",Post; Leverich; Kupka,Pyari; Kutty; Sarma,2013,2012,47.39336492890995
different_work,random_title,10.4103/0019-5545.94645,Diffuse Dermal Angiomatosis: A Clue to the Diagnosis of Atherosclerotic Vascular Disease,"Risk factors of post-traumatic stress disorder in tsunami survivors of Kanyakumari District, Tamil Nadu, India",Sriphojanart; Vachiramon,Pyari; Kutty; Sarma,2015,2012,38.541666666666664
different_work,nearest_title,10.1111/bor.12015,Increased parental history of bipolar disorder in the <scp>U</scp>nited <scp>S</scp>tates: association with early age of onset,"Chronology, stratigraphy and palaeoenvironmental interpretation of a <scp>L</scp>ate <scp>P</scp>leistocene to mid‐<scp>H</scp>olocene cave accumulation on <scp>K</scp>angaroo <scp>I</scp>sland, <scp>S</scp>outh <scp>A</scp>ustralia",Post; Leverich; Kupka,McDowell; Bestland; Bertuch; Ayliffe; Hellstrom; Jacobsen; Prideaux,2013,2013,49.25373134328358
different_work,nearest_title,10.1111/bor.12015,Structural and interactional aspects of adverbial sentences in English mother-child interactions: an analysis of two dense corpora,"Chronology, stratigraphy and palaeoenvironmental interpretation of a <scp>L</scp>ate <scp>P</scp>leistocene to mid‐<scp>H</scp>olocene cave accumulation on <scp>K</scp>angaroo <scp>I</scp>sland, <scp>S</scp>outh <scp>A</scp>ustralia",DE RUITER; LEMEN; LIEVEN,McDowell; Bestland; Bertuch; Ayliffe; Hellstrom; Jacobsen; Prideaux,2021,2013,48.611111111111114
different_work,random_title,10.1111/bor.12015,Investigation on Tensile Properties of Weft Insertion Warp Knitted Fabric Reinforced Composites,"Chronology, stratigraphy and palaeoenvironmental interpretation of a <scp>L</scp>ate <scp>P</scp>leistocene to mid‐<scp>H</scp>olocene cave accumulation on <scp>K</scp>angaroo <scp>I</scp>sland, <scp>S</scp>outh <scp>A</scp>ustralia",Qin; Ma,McDowell; Bestland; Bertuch; Ayliffe; Hellstrom; Jacobsen; Prideaux,2013,2013,39.688715953307394
different_work,nearest_title,10.4028/www.scientific.net/amm.423-426.2576,Design of a Digitalized Testing System for Simple Beam Charpy Impact Testing Machine,An Automatic Testing System Design for Accelerometer Based on LabVIEW,Zheng; Wang; Ye,Zhang; Zhang; Gao; Wu,2012,2013,59.310344827586206
different_work,nearest_title,10.4028/www.scientific.net/amm.423-426.2576,Chaos theory‐based NHZ‐FH sequence set for quasi‐synchronous FHMA system,An Automatic Testing System Design for Accelerometer Based on LabVIEW,Zeng; Liu,Zhang; Zhang; Gao; Wu,2017,2013,52.4822695035461
different_work,random_title,10.4028/www.scientific.net/amm.423-426.2576,Effect of Intense Laser Field in Gaussian Quantum Well With Position‐Dependent Effective Mass,An Automatic Testing System Design for Accelerometer Based on LabVIEW,Sari; Kasapoglu; Sakiroglu,Zhang; Zhang; Gao; Wu,2019,2013,35.80246913580247
different_work,nearest_title,10.2304/elea.2010.7.3.200,(Invited) Discovery and Structural Design of New LEDs Phosphors,The Teacher as Designer: Pedagogy in the New Media Age,Xia,Kalantzis; Cope,2016,2010,50.90909090909091
different_work,nearest_title,10.2304/elea.2010.7.3.200,On the aeroacoustic tonal noise generation mechanism of a sharp-edged plate,The Teacher as Designer: Pedagogy in the New Media Age,Moreau; Brooks; Doolan,Kalantzis; Cope,2011,2010,50.0
different_work,random_title,10.2304/elea.2010.7.3.200,Learning from history: How research evidence can inform policies to improve rural and remote medical workforce distribution,The Teacher as Designer: Pedagogy in the New Media Age,Humphreys; Wakerman,Kalantzis; Cope,2018,2010,39.76608187134503
different_work,nearest_title,10.1177/1352458513510981,Evaluation of Neuroprotective Effects of Local Hypothermia in a Porcine Spinal Cord Injury Model,Contribution of spinal cord biopsy to diagnosis of aquaporin-4 antibody positive neuromyelitis optica spectrum disorder,Šulla; Papcúnová; Závodská,Ringelstein; Metz; Ruprecht; Koch; Rappold; Ingwersen; Mathys; Jarius; Brück; Hartung; Paul; Aktas; for the Neuromyelitis Optica Study Group (NEMOS); Langel; Oy; Reuss; Wilke; Münch; Hellwig; Kleiter; Niehaus; Melms; Linker; Mayer; Guthke; Pellkofer; Hoffmann; Zentner; Stangel; Trebst; Wildemann; Geis; Ettrich; Bergh; Wandinger; Berthele; Hemmer; Kümpfel; Marziniak; Böttcher; Rommer; Neuhaus; Sieb; Veauthier; Faiss; Kern; Ziemann; Tumani; Lauda; Brettschneider; Liebetrau; Kleinschnitz; Schippling,2024,2013,52.63157894736842
different_work,nearest_title,10.1177/1352458513510981,Diffuse Dermal Angiomatosis: A Clue to the Diagnosis of Atherosclerotic Vascular Disease,Contribution of spinal cord biopsy to diagnosis of aquaporin-4 antibody positive neuromyelitis optica spectrum disorder,Sriphojanart; Vachiramon,Ringelstein; Metz; Ruprecht; Koch; Rappold; Ingwersen; Mathys; Jarius; Brück; Hartung; Paul; Aktas; for the Neuromyelitis Optica Study Group (NEMOS); Langel; Oy; Reuss; Wilke; Münch; Hellwig; Kleiter; Niehaus; Melms; Linker; Mayer; Guthke; Pellkofer; Hoffmann; Zentner; Stangel; Trebst; Wildemann; Geis; Ettrich; Bergh; Wandinger; Berthele; Hemmer; Kümpfel; Marziniak; Böttcher; Rommer; Neuhaus; Sieb; Veauthier; Faiss; Kern; Ziemann; Tumani; Lauda; Brettschneider; Liebetrau; Kleinschnitz; Schippling,2015,2013,51.23152709359606
different_work,nearest_title,10.1177/1352458513510981,Investigation of Phenolic Resin-Modified Asphalt and Its Mixtures,Contribution of spinal cord biopsy to diagnosis of aquaporin-4 antibody positive neuromyelitis optica spectrum disorder,Wang; Wang; Huang,Ringelstein; Metz; Ruprecht; Koch; Rappold; Ingwersen; Mathys; Jarius; Brück; Hartung; Paul; Aktas; for the Neuromyelitis Optica Study Group (NEMOS); Langel; Oy; Reuss; Wilke; Münch; Hellwig; Kleiter; Niehaus; Melms; Linker; Mayer; Guthke; Pellkofer; Hoffmann; Zentner; Stangel; Trebst; Wildemann; Geis; Ettrich; Bergh; Wandinger; Berthele; Hemmer; Kümpfel; Marziniak; Böttcher; Rommer; Neuhaus; Sieb; Veauthier; Faiss; Kern; Ziemann; Tumani; Lauda; Brettschneider; Liebetrau; Kleinschnitz; Schippling,2024,2013,44.19889502762431
different_work,nearest_title,10.1152/ajpgi.00380.2013,"Mites of the Family Laelapidae (Acari, Mesostigmata) Associated with Scarab Beetles in Ukraine",Mitochondrial calcium handling within the interstitial cells of Cajal,Trach; Joharchi,Means; Cheng,2018,2014,52.5
different_work,nearest_title,10.1152/ajpgi.00380.2013,A multi‐center study on the surgical management of metastatic disease to adrenal glands,Mitochondrial calcium handling within the interstitial cells of Cajal,Valeri; Bergamini; Tozzi,Means; Cheng,2010,2014,51.282051282051285
different_work,nearest_title,10.1152/ajpgi.00380.2013,Using geosciences and mythology to locate Prospero's island,Mitochondrial calcium handling within the interstitial cells of Cajal,Lanza,Means; Cheng,2021,2014,42.1875
different_work,nearest_title,10.1111/acps.12208,"Mites of the Family Laelapidae (Acari, Mesostigmata) Associated with Scarab Beetles in Ukraine",Increased parental history of bipolar disorder in the <scp>U</scp>nited <scp>S</scp>tates: association with early age of onset,Trach; Joharchi,Post; Leverich; Kupka; Keck; McElroy; Altshuler; Frye; Luckenbaugh; Rowe; Grunze; Suppes; Nolen,2018,2013,53.807106598984774
different_work,nearest_title,10.1111/acps.12208,Pine wilt disease: detection of the pinewood nematode (<i><scp>B</scp>ursaphelenchus xylophilus</i>) as a tool for a pine breeding programme,Increased parental history of bipolar disorder in the <scp>U</scp>nited <scp>S</scp>tates: association with early age of onset,Ribeiro; Espada; Vu,Post; Leverich; Kupka; Keck; McElroy; Altshuler; Frye; Luckenbaugh; Rowe; Grunze; Suppes; Nolen,2012,2013,51.55555555555556
different_work,nearest_title,10.1111/acps.12208,Nutrient Composition of Dried Seaweed Gracilaria gracilis,Increased parental history of bipolar disorder in the <scp>U</scp>nited <scp>S</scp>tates: association with early age of onset,Rasyid; Ardiansyah; Pangestuti,Post; Leverich; Kupka; Keck; McElroy; Altshuler; Frye; Luckenbaugh; Rowe; Grunze; Suppes; Nolen,2019,2013,41.717791411042946
different_work,nearest_title,10.1182/blood.v120.21.4273.4273,Education and Training based on Experiential Learning in Increasing Competency of Health Workers in Public Health Center of South Sulawesi,Health Care Utilization and Associated Costs in Elderly Persons with Non-CML Myeloproliferative Neoplasms: Real-World Evidence From a United States Medicare Population,"Mid-level Trainer (Widyaiswara Ahli Madya), Human Resources Development Agency (BPSDM) Papua Province, Indonesia; Hadiyanto; Sulolipu",Karve; Price; Davis; Pohl; Walgren,2022,2012,51.54639175257732
different_work,nearest_title,10.1182/blood.v120.21.4273.4273,Climbing fiber‐evoked Purkinje cell discharge reduces expression of GABA<scp>a</scp> receptor‐associated protein and decreases its interaction with GABA<scp>a</scp> receptors,Health Care Utilization and Associated Costs in Elderly Persons with Non-CML Myeloproliferative Neoplasms: Real-World Evidence From a United States Medicare Population,Qian; Yakhnitsa; Barmack,Karve; Price; Davis; Pohl; Walgren,2011,2012,50.473186119873816
different_work,nearest_title,10.1182/blood.v120.21.4273.4273,"Floristic survey of ornamental plants used in Dom Delgado University City at the Universidade Federal do Maranhão, São Luís, Maranhão State, Brazil",Health Care Utilization and Associated Costs in Elderly Persons with Non-CML Myeloproliferative Neoplasms: Real-World Evidence From a United States Medicare Population,Costa; Pires; Anjos,Karve; Price; Davis; Pohl; Walgren,2018,2012,44.51827242524917
different_work,nearest_title,10.1155/2013/183187,Development of a Novel Solvent-Based Formulation for Pesticides That Are Prone to Crystallization,An Overview of HIV Prevention Interventions for People Who Inject Drugs in Tanzania,Leming; Moreno; Paganini,Ratliff; McCurdy; Mbwambo; Lambdin; Voets; Pont; Maruyama; Kilonzo,2010,2013,50.0
different_work,nearest_title,10.1155/2013/183187,International Conference on HIV-AIDS in Nepal-2010,An Overview of HIV Prevention Interventions for People Who Inject Drugs in Tanzania,Assistant,Ratliff; McCurdy; Mbwambo; Lambdin; Voets; Pont; Maruyama; Kilonzo,2011,2013,49.62406015037594
different_work,random_title,10.1155/2013/183187,EFEKTIFITAS PENAMBAHAN BUAH TERHADAP KADAR GULA DARAH PADA DIABETESI TIPE 2 RAWAT INAP DI RUMAH SAKIT SANTA ELISABETH SEMARANG,An Overview of HIV Prevention Interventions for People Who Inject Drugs in Tanzania,Suratmi; Jaelani; Susiloretni,Ratliff; McCurdy; Mbwambo; Lambdin; Voets; Pont; Maruyama; Kilonzo,2017,2013,35.4066985645933
different_work,nearest_title,10.32508/stdj.v17i2.1315,Mitochondrial calcium handling within the interstitial cells of Cajal,Modification of aluminium and aluminium alloys by AL-B master alloy,Means; Cheng,Huynh; Vo,2014,2014,49.20634920634921
different_work,nearest_title,10.32508/stdj.v17i2.1315,Investigation of Phenolic Resin-Modified Asphalt and Its Mixtures,Modification of aluminium and aluminium alloys by AL-B master alloy,Wang; Wang; Huang,Huynh; Vo,2024,2014,49.18032786885246
different_work,nearest_title,10.32508/stdj.v17i2.1315,Research on Evaluation of the City Environmental Pollution Based on Support Vector Machine,Modification of aluminium and aluminium alloys by AL-B master alloy,Zhang; Yang,Huynh; Vo,2014,2014,40.27777777777778
different_work,nearest_title,10.1889/1.3500596,57‐2: Scalable Crystallization of a‐Si Film on a Glass Substrate by Using a Blue Laser,7.2: Wide Temperature Range Blue Phase Liquid Crystals for Display Applications,Park; Hong; Jung,Xiang; Lu; Chien,2018,2010,49.056603773584904
different_work,nearest_title,10.1889/1.3500596,"Keggin Heteropolyacid Catalyzed Synthesis of Isoxazolo‐ [5,4‐<i>d</i>]pyrimidine‐4,6(5<i>H</i>,7<i>H</i>)‐diones at Room Temperature",7.2: Wide Temperature Range Blue Phase Liquid Crystals for Display Applications,Bamoharram; Roshani; Heravi,Xiang; Lu; Chien,2010,2010,47.82608695652174
different_work,random_title,10.1889/1.3500596,Investigation on Tensile Properties of Weft Insertion Warp Knitted Fabric Reinforced Composites,7.2: Wide Temperature Range Blue Phase Liquid Crystals for Display Applications,Qin; Ma,Xiang; Lu; Chien,2013,2010,39.30635838150289
different_work,nearest_title,10.38140/pie.v28i4.57,Early Forest Fire Identification Algorithm of Infrared Thermal Imager,Dominant discourses of teachers in early childhood education,Li; Zhou; Li,Ebrahim,2012,2010,54.263565891472865
different_work,nearest_title,10.38140/pie.v28i4.57,Virtual testing for the prediction of damping in joints,Dominant discourses of teachers in early childhood education,Caignot; Ladevèze; Néron,Ebrahim,2010,2010,52.17391304347826
different_work,random_title,10.38140/pie.v28i4.57,Tulkitse kuva! Eleet ja ilmeet sarjakuvassa,Dominant discourses of teachers in early childhood education,Pitkäsalo,Ebrahim,2016,2010,29.411764705882348
different_work,nearest_title,10.1556/avet.2014.021,"Species of Cerambycinae (Insecta, Coleoptera, Cerambycidae) from east Paraná State (Brazil), with new geographic records",First records of Dirofilaria repens in wild canids from the region of Central Balkan,BARROS; FONSECA; JARDIM,Ćirović; Penezić; Pavlović; Kulišić; Ćosić; Burazerović; Maletić,2020,2014,55.670103092783506
different_work,nearest_title,10.1556/avet.2014.021,"Anal Sac of a Cladid Crinoid from Permo-Carboniferous Talchir Formation, Talchir Basin, Odisha",First records of Dirofilaria repens in wild canids from the region of Central Balkan,Chakraborty; Bhattacharya*,Ćirović; Penezić; Pavlović; Kulišić; Ćosić; Burazerović; Maletić,2015,2014,54.54545454545455
different_work,nearest_title,10.1556/avet.2014.021,From paper to innovation: revolutionising technology with the ancient art of origami and kirigami,First records of Dirofilaria repens in wild canids from the region of Central Balkan,Misseroni,Ćirović; Penezić; Pavlović; Kulišić; Ćosić; Burazerović; Maletić,2024,2014,50.847457627118644
different_work,nearest_title,10.1017/s003224741100043x,The generalized k-Fibonacci polynomials and generalized k-Lucas polynomials,The WikiLeaks Arctic cables,"Graduate School of Natural and Applied Sciences, Erzincan Binali Yildirim University; Taştan; Özkan",Dodds,2021,2011,42.10526315789474
different_work,nearest_title,10.1017/s003224741100043x,Real urban images: policy and culture in northern Britain,The WikiLeaks Arctic cables,Wharton; Fenwick,Dodds,2012,2011,40.963855421686745
different_work,random_title,10.1017/s003224741100043x,Knowledge outcomes in a randomized trial of telephone vs. in-person disclosure of genetic testing: The COGENT study.,The WikiLeaks Arctic cables,Beri; Patrick-Miller; Egleston,Dodds,2017,2011,29.85074626865672
different_work,nearest_title,10.1177/1532708612446431,"Species of Cerambycinae (Insecta, Coleoptera, Cerambycidae) from east Paraná State (Brazil), with new geographic records",Penn State’s “Success With Honor”,BARROS; FONSECA; JARDIM,Proffitt; Corrigan,2020,2012,48.78048780487805
different_work,nearest_title,10.1177/1532708612446431,Emergence of tunable resistive pulse sensing as a biosensor,Penn State’s “Success With Honor”,Blundell; Mayne; Billinge,Proffitt; Corrigan,2015,2012,42.22222222222222
different_work,random_title,10.1177/1532708612446431,Unlocking the Potential: Semaglutide’s Impact on Alzheimer’s and Parkinson’s Disease in Animal Models,Penn State’s “Success With Honor”,Meca; Boboc; Mititelu-Tartau,Proffitt; Corrigan,2024,2012,31.496062992125985
different_work,nearest_title,10.1039/c4ra11770k,Considerations on Kinematics and Dynamics of Gravitational Separators with Non-Balanced Eccentric Masses Used for Cereal Seeds Cleaning,"Ultrasonic-assisted rational design of uniform rhombus-shaped ZnMoO
                    <sub>x</sub>
                    on graphene for advanced sunlight-driven photocatalysts, functional supercapacitor electrodes, and antibacterial platforms",Bracacescu; Pirna; Popescu,Dong; Hu; Feng; Pi; Li; Li; Liu; Sun; Sun,2013,2014,48.02431610942249
different_work,nearest_title,10.1039/c4ra11770k,Use of Luminex xMAP bead-based suspension array for detecting microRNA in NSCLC tissues and its clinical application,"Ultrasonic-assisted rational design of uniform rhombus-shaped ZnMoO
                    <sub>x</sub>
                    on graphene for advanced sunlight-driven photocatalysts, functional supercapacitor electrodes, and antibacterial platforms",Wang; Shi; Wu,Dong; Hu; Feng; Pi; Li; Li; Liu; Sun; Sun,2012,2014,45.16129032258065
different_work,random_title,10.1039/c4ra11770k,First records of Dirofilaria repens in wild canids from the region of Central Balkan,"Ultrasonic-assisted rational design of uniform rhombus-shaped ZnMoO
                    <sub>x</sub>
                    on graphene for advanced sunlight-driven photocatalysts, functional supercapacitor electrodes, and antibacterial platforms",Ćirović; Penezić; Pavlović,Dong; Hu; Feng; Pi; Li; Li; Liu; Sun; Sun,2014,2014,37.81818181818182
different_work,nearest_title,10.1017/s1479262114000860,Evaluation of Color Changes of Different Resin Cements in Feldspathic Ceramic Crowns After Accelerated Aging: An In Vitro Research,Profiling of triterpenoid saponin content variation in different chemotypic accessions of <i>Centella asiatica</i> L.,Eskitaşçıoğlu; Akdeniz; Değirmenci,Singh; Singh Sangwan; Gupta; Saxena; Sangwan,2021,2014,54.54545454545455
different_work,nearest_title,10.1017/s1479262114000860,"Clinical profile and screening of exon 6 and 14 of ABCB4 gene in obstetric cholestasis patients at a tertiary care hospital in Rawalpindi, Pakistan",Profiling of triterpenoid saponin content variation in different chemotypic accessions of <i>Centella asiatica</i> L.,Nuzhat Noor; Sabika Firasat; Naheed Bano,Singh; Singh Sangwan; Gupta; Saxena; Sangwan,2021,2014,49.18032786885246
different_work,nearest_title,10.1017/s1479262114000860,O trabalho com os gêneros na perspectiva do Grupo de Genebra: entrevista com Eliane Lousada,Profiling of triterpenoid saponin content variation in different chemotypic accessions of <i>Centella asiatica</i> L.,Moretto; Wittke,Singh; Singh Sangwan; Gupta; Saxena; Sangwan,2018,2014,40.20618556701031
different_work,nearest_title,10.4028/www.scientific.net/amr.960-961.1134,R2P and the Prevention of Mass Atrocities: A Child-Centric Approach,A Gas-Turbine with Approximate General Carnot Cycle and Its Performance Prediction,Jacob,Li; Zhang; Li; Yang; Qin; Yang; Wang,2018,2014,55.4054054054054
different_work,nearest_title,10.4028/www.scientific.net/amr.960-961.1134,The Body Voyage as Visual Representation and Art Performance,A Gas-Turbine with Approximate General Carnot Cycle and Its Performance Prediction,Olsn,Li; Zhang; Li; Yang; Qin; Yang; Wang,2011,2014,52.11267605633803
different_work,random_title,10.4028/www.scientific.net/amr.960-961.1134,Duszpasterstwo lotnictwa cywilnego. Wskazania pastoralno-kanoniczne,A Gas-Turbine with Approximate General Carnot Cycle and Its Performance Prediction,NECEL,Li; Zhang; Li; Yang; Qin; Yang; Wang,2017,2014,35.13513513513513
different_work,nearest_title,10.1063/1.3567096,Research on Evaluation of the City Environmental Pollution Based on Support Vector Machine,Spontaneous mode-selection in the self-propelled motion of a solid/liquid composite driven by interfacial instability,Zhang; Yang,Takabatake; Magome; Ichikawa; Yoshikawa,2014,2011,50.98039215686274
different_work,nearest_title,10.1063/1.3567096,Comparison of the ITS Sequences of 5 Common &lt;i&gt;Potentilla&lt;/i&gt; Species in Jilin Province of China,Spontaneous mode-selection in the self-propelled motion of a solid/liquid composite driven by interfacial instability,Zhang; Liu; Wang,Takabatake; Magome; Ichikawa; Yoshikawa,2012,2011,50.0
different_work,nearest_title,10.1063/1.3567096,"Experimental and Numerical Analysis of a Composite Thin-Walled Cylindrical Structures with Different Variants of Stiffeners, Subjected to Torsion",Spontaneous mode-selection in the self-propelled motion of a solid/liquid composite driven by interfacial instability,Kopecki; Mazurek; Lis,Takabatake; Magome; Ichikawa; Yoshikawa,2019,2011,48.83720930232558
different_work,nearest_title,10.12968/joan.2013.2.5.224,Gender diversity and environmental activism: Gender discrimination or socialisation?,"An introduction to superficial, medium, deep and combination chemical peels",Yu; Liu,Bowes,2024,2013,51.351351351351354
different_work,nearest_title,10.12968/joan.2013.2.5.224,Plant-herbivore interactions and secondary metabolites of plants: Ecological and evolutionary perspectives,"An introduction to superficial, medium, deep and combination chemical peels",Kariñho-Betancourt,Bowes,2018,2013,50.57471264367816
different_work,nearest_title,10.12968/joan.2013.2.5.224,Validation of a brief form of the Perceived Neighborhood Social Cohesion questionnaire,"An introduction to superficial, medium, deep and combination chemical peels",Dupuis; Baggio; Gmel,Bowes,2016,2013,43.58974358974359
different_work,nearest_title,10.4028/www.scientific.net/amr.554-556.1690,"A new species of Acroneuria (Plecoptera: Perlidae) from Henan Province, China, with redescription of A. hainana Wu, 1938",Comparison of the ITS Sequences of 5 Common &lt;i&gt;Potentilla&lt;/i&gt; Species in Jilin Province of China,LIU; MO; LI,Zhang; Liu; Wang; Ling; Sun; Lin,2019,2012,55.27638190954774
different_work,nearest_title,10.4028/www.scientific.net/amr.554-556.1690,The role of kinship in the formation of a primate multilevel society,Comparison of the ITS Sequences of 5 Common &lt;i&gt;Potentilla&lt;/i&gt; Species in Jilin Province of China,Guo; Huang; Ji,Zhang; Liu; Wang; Ling; Sun; Lin,2014,2012,52.63157894736842
different_work,random_title,10.4028/www.scientific.net/amr.554-556.1690,Η κτιτορική τοιχογραφία στο περίστωο της Παντανάσσης Φιλιππιάδος,Comparison of the ITS Sequences of 5 Common &lt;i&gt;Potentilla&lt;/i&gt; Species in Jilin Province of China,ΒΟΚΟΤΟΠΟΥΛΟΣ,Zhang; Liu; Wang; Ling; Sun; Lin,2011,2012,9.032258064516128
different_work,nearest_title,10.4049/jimmunol.184.supp.99.3,Downregulation of c-MYC Protein Levels Contributes to Cancer Cell Survival under Dual Deficiency of Oxygen and Glucose,SLAM-associated protein (SAP)-deficiency impedes the function of T follicular helper cells in germinal center formation (99.3),Okuyama; Endo; Akashika,Lu; Cannons; Kanno; O’Shea; Schwartzberg,2010,2010,57.38396624472574
different_work,nearest_title,10.4049/jimmunol.184.supp.99.3,Climbing fiber‐evoked Purkinje cell discharge reduces expression of GABA<scp>a</scp> receptor‐associated protein and decreases its interaction with GABA<scp>a</scp> receptors,SLAM-associated protein (SAP)-deficiency impedes the function of T follicular helper cells in germinal center formation (99.3),Qian; Yakhnitsa; Barmack,Lu; Cannons; Kanno; O’Shea; Schwartzberg,2011,2010,54.94505494505494
different_work,nearest_title,10.4049/jimmunol.184.supp.99.3,Effect Analysis of Different Exhaust Velocity on Fire Smoke Control in Subway Tunnel,SLAM-associated protein (SAP)-deficiency impedes the function of T follicular helper cells in germinal center formation (99.3),Han; Gao; Cong,Lu; Cannons; Kanno; O’Shea; Schwartzberg,2012,2010,42.71844660194175
different_work,nearest_title,10.1111/j.1471-4159.2010.07119.x,SLAM-associated protein (SAP)-deficiency impedes the function of T follicular helper cells in germinal center formation (99.3),Climbing fiber‐evoked Purkinje cell discharge reduces expression of GABA<scp>a</scp> receptor‐associated protein and decreases its interaction with GABA<scp>a</scp> receptors,Lu; Cannons; Kanno,Qian; Yakhnitsa; Barmack,2010,2011,54.94505494505494
different_work,nearest_title,10.1111/j.1471-4159.2010.07119.x,Considerations on Kinematics and Dynamics of Gravitational Separators with Non-Balanced Eccentric Masses Used for Cereal Seeds Cleaning,Climbing fiber‐evoked Purkinje cell discharge reduces expression of GABA<scp>a</scp> receptor‐associated protein and decreases its interaction with GABA<scp>a</scp> receptors,Bracacescu; Pirna; Popescu,Qian; Yakhnitsa; Barmack,2013,2011,53.84615384615385
different_work,random_title,10.1111/j.1471-4159.2010.07119.x,Risk factors for cardiovascular diseases in professional drivers,Climbing fiber‐evoked Purkinje cell discharge reduces expression of GABA<scp>a</scp> receptor‐associated protein and decreases its interaction with GABA<scp>a</scp> receptors,Atanasovska,Qian; Yakhnitsa; Barmack,2023,2011,39.06976744186046
different_work,nearest_title,10.1111/j.1471-0528.2010.02614.x,Trends in mental health presentations in a south Australian tertiary emergency department,Apgar score and perinatal death after one previous caesarean delivery,Goldfinch; Kochar,Carlsson Wallin; Ekström; Maršál; Källén,2021,2010,51.61290322580645
different_work,nearest_title,10.1111/j.1471-0528.2010.02614.x,The Body Voyage as Visual Representation and Art Performance,Apgar score and perinatal death after one previous caesarean delivery,Olsn,Carlsson Wallin; Ekström; Maršál; Källén,2011,2010,48.06201550387597
different_work,random_title,10.1111/j.1471-0528.2010.02614.x,Sequential self-assembly of micron-scale components with light,Apgar score and perinatal death after one previous caesarean delivery,Saeedi; Etzkorn; Parviz,Carlsson Wallin; Ekström; Maršál; Källén,2011,2010,36.6412213740458
different_work,nearest_title,10.1520/jai102800,"Assessment through 5A’s of Tourism in Cuyapo, Nueva Ecija: A Basis for Tourism Development Plan",Development of a Novel Solvent-Based Formulation for Pesticides That Are Prone to Crystallization,Velasquez; Abad; Balagtas,Leming; Moreno; Paganini,2024,2010,54.94505494505494
different_work,nearest_title,10.1520/jai102800,"Novel Peptidomimetics for Inhibition of
                    <scp>HER</scp>
                    2:
                    <scp>HER</scp>
                    3 Heterodimerization in
                    <scp>HER</scp>
                    2‐Positive Breast Cancer",Development of a Novel Solvent-Based Formulation for Pesticides That Are Prone to Crystallization,Kanthala; Banappagari; Gokhale,Leming; Moreno; Paganini,2014,2010,52.84974093264249
different_work,nearest_title,10.1520/jai102800,"Keggin Heteropolyacid Catalyzed Synthesis of Isoxazolo‐ [5,4‐<i>d</i>]pyrimidine‐4,6(5<i>H</i>,7<i>H</i>)‐diones at Room Temperature",Development of a Novel Solvent-Based Formulation for Pesticides That Are Prone to Crystallization,Bamoharram; Roshani; Heravi,Leming; Moreno; Paganini,2010,2010,43.34975369458128
different_work,nearest_title,10.4103/0975-7406.100224,Nutrient Composition of Dried Seaweed Gracilaria gracilis,Fusion of complex odontome with permanent mandibular molar,Rasyid; Ardiansyah; Pangestuti,Talari; Ananda; Prince; Annaporna; Pranavadhyani,2019,2012,48.69565217391305
different_work,nearest_title,10.4103/0975-7406.100224,Microdermal Grafting for Color Regeneration of White Scars,Fusion of complex odontome with permanent mandibular molar,Tsao; Yang; Lin,Talari; Ananda; Prince; Annaporna; Pranavadhyani,2019,2012,48.275862068965516
different_work,random_title,10.4103/0975-7406.100224,Developing Engineering Students’ Moral Reasoning Skills Using Problem-Based Learning,Fusion of complex odontome with permanent mandibular molar,Harrell; Philosophy Documentation Center,Talari; Ananda; Prince; Annaporna; Pranavadhyani,2019,2012,36.87943262411348
different_work,nearest_title,10.1096/fasebj.26.1_supplement.663.9,Climbing fiber‐evoked Purkinje cell discharge reduces expression of GABA<scp>a</scp> receptor‐associated protein and decreases its interaction with GABA<scp>a</scp> receptors,Activation of G‐protein‐coupled estrogen receptor (GPER) inhibits coronary artery smooth muscle cell proliferation,Qian; Yakhnitsa; Barmack,Li; Wang; Zhou; White; Heaps; Stallone; Han,2011,2012,53.2319391634981
different_work,nearest_title,10.1096/fasebj.26.1_supplement.663.9,Comparison of the ITS Sequences of 5 Common &lt;i&gt;Potentilla&lt;/i&gt; Species in Jilin Province of China,Activation of G‐protein‐coupled estrogen receptor (GPER) inhibits coronary artery smooth muscle cell proliferation,Zhang; Liu; Wang,Li; Wang; Zhou; White; Heaps; Stallone; Han,2012,2012,49.26108374384236
different_work,nearest_title,10.1096/fasebj.26.1_supplement.663.9,Risk factors for cardiovascular diseases in professional drivers,Activation of G‐protein‐coupled estrogen receptor (GPER) inhibits coronary artery smooth muscle cell proliferation,Atanasovska,Li; Wang; Zhou; White; Heaps; Stallone; Han,2023,2012,40.90909090909091
different_work,nearest_title,10.1016/j.adolescence.2014.10.004,Relation between coagulation/fibrinolysis and lactate in the course of human septic shock,Brief report: The association between adolescents' characteristics and engagement in sexting,Hartemink; Hack; Groeneveld,Van Ouytsel; Van Gool; Ponnet; Walrave,2010,2014,53.63128491620112
different_work,nearest_title,10.1016/j.adolescence.2014.10.004,Waves Across the Himalayas: On the Typological Characteristics and History of the Bodic Subfamily of Tibeto‐Burman,Brief report: The association between adolescents' characteristics and engagement in sexting,Hyslop,Van Ouytsel; Van Gool; Ponnet; Walrave,2014,2014,51.041666666666664
different_work,random_title,10.1016/j.adolescence.2014.10.004,Estudio de programas orientados a impulsar la innovación empresarial en Paraguay y Uruguay. Un análisis desde la perspectiva de la Teoría de Schumpeter,Brief report: The association between adolescents' characteristics and engagement in sexting,Olmedo-Barchello; García,Van Ouytsel; Van Gool; Ponnet; Walrave,2023,2014,38.59649122807018
different_work,nearest_title,10.4000/osb.1658,Government size and economic growth in an endogenous growth model with rent‐seeking,La coalition face au gouvernement écossais du SNP : l'épineuse question du statut de l'Écosse,Wadho; Ayaz,Camp-Pietrain,2017,2014,49.382716049382715
different_work,nearest_title,10.4000/osb.1658,Representaciones sociales: el significado de la educación física para los estudiantes de esa disciplina,La coalition face au gouvernement écossais du SNP : l'épineuse question du statut de l'Écosse,Caniuqueo Vargas; Hernández-Mosqueira; Troyano Agredo,Camp-Pietrain,2018,2014,48.648648648648646
different_work,random_title,10.4000/osb.1658,Chaotic time series prediction for prenatal exposure to polychlorinated biphenyls in umbilical cord blood using the least squares SEATR model,La coalition face au gouvernement écossais du SNP : l'épineuse question du statut de l'Écosse,Xu; Tang; Xia,Camp-Pietrain,2016,2014,37.00440528634361
different_work,nearest_title,10.1002/ajpa.22677,Analyzer for measuring gas contained in the pore space of rocks,The role of kinship in the formation of a primate multilevel society,Kudasik; Skoczylas,Guo; Huang; Ji; Garber; Li,2017,2014,53.225806451612904
different_work,nearest_title,10.1002/ajpa.22677,Comparison of the ITS Sequences of 5 Common &lt;i&gt;Potentilla&lt;/i&gt; Species in Jilin Province of China,The role of kinship in the formation of a primate multilevel society,Zhang; Liu; Wang,Guo; Huang; Ji; Garber; Li,2012,2014,52.63157894736842
different_work,random_title,10.1002/ajpa.22677,Failure to Lyse Venous Thrombi Because of Elevated Plasminogen Activator Inhibitor 1 (PAI-1) and 4G Polymorphism of Its Promotor Genome (The PAI-1/4G Syndrome),The role of kinship in the formation of a primate multilevel society,Bern; McCarthy,Guo; Huang; Ji; Garber; Li,2010,2014,39.603960396039604
different_work,nearest_title,10.4028/www.scientific.net/amr.610-613.3323,Dominant discourses of teachers in early childhood education,Early Forest Fire Identification Algorithm of Infrared Thermal Imager,Ebrahim,Li; Zhou; Li; Wang; Wu,2010,2012,54.263565891472865
different_work,nearest_title,10.4028/www.scientific.net/amr.610-613.3323,"Molecular identification and amylolytic potential  of a thermophilic bacteria species from  refuse dump in Ile-Ife, Nigeria",Early Forest Fire Identification Algorithm of Infrared Thermal Imager,Omoboye; Bakare; Adewale,Li; Zhou; Li; Wang; Wu,2014,2012,52.91005291005291
different_work,nearest_title,10.4028/www.scientific.net/amr.610-613.3323,Assessment of Thermal Stresses in Asphalt Mixtures at Low Temperatures Using the Tensile Creep Test and the Bending Beam Creep Test,Early Forest Fire Identification Algorithm of Infrared Thermal Imager,Pszczola; Jaczewski; Szydlowski,Li; Zhou; Li; Wang; Wu,2019,2012,42.16216216216216
different_work,nearest_title,10.71152/ajms.v1i2.3220,Convergencia partidaria y cambio social. El caso de México (1982-2010),International Conference on HIV-AIDS in Nepal-2010,Johansson Mondragón,Assistant,2012,2011,51.282051282051285
different_work,nearest_title,10.71152/ajms.v1i2.3220,An Overview of HIV Prevention Interventions for People Who Inject Drugs in Tanzania,International Conference on HIV-AIDS in Nepal-2010,Ratliff; McCurdy; Mbwambo,Assistant,2013,2011,49.62406015037594
different_work,random_title,10.71152/ajms.v1i2.3220,Research on Establishing the Concept of Jangdan in T extbooks: Focusing on Jeongganbo and Rhythmic Notation,International Conference on HIV-AIDS in Nepal-2010,Center For Educational Research; Lee,Assistant,2023,2011,39.21568627450981
different_work,nearest_title,10.18192/clg-cgl.v4i1.824,Investigation of Phenolic Resin-Modified Asphalt and Its Mixtures,Real urban images: policy and culture in northern Britain,Wang; Wang; Huang,Wharton; Fenwick,2024,2012,49.586776859504134
different_work,nearest_title,10.18192/clg-cgl.v4i1.824,International Conference on HIV-AIDS in Nepal-2010,Real urban images: policy and culture in northern Britain,Assistant,Wharton; Fenwick,2011,2012,49.056603773584904
different_work,nearest_title,10.18192/clg-cgl.v4i1.824,Repetitive milrinone therapy in ambulatory advanced heart failure patients,Real urban images: policy and culture in northern Britain,Laufer‐Perl; Sadon; Zahler,Wharton; Fenwick,2022,2012,46.15384615384615
different_work,nearest_title,10.1002/mop.25687,Mitochondrial calcium handling within the interstitial cells of Cajal,A new material classification of lossy metamaterials,Means; Cheng,Lee; Park,2014,2010,49.586776859504134
different_work,nearest_title,10.1002/mop.25687,The role of kinship in the formation of a primate multilevel society,A new material classification of lossy metamaterials,Guo; Huang; Ji,Lee; Park,2014,2010,49.557522123893804
different_work,nearest_title,10.1002/mop.25687,Analysis of Loss of Essential Power System Reported in Nuclear Power Plants,A new material classification of lossy metamaterials,Volkanovski; Peinador Veira,Lee; Park,2018,2010,45.76271186440678
different_work,nearest_title,10.1063/1.3534006,Projection-Based Finite Elements for Nonlinear Function Spaces,Precessing vortices and antivortices in ferromagnetic elements,Grohs; Hardering; Sander,Lyberatos; Komineas; Papanicolaou,2019,2011,58.064516129032256
different_work,nearest_title,10.1063/1.3534006,Government size and economic growth in an endogenous growth model with rent‐seeking,Precessing vortices and antivortices in ferromagnetic elements,Wadho; Ayaz,Lyberatos; Komineas; Papanicolaou,2017,2011,50.72463768115942
different_work,nearest_title,10.1063/1.3534006,Low temperature and magnetic field behaviour of the (Cr84Re16)89.6V10.4 alloy,Precessing vortices and antivortices in ferromagnetic elements,Jacobs; Sheppard; Prinsloo,Lyberatos; Komineas; Papanicolaou,2014,2011,44.927536231884055
different_work,nearest_title,10.1590/s0104-12902013000200011,O trabalho com os gêneros na perspectiva do Grupo de Genebra: entrevista com Eliane Lousada,O trabalho dos agentes comunitários de saúde em evidência: uma análise com foco na atividade,Moretto; Wittke,Binda; Bianco; Sousa,2018,2013,53.10734463276836
different_work,nearest_title,10.1590/s0104-12902013000200011,Impacto da Ferramenta “Fazendo as Contas” na Capacitação do Projeto São José III - 2ª Fase,O trabalho dos agentes comunitários de saúde em evidência: uma análise com foco na atividade,Costa Sousa; De Souza Junior; Augusto Xavier Lima,Binda; Bianco; Sousa,2024,2013,50.847457627118644
different_work,random_title,10.1590/s0104-12902013000200011,Potential Measurement of High Corrosion Resistance Metals Surface in Atmospheric Environment,O trabalho dos agentes comunitários de saúde em evidência: uma análise com foco na atividade,Hirohata; Noda; Katayama,Binda; Bianco; Sousa,2012,2013,37.15846994535519
different_work,nearest_title,10.1121/1.3565472,Overview of the Mechanistic Work on the Concerted Metallation–Deprotonation Pathway,On the aeroacoustic tonal noise generation mechanism of a sharp-edged plate,Lapointe; Fagnou,Moreau; Brooks; Doolan,2010,2011,59.74025974025974
different_work,nearest_title,10.1121/1.3565472,Abstract 78: Genetic Associations and Mechanisms in Oncology (GAME-ON): A network approach to post-GWAS research.,On the aeroacoustic tonal noise generation mechanism of a sharp-edged plate,Kaminski; Amos; DeRycke,Moreau; Brooks; Doolan,2012,2011,54.6448087431694
different_work,random_title,10.1121/1.3565472,From Charity to Caring,On the aeroacoustic tonal noise generation mechanism of a sharp-edged plate,Selanders; Lake; Crane,Moreau; Brooks; Doolan,2010,2011,30.927835051546396
different_work,nearest_title,10.1523/jneurosci.4437-12.2013,Clinical Testing for Tumor Cell-Free DNA: College of American Pathologists Proficiency Programs Reveal Practice Trends,Brain Microstructure Reveals Early Abnormalities more than Two Years prior to Clinical Progression from Mild Cognitive Impairment to Alzheimer's Disease,Devereaux; Souers; Merker,Douaud; Menke; Gass; Monsch; Rao; Whitcher; Zamboni; Matthews; Sollberger; Smith,2022,2013,51.8796992481203
different_work,nearest_title,10.1523/jneurosci.4437-12.2013,"Mucopolysaccharidosis-Plus Syndrome, a Rapidly Progressive Disease: Favorable Impact of a Very Prolonged Steroid Treatment on the Clinical Course in a Child",Brain Microstructure Reveals Early Abnormalities more than Two Years prior to Clinical Progression from Mild Cognitive Impairment to Alzheimer's Disease,Faraguna; Musto; Crescitelli,Douaud; Menke; Gass; Monsch; Rao; Whitcher; Zamboni; Matthews; Sollberger; Smith,2022,2013,51.50501672240803
different_work,random_title,10.1523/jneurosci.4437-12.2013,Review article: the modern management of autoimmune hepatitis,Brain Microstructure Reveals Early Abnormalities more than Two Years prior to Clinical Progression from Mild Cognitive Impairment to Alzheimer's Disease,YEOMAN; LONGHI; HENEGHAN,Douaud; Menke; Gass; Monsch; Rao; Whitcher; Zamboni; Matthews; Sollberger; Smith,2010,2013,38.27751196172249
different_work,nearest_title,10.25009/s.2010.2.394,Trends in mental health presentations in a south Australian tertiary emergency department,Se intenta transitar desde una reflexión sobre la técnica hacia una concepción,Goldfinch; Kochar,Díaz Carvajal,2021,2013,48.75
different_work,nearest_title,10.25009/s.2010.2.394,Potential Measurement of High Corrosion Resistance Metals Surface in Atmospheric Environment,Se intenta transitar desde una reflexión sobre la técnica hacia una concepción,Hirohata; Noda; Katayama,Díaz Carvajal,2012,2013,48.19277108433735
different_work,nearest_title,10.25009/s.2010.2.394,Government size and economic growth in an endogenous growth model with rent‐seeking,Se intenta transitar desde una reflexión sobre la técnica hacia una concepción,Wadho; Ayaz,Díaz Carvajal,2017,2013,40.0
different_work,nearest_title,10.1177/1056789511425395,An Automatic Testing System Design for Accelerometer Based on LabVIEW,New Strain-Energy-Based Coupled Elastoplastic Two-Parameter Damage and Healing Models for Earth-Moving Processes,Zhang; Zhang; Gao,Ju; Yuan,2013,2011,50.828729281767956
different_work,nearest_title,10.1177/1056789511425395,Development of a Novel Solvent-Based Formulation for Pesticides That Are Prone to Crystallization,New Strain-Energy-Based Coupled Elastoplastic Two-Parameter Damage and Healing Models for Earth-Moving Processes,Leming; Moreno; Paganini,Ju; Yuan,2010,2011,50.717703349282296
different_work,random_title,10.1177/1056789511425395,LiVxFeyPO<sub>4</sub>f Nanostructure Cathodes for Lithium Ion Batteries,New Strain-Energy-Based Coupled Elastoplastic Two-Parameter Damage and Healing Models for Earth-Moving Processes,Channu; Thanedar,Ju; Yuan,2016,2011,37.07865168539326
different_work,nearest_title,10.1108/02644401011050912,Information overload in the context of apparel,Virtual testing for the prediction of damping in joints,Stanton; Paolo,Caignot; Ladevèze; Néron; Durand,2012,2010,55.445544554455445
different_work,nearest_title,10.1108/02644401011050912,Chaotic time series prediction for prenatal exposure to polychlorinated biphenyls in umbilical cord blood using the least squares SEATR model,Virtual testing for the prediction of damping in joints,Xu; Tang; Xia,Caignot; Ladevèze; Néron; Durand,2016,2010,55.26315789473684
different_work,nearest_title,10.1108/02644401011050912,Design of a Digitalized Testing System for Simple Beam Charpy Impact Testing Machine,Virtual testing for the prediction of damping in joints,Zheng; Wang; Ye,Caignot; Ladevèze; Néron; Durand,2012,2010,53.43511450381679
different_work,nearest_title,10.1111/efp.12010,Genital endometriosis and melatonin: a role in the pathogenesis and its possible use in the treatment of the disease,Pine wilt disease: detection of the pinewood nematode (<i><scp>B</scp>ursaphelenchus xylophilus</i>) as a tool for a pine breeding programme,Yarmolinskaya; Tkhazaplizheva; Molotkov,Ribeiro; Espada; Vu; Nóbrega; Mota; Carrasquinho,2019,2012,52.054794520547944
different_work,nearest_title,10.1111/efp.12010,Increased parental history of bipolar disorder in the <scp>U</scp>nited <scp>S</scp>tates: association with early age of onset,Pine wilt disease: detection of the pinewood nematode (<i><scp>B</scp>ursaphelenchus xylophilus</i>) as a tool for a pine breeding programme,Post; Leverich; Kupka,Ribeiro; Espada; Vu; Nóbrega; Mota; Carrasquinho,2013,2012,51.55555555555556
different_work,nearest_title,10.1111/efp.12010,Learning from history: How research evidence can inform policies to improve rural and remote medical workforce distribution,Pine wilt disease: detection of the pinewood nematode (<i><scp>B</scp>ursaphelenchus xylophilus</i>) as a tool for a pine breeding programme,Humphreys; Wakerman,Ribeiro; Espada; Vu; Nóbrega; Mota; Carrasquinho,2018,2012,43.15352697095436
different_work,random_title,10.12681/dchae.608,A New Snowboard Injury Caused by “FLOW” Bindings,Η κτιτορική τοιχογραφία στο περίστωο της Παντανάσσης Φιλιππιάδος,Haverkamp; Hoornenborg; Maas,ΒΟΚΟΤΟΠΟΥΛΟΣ,2014,2011,12.727272727272734
different_work,random_title,10.12681/dchae.608,The Teacher as Designer: Pedagogy in the New Media Age,Η κτιτορική τοιχογραφία στο περίστωο της Παντανάσσης Φιλιππιάδος,Kalantzis; Cope,ΒΟΚΟΤΟΠΟΥΛΟΣ,2010,2011,12.389380530973455
different_work,random_title,10.12681/dchae.608,"Anal Sac of a Cladid Crinoid from Permo-Carboniferous Talchir Formation, Talchir Basin, Odisha",Η κτιτορική τοιχογραφία στο περίστωο της Παντανάσσης Φιλιππιάδος,Chakraborty; Bhattacharya*,ΒΟΚΟΤΟΠΟΥΛΟΣ,2015,2011,9.459459459459453
different_work,nearest_title,10.4028/www.scientific.net/amr.821-822.1200,Failure investigation of a geosynthetic-reinforced soil slope subjected to rainfall,Investigation on Tensile Properties of Weft Insertion Warp Knitted Fabric Reinforced Composites,Yang; Thuo; Chen,Qin; Ma,2019,2013,57.30337078651685
different_work,nearest_title,10.4028/www.scientific.net/amr.821-822.1200,Mechanical properties of unidirectional continuous fiber tapes reinforced long fiber thermoplastics and their manufacturing,Investigation on Tensile Properties of Weft Insertion Warp Knitted Fabric Reinforced Composites,Fang; Shen; Dai,Qin; Ma,2015,2013,53.77358490566038
different_work,nearest_title,10.4028/www.scientific.net/amr.821-822.1200,Research on Evaluation of the City Environmental Pollution Based on Support Vector Machine,Investigation on Tensile Properties of Weft Insertion Warp Knitted Fabric Reinforced Composites,Zhang; Yang,Qin; Ma,2014,2013,45.05494505494506
different_work,nearest_title,10.1111/psyg.12099,"Mites of the Family Laelapidae (Acari, Mesostigmata) Associated with Scarab Beetles in Ukraine",Depressive symptoms associated with dabigatran: a case report,Trach; Joharchi,Eryilmaz; Enez Darcin; Saglam; Gogcegoz Gul,2018,2014,50.33112582781457
different_work,nearest_title,10.1111/psyg.12099,Increased parental history of bipolar disorder in the <scp>U</scp>nited <scp>S</scp>tates: association with early age of onset,Depressive symptoms associated with dabigatran: a case report,Post; Leverich; Kupka,Eryilmaz; Enez Darcin; Saglam; Gogcegoz Gul,2013,2014,49.397590361445786
different_work,nearest_title,10.1111/psyg.12099,On the aeroacoustic tonal noise generation mechanism of a sharp-edged plate,Depressive symptoms associated with dabigatran: a case report,Moreau; Brooks; Doolan,Eryilmaz; Enez Darcin; Saglam; Gogcegoz Gul,2011,2014,41.48148148148148
different_work,nearest_title,10.1111/tger.10153,A multi‐center study on the surgical management of metastatic disease to adrenal glands,Taking the Awful Out of the German Language: A Study of a New Way to Teach German Gender and Plural Assignment,Valeri; Bergamini; Tozzi,Kraiss,2010,2014,56.666666666666664
different_work,nearest_title,10.1111/tger.10153,Integrating an open-source course management system (Moodle) into the teaching of a first-year medical physiology course: a case study,Taking the Awful Out of the German Language: A Study of a New Way to Teach German Gender and Plural Assignment,Seluakumaran; Jusof; Ismail,Kraiss,2011,2014,52.093023255813954
different_work,nearest_title,10.1111/tger.10153,Feasibility and user experience of virtual reality fashion stores,Taking the Awful Out of the German Language: A Study of a New Way to Teach German Gender and Plural Assignment,Park; Im; Kim,Kraiss,2018,2014,40.50632911392405
different_work,nearest_title,10.1002/jso.21843,Taking the Awful Out of the German Language: A Study of a New Way to Teach German Gender and Plural Assignment,A multi‐center study on the surgical management of metastatic disease to adrenal glands,Kraiss,Valeri; Bergamini; Tozzi; Martellucci; Di Costanzo; Antonuzzo,2014,2010,56.666666666666664
different_work,nearest_title,10.1002/jso.21843,Integrating an open-source course management system (Moodle) into the teaching of a first-year medical physiology course: a case study,A multi‐center study on the surgical management of metastatic disease to adrenal glands,Seluakumaran; Jusof; Ismail,Valeri; Bergamini; Tozzi; Martellucci; Di Costanzo; Antonuzzo,2011,2010,54.54545454545455
different_work,random_title,10.1002/jso.21843,Hydrides as High Capacity Anodes in Lithium Cells: An Italian “Futuro in Ricerca di Base FIRB-2010” Project,A multi‐center study on the surgical management of metastatic disease to adrenal glands,Brutti; Panero; Paolone,Valeri; Bergamini; Tozzi; Martellucci; Di Costanzo; Antonuzzo,2017,2010,38.297872340425535
different_work,nearest_title,10.1590/s2236-34592014000300004,Estudio de programas orientados a impulsar la innovación empresarial en Paraguay y Uruguay. Un análisis desde la perspectiva de la Teoría de Schumpeter,"Renovação dos programas de ensino de aritmética da escola primária em São Paulo e no Paraná, nos anos de 1930: um estudo histórico comparativo",Olmedo-Barchello; García,Pinto,2023,2014,51.470588235294116
different_work,nearest_title,10.1590/s2236-34592014000300004,"Da aquisição da imagem corporal: o papel docente junto a prática física, educativa, pedagógica e corporal em adolescentes","Renovação dos programas de ensino de aritmética da escola primária em São Paulo e no Paraná, nos anos de 1930: um estudo histórico comparativo",Rodrigues; Capelletti,Pinto,2014,2014,50.0
different_work,nearest_title,10.1590/s2236-34592014000300004,Conditional stability versus ill-posedness for operator equations with monotone operators in Hilbert space,"Renovação dos programas de ensino de aritmética da escola primária em São Paulo e no Paraná, nos anos de 1930: um estudo histórico comparativo",Boţ; Hofmann,Pinto,2016,2014,40.0
different_work,nearest_title,10.1063/1.4863169,The Influence of Plastic Deformation on the Corrosion Behavior of a Cast High‐Alloy CrMnNi TRIP Steel,Low temperature and magnetic field behaviour of the (Cr84Re16)89.6V10.4 alloy,Mandel; Böhme; Hauser,Jacobs; Sheppard; Prinsloo; Lodya,2016,2014,52.94117647058823
different_work,nearest_title,10.1063/1.4863169,"Keggin Heteropolyacid Catalyzed Synthesis of Isoxazolo‐ [5,4‐<i>d</i>]pyrimidine‐4,6(5<i>H</i>,7<i>H</i>)‐diones at Room Temperature",Low temperature and magnetic field behaviour of the (Cr84Re16)89.6V10.4 alloy,Bamoharram; Roshani; Heravi,Jacobs; Sheppard; Prinsloo; Lodya,2010,2014,48.35164835164835
different_work,random_title,10.1063/1.4863169,Investigation on Tensile Properties of Weft Insertion Warp Knitted Fabric Reinforced Composites,Low temperature and magnetic field behaviour of the (Cr84Re16)89.6V10.4 alloy,Qin; Ma,Jacobs; Sheppard; Prinsloo; Lodya,2013,2014,36.25730994152047
different_work,nearest_title,10.1017/s0010417512000576,"Reorganization of Multinational Companies in the Western European Chemical Industry: Transformations in Industrial Management and Labor, 1960s to 1990s","Margaret Tart, Lao She, and the Opium-Master's Wife: Race and Class among Chinese Commercial Immigrants in London and Australia, 1866–1929",MARX,Auerbach,2019,2013,48.529411764705884
different_work,nearest_title,10.1017/s0010417512000576,A Possible Role of Pulegone against Glypican-1 for the Treatment of Alzheimer’s Disease through In-Silico Approach,"Margaret Tart, Lao She, and the Opium-Master's Wife: Race and Class among Chinese Commercial Immigrants in London and Australia, 1866–1929",Kaushik,Auerbach,2021,2013,48.10126582278481
different_work,nearest_title,10.1017/s0010417512000576,The Influence of Plastic Deformation on the Corrosion Behavior of a Cast High‐Alloy CrMnNi TRIP Steel,"Margaret Tart, Lao She, and the Opium-Master's Wife: Race and Class among Chinese Commercial Immigrants in London and Australia, 1866–1929",Mandel; Böhme; Hauser,Auerbach,2016,2013,42.72727272727273
different_work,nearest_title,10.1111/ele.12144,Estimation of Changes in Mechanical and Color Properties from the Weight Loss Data of “Shine Muscat” Fruit during Storage,Rates of projected climate change dramatically exceed past rates of climatic niche evolution among vertebrate species,Watanabe; Nakamura; Ota,Quintero; Wiens,2018,2013,52.67857142857143
different_work,nearest_title,10.1111/ele.12144,Ocean-based Climate Action and Human Rights Implications under the International Climate Change Regime,Rates of projected climate change dramatically exceed past rates of climatic niche evolution among vertebrate species,Morgera; Lennan; Kulovesi,Quintero; Wiens,2023,2013,50.495049504950494
different_work,nearest_title,10.1111/ele.12144,O trabalho dos agentes comunitários de saúde em evidência: uma análise com foco na atividade,Rates of projected climate change dramatically exceed past rates of climatic niche evolution among vertebrate species,Binda; Bianco; Sousa,Quintero; Wiens,2013,2013,41.20603015075377
different_work,nearest_title,10.3917/cdsu.058.0021,Emergence of tunable resistive pulse sensing as a biosensor,"Un réseau de transport pour désenclaver le quartier, à Aubenas",Blundell; Mayne; Billinge,Deleuze,2015,2013,51.666666666666664
different_work,nearest_title,10.3917/cdsu.058.0021,Electrical transport and optical band gap of NiFe2Ox thin films,"Un réseau de transport pour désenclaver le quartier, à Aubenas",Bougiatioti; Manos; Klewe,Deleuze,2017,2013,50.0
different_work,random_title,10.3917/cdsu.058.0021,"Assessment of Nutrient Contents in River Waters  Introduced to Beni Haroun Dam, North East Algeria","Un réseau de transport pour désenclaver le quartier, à Aubenas",Bouchareb; K. Boudeffa; Lalaoui,Deleuze,2022,2013,39.49044585987261
different_work,nearest_title,10.1007/s12598-013-0053-x,Genital endometriosis and melatonin: a role in the pathogenesis and its possible use in the treatment of the disease,"The electrochemical hydrogen storage performances of Si‐added La–Mg–Ni–Co‐based A
                    <sub>2</sub>
                    B
                    <sub>7</sub>
                    ‐type electrode alloys",Yarmolinskaya; Tkhazaplizheva; Molotkov,Zhang; Chen; Yang; Xu; Ren; Zhao,2019,2013,49.76525821596244
different_work,nearest_title,10.1007/s12598-013-0053-x,The Influence of Plastic Deformation on the Corrosion Behavior of a Cast High‐Alloy CrMnNi TRIP Steel,"The electrochemical hydrogen storage performances of Si‐added La–Mg–Ni–Co‐based A
                    <sub>2</sub>
                    B
                    <sub>7</sub>
                    ‐type electrode alloys",Mandel; Böhme; Hauser,Zhang; Chen; Yang; Xu; Ren; Zhao,2016,2013,49.27536231884058
different_work,nearest_title,10.1007/s12598-013-0053-x,Special Need Students in the Struggle for the Character of Schooling in America,"The electrochemical hydrogen storage performances of Si‐added La–Mg–Ni–Co‐based A
                    <sub>2</sub>
                    B
                    <sub>7</sub>
                    ‐type electrode alloys",Sutton; Beese; Puckett,Zhang; Chen; Yang; Xu; Ren; Zhao,2017,2013,44.32432432432432
different_work,nearest_title,10.1159/000337098,Effects of phosphorylation at Tyr‐659 in endothelial nitric oxide synthase on its interaction with calmodulin and catalytic activity,Probiotic Supplements (Lactobacillus reuteri DSM 17938 and ATCC PTA 5289) Do Not Affect Regrowth of Mutans Streptococci after Full-Mouth Disinfection with Chlorhexidine: A Randomized Controlled Multicenter Trial,Tran; Persechini; Giles,Keller; Hasslöf; Dahlén; Stecksén-Blicks; Twetman,2011,2012,47.05882352941177
different_work,nearest_title,10.1159/000337098,Climbing fiber‐evoked Purkinje cell discharge reduces expression of GABA<scp>a</scp> receptor‐associated protein and decreases its interaction with GABA<scp>a</scp> receptors,Probiotic Supplements (Lactobacillus reuteri DSM 17938 and ATCC PTA 5289) Do Not Affect Regrowth of Mutans Streptococci after Full-Mouth Disinfection with Chlorhexidine: A Randomized Controlled Multicenter Trial,Qian; Yakhnitsa; Barmack,Keller; Hasslöf; Dahlén; Stecksén-Blicks; Twetman,2011,2012,46.796657381615596
different_work,random_title,10.1159/000337098,Physico Chemical Analysis of Sapota (Manilkara zapota) Coated by Edible Aloe Vera Gel,Probiotic Supplements (Lactobacillus reuteri DSM 17938 and ATCC PTA 5289) Do Not Affect Regrowth of Mutans Streptococci after Full-Mouth Disinfection with Chlorhexidine: A Randomized Controlled Multicenter Trial,Padmaja; Don Bosco; Rao,Keller; Hasslöf; Dahlén; Stecksén-Blicks; Twetman,2015,2012,33.676975945017176
different_work,nearest_title,10.1002/cjoc.201090180,Low temperature and magnetic field behaviour of the (Cr84Re16)89.6V10.4 alloy,"Keggin Heteropolyacid Catalyzed Synthesis of Isoxazolo‐ [5,4‐<i>d</i>]pyrimidine‐4,6(5<i>H</i>,7<i>H</i>)‐diones at Room Temperature",Jacobs; Sheppard; Prinsloo,Bamoharram; Roshani; Heravi; Mahdavi; Javid; Emampour,2014,2010,48.35164835164835
different_work,nearest_title,10.1002/cjoc.201090180,7.2: Wide Temperature Range Blue Phase Liquid Crystals for Display Applications,"Keggin Heteropolyacid Catalyzed Synthesis of Isoxazolo‐ [5,4‐<i>d</i>]pyrimidine‐4,6(5<i>H</i>,7<i>H</i>)‐diones at Room Temperature",Xiang; Lu; Chien,Bamoharram; Roshani; Heravi; Mahdavi; Javid; Emampour,2010,2010,47.82608695652174
different_work,random_title,10.1002/cjoc.201090180,The role of kinship in the formation of a primate multilevel society,"Keggin Heteropolyacid Catalyzed Synthesis of Isoxazolo‐ [5,4‐<i>d</i>]pyrimidine‐4,6(5<i>H</i>,7<i>H</i>)‐diones at Room Temperature",Guo; Huang; Ji,Bamoharram; Roshani; Heravi; Mahdavi; Javid; Emampour,2014,2010,39.52095808383233
different_work,nearest_title,10.1557/jmr.2010.20,Effects of Self-Esteem Threat on Physical Attractiveness Stereotypes,Sequential self-assembly of micron-scale components with light,Westfall; Millar; Walsh,Saeedi; Etzkorn; Parviz,2019,2011,50.76923076923077
different_work,nearest_title,10.1557/jmr.2010.20,Comparison of the ITS Sequences of 5 Common &lt;i&gt;Potentilla&lt;/i&gt; Species in Jilin Province of China,Sequential self-assembly of micron-scale components with light,Zhang; Liu; Wang,Saeedi; Etzkorn; Parviz,2012,2011,48.36601307189542
different_work,random_title,10.1557/jmr.2010.20,Hydrides as High Capacity Anodes in Lithium Cells: An Italian “Futuro in Ricerca di Base FIRB-2010” Project,Sequential self-assembly of micron-scale components with light,Brutti; Panero; Paolone,Saeedi; Etzkorn; Parviz,2017,2011,34.355828220858896
different_work,nearest_title,10.1111/j.1755-3768.2014.f057.x,Comparison of region-of-interest-averaged and pixel-averaged analysis of DCE-MRI data based on simulations and pre-clinical experiments,Antiangiogenic effect of ALS‐L1023 on experimental choroidal neovascularization in mice,He; Zamora; Oto,KANG; RHO,2017,2014,55.172413793103445
different_work,nearest_title,10.1111/j.1755-3768.2014.f057.x,Effect Analysis of Different Exhaust Velocity on Fire Smoke Control in Subway Tunnel,Antiangiogenic effect of ALS‐L1023 on experimental choroidal neovascularization in mice,Han; Gao; Cong,KANG; RHO,2012,2014,51.461988304093566
different_work,nearest_title,10.1111/j.1755-3768.2014.f057.x,A Teoria da Complexidade de Edgar Morin e o Ensino de Ciência e Tecnologia,Antiangiogenic effect of ALS‐L1023 on experimental choroidal neovascularization in mice,Salles; Matos,KANG; RHO,2017,2014,42.30769230769231
different_work,nearest_title,10.5565/rev/aiet.2,International Conference on HIV-AIDS in Nepal-2010,2012: La segona recessió,Assistant,Recio Andreu,2011,2013,43.83561643835616
different_work,random_title,10.5565/rev/aiet.2,Emergence of tunable resistive pulse sensing as a biosensor,2012: La segona recessió,Blundell; Mayne; Billinge,Recio Andreu,2015,2013,39.02439024390244
different_work,random_title,10.5565/rev/aiet.2,The Teacher as Designer: Pedagogy in the New Media Age,2012: La segona recessió,Kalantzis; Cope,Recio Andreu,2010,2013,30.555555555555557
different_work,nearest_title,10.19026/ajfst.5.3272,A multi‐center study on the surgical management of metastatic disease to adrenal glands,Analysis of Factors Influencing the Satisfaction Degree of Leisure Agricultural Parks Management Based on Binary Logistic Model,Valeri; Bergamini; Tozzi,Zhang; Zhao,2010,2013,53.08056872037915
different_work,nearest_title,10.19026/ajfst.5.3272,Comparison of region-of-interest-averaged and pixel-averaged analysis of DCE-MRI data based on simulations and pre-clinical experiments,Analysis of Factors Influencing the Satisfaction Degree of Leisure Agricultural Parks Management Based on Binary Logistic Model,He; Zamora; Oto,Zhang; Zhao,2017,2013,52.5
different_work,nearest_title,10.19026/ajfst.5.3272,Waves Across the Himalayas: On the Typological Characteristics and History of the Bodic Subfamily of Tibeto‐Burman,Analysis of Factors Influencing the Satisfaction Degree of Leisure Agricultural Parks Management Based on Binary Logistic Model,Hyslop,Zhang; Zhao,2014,2013,44.24778761061947
different_work,nearest_title,10.7183/0002-7316.76.3.473,Comparison of region-of-interest-averaged and pixel-averaged analysis of DCE-MRI data based on simulations and pre-clinical experiments,An Analysis of the Last 1000 Years Human Diet on Tutuila (American Samoa) Using Carbon and Nitrogen Stable Isotope Data,He; Zamora; Oto,Valentin; Herrscher; Petchey; Addison,2017,2011,54.93562231759657
different_work,nearest_title,10.7183/0002-7316.76.3.473,Analysis of Factors Influencing the Satisfaction Degree of Leisure Agricultural Parks Management Based on Binary Logistic Model,An Analysis of the Last 1000 Years Human Diet on Tutuila (American Samoa) Using Carbon and Nitrogen Stable Isotope Data,Zhang; Zhao,Valentin; Herrscher; Petchey; Addison,2013,2011,52.28215767634855
different_work,random_title,10.7183/0002-7316.76.3.473,Convergencia partidaria y cambio social. El caso de México (1982-2010),An Analysis of the Last 1000 Years Human Diet on Tutuila (American Samoa) Using Carbon and Nitrogen Stable Isotope Data,Johansson Mondragón,Valentin; Herrscher; Petchey; Addison,2012,2011,38.04347826086956
different_work,nearest_title,10.1017/s0003598x0006748x,Correlation of drug‐induced apoptosis assay results with oncologist treatment decisions and patient response and survival,"Paul Jacobsthal's<i>Early Celtic Art</i>, his anonymous co-author, and National Socialism: new evidence from the archives",Bosserman; Rajurkar; Rogers,Crawford; Ulmschneider,2012,2011,49.35064935064935
different_work,nearest_title,10.1017/s0003598x0006748x,Health Care Utilization and Associated Costs in Elderly Persons with Non-CML Myeloproliferative Neoplasms: Real-World Evidence From a United States Medicare Population,"Paul Jacobsthal's<i>Early Celtic Art</i>, his anonymous co-author, and National Socialism: new evidence from the archives",Karve; Price; Davis,Crawford; Ulmschneider,2012,2011,49.285714285714285
different_work,random_title,10.1017/s0003598x0006748x,Возможности тразодона в патогенетической терапии хронической боли,"Paul Jacobsthal's<i>Early Celtic Art</i>, his anonymous co-author, and National Socialism: new evidence from the archives",Tsiurko; Pelepeichenko; Raskalei,Crawford; Ulmschneider,2015,2011,6.703910614525142
different_work,nearest_title,10.4028/www.scientific.net/amm.651-653.1460,Evaluation of Color Changes of Different Resin Cements in Feldspathic Ceramic Crowns After Accelerated Aging: An In Vitro Research,Research on Evaluation of the City Environmental Pollution Based on Support Vector Machine,Eskitaşçıoğlu; Akdeniz; Değirmenci,Zhang; Yang,2021,2014,54.285714285714285
different_work,nearest_title,10.4028/www.scientific.net/amm.651-653.1460,On the aeroacoustic tonal noise generation mechanism of a sharp-edged plate,Research on Evaluation of the City Environmental Pollution Based on Support Vector Machine,Moreau; Brooks; Doolan,Zhang; Yang,2011,2014,53.08641975308642
different_work,nearest_title,10.4028/www.scientific.net/amm.651-653.1460,Individualized and Depoliticized: A Study of Chinese Blogosphere in Singapore,Research on Evaluation of the City Environmental Pollution Based on Support Vector Machine,Soon; Sim,Zhang; Yang,2015,2014,40.49079754601227
different_work,nearest_title,10.4028/www.scientific.net/amr.424-425.1224,A multi‐center study on the surgical management of metastatic disease to adrenal glands,Effect Analysis of Different Exhaust Velocity on Fire Smoke Control in Subway Tunnel,Valeri; Bergamini; Tozzi,Han; Gao; Cong,2010,2012,51.461988304093566
different_work,nearest_title,10.4028/www.scientific.net/amr.424-425.1224,Antiangiogenic effect of ALS‐L1023 on experimental choroidal neovascularization in mice,Effect Analysis of Different Exhaust Velocity on Fire Smoke Control in Subway Tunnel,KANG; RHO,Han; Gao; Cong,2014,2012,51.461988304093566
different_work,random_title,10.4028/www.scientific.net/amr.424-425.1224,AL-MUSYKILÂT AL-TSAQÂFIYAH ALLATÎ TUJÂBAHU MUTA’ALLIMI AL-LUGHAH AL-‘ARABIYAH BI WASHFIHÂ LUGHAH TSÂNIYAH FÎ BILÂD AL-MALÂYÛ,Effect Analysis of Different Exhaust Velocity on Fire Smoke Control in Subway Tunnel,Abdalla,Han; Gao; Cong,2018,2012,29.787234042553195
different_work,nearest_title,10.7547/0003-0538-104.3.287,Direct laser writing of a new type of waveguides in silver containing glasses,A New Snowboard Injury Caused by “FLOW” Bindings,Abou Khalil; Bérubé; Danto,Haverkamp; Hoornenborg; Maas; Kerkhoffs,2017,2014,45.0
different_work,nearest_title,10.7547/0003-0538-104.3.287,(Invited) Discovery and Structural Design of New LEDs Phosphors,A New Snowboard Injury Caused by “FLOW” Bindings,Xia,Haverkamp; Hoornenborg; Maas; Kerkhoffs,2016,2014,42.99065420560748
different_work,random_title,10.7547/0003-0538-104.3.287,Waves Across the Himalayas: On the Typological Characteristics and History of the Bodic Subfamily of Tibeto‐Burman,A New Snowboard Injury Caused by “FLOW” Bindings,Hyslop,Haverkamp; Hoornenborg; Maas; Kerkhoffs,2014,2014,32.432432432432435
different_work,nearest_title,10.1108/13612021211265854,Analyzer for measuring gas contained in the pore space of rocks,Information overload in the context of apparel,Kudasik; Skoczylas,Stanton; Paolo,2017,2012,60.55045871559633
different_work,nearest_title,10.1108/13612021211265854,Virtual testing for the prediction of damping in joints,Information overload in the context of apparel,Caignot; Ladevèze; Néron,Stanton; Paolo,2010,2012,55.445544554455445
different_work,random_title,10.1108/13612021211265854,"Alejandro García Molinos, La adivinación en los papiros mágicos griegos, Monografías de Filología Griega nº 27, Zaragoza, Prensas Universitarias de Zaragoza, 2017, 520 pp., ISBN 978-84-16935-38-3",Information overload in the context of apparel,Zamora Salamanca,Stanton; Paolo,2018,2012,26.24434389140272
different_work,nearest_title,10.1049/el.2017.1949,An Automatic Testing System Design for Accelerometer Based on LabVIEW,Chaos theory‐based NHZ‐FH sequence set for quasi‐synchronous FHMA system,Zhang; Zhang; Gao,Zeng; Liu,2013,2017,52.4822695035461
different_work,nearest_title,10.1049/el.2017.1949,Analyzer for measuring gas contained in the pore space of rocks,Chaos theory‐based NHZ‐FH sequence set for quasi‐synchronous FHMA system,Kudasik; Skoczylas,Zeng; Liu,2017,2017,47.407407407407405
different_work,random_title,10.1049/el.2017.1949,Investigation on Tensile Properties of Weft Insertion Warp Knitted Fabric Reinforced Composites,Chaos theory‐based NHZ‐FH sequence set for quasi‐synchronous FHMA system,Qin; Ma,Zeng; Liu,2013,2017,33.532934131736525
different_work,nearest_title,10.1149/ma2016-02/43/3193,The Teacher as Designer: Pedagogy in the New Media Age,(Invited) Discovery and Structural Design of New LEDs Phosphors,Kalantzis; Cope,Xia,2010,2016,50.90909090909091
different_work,nearest_title,10.1149/ma2016-02/43/3193,Feasibility and user experience of virtual reality fashion stores,(Invited) Discovery and Structural Design of New LEDs Phosphors,Park; Im; Kim,Xia,2018,2016,50.79365079365079
different_work,random_title,10.1149/ma2016-02/43/3193,Spontaneous mode-selection in the self-propelled motion of a solid/liquid composite driven by interfacial instability,(Invited) Discovery and Structural Design of New LEDs Phosphors,Takabatake; Magome; Ichikawa,Xia,2011,2016,38.20224719101124
different_work,nearest_title,10.1108/jamr-12-2018-0112,Virtual testing for the prediction of damping in joints,Examining social capital and participation in networking sites,Caignot; Ladevèze; Néron,Varshney; Rajwanshi,2010,2019,54.7008547008547
different_work,nearest_title,10.1108/jamr-12-2018-0112,"An introduction to superficial, medium, deep and combination chemical peels",Examining social capital and participation in networking sites,Bowes,Varshney; Rajwanshi,2013,2019,50.370370370370374
different_work,random_title,10.1108/jamr-12-2018-0112,Effective field theory approach to modified gravity including Horndeski theory and Hořava–Lifshitz gravity,Examining social capital and participation in networking sites,Kase; Tsujikawa,Varshney; Rajwanshi,2014,2019,39.21568627450981
different_work,nearest_title,10.1680/jgein.18.00035,Investigation on Tensile Properties of Weft Insertion Warp Knitted Fabric Reinforced Composites,Failure investigation of a geosynthetic-reinforced soil slope subjected to rainfall,Qin; Ma,Yang; Thuo; Chen; Liu,2013,2019,57.30337078651685
different_work,nearest_title,10.1680/jgein.18.00035,Investigation of Phenolic Resin-Modified Asphalt and Its Mixtures,Failure investigation of a geosynthetic-reinforced soil slope subjected to rainfall,Wang; Wang; Huang,Yang; Thuo; Chen; Liu,2024,2019,52.7027027027027
different_work,nearest_title,10.1680/jgein.18.00035,Examining social capital and participation in networking sites,Failure investigation of a geosynthetic-reinforced soil slope subjected to rainfall,Varshney; Rajwanshi,Yang; Thuo; Chen; Liu,2019,2019,42.758620689655174
different_work,nearest_title,10.1186/s40691-018-0149-x,Virtual testing for the prediction of damping in joints,Feasibility and user experience of virtual reality fashion stores,Caignot; Ladevèze; Néron,Park; Im; Kim,2010,2018,55.0
different_work,nearest_title,10.1186/s40691-018-0149-x,(Invited) Discovery and Structural Design of New LEDs Phosphors,Feasibility and user experience of virtual reality fashion stores,Xia,Park; Im; Kim,2016,2018,50.79365079365079
different_work,random_title,10.1186/s40691-018-0149-x,"Lowstand wedges in carbonate platform slopes (Quaternary, Maldives, Indian Ocean)",Feasibility and user experience of virtual reality fashion stores,Betzler; Hübscher; Lindhorst,Park; Im; Kim,2016,2018,38.028169014084504
different_work,nearest_title,10.1161/hypertensionaha.115.06415,Government size and economic growth in an endogenous growth model with rent‐seeking,Lanosterol Synthase Gene Polymorphisms and Changes in Endogenous Ouabain in the Response to Low Sodium Intake,Wadho; Ayaz,Lanzani; Gatti; Citterio; Messaggio; Delli Carpini; Simonini; Casamassima; Zagato; Brioni; Hamlyn; Manunta,2017,2016,52.747252747252745
different_work,nearest_title,10.1161/hypertensionaha.115.06415,Failure to Lyse Venous Thrombi Because of Elevated Plasminogen Activator Inhibitor 1 (PAI-1) and 4G Polymorphism of Its Promotor Genome (The PAI-1/4G Syndrome),Lanosterol Synthase Gene Polymorphisms and Changes in Endogenous Ouabain in the Response to Low Sodium Intake,Bern; McCarthy,Lanzani; Gatti; Citterio; Messaggio; Delli Carpini; Simonini; Casamassima; Zagato; Brioni; Hamlyn; Manunta,2010,2016,52.63157894736842
different_work,nearest_title,10.1161/hypertensionaha.115.06415,Untangling research and practice: What Facebook’s “emotional contagion” study teaches us,Lanosterol Synthase Gene Polymorphisms and Changes in Endogenous Ouabain in the Response to Low Sodium Intake,boyd,Lanzani; Gatti; Citterio; Messaggio; Delli Carpini; Simonini; Casamassima; Zagato; Brioni; Hamlyn; Manunta,2015,2016,41.8848167539267
different_work,nearest_title,10.3139/104.111578,"An introduction to superficial, medium, deep and combination chemical peels",PSS 4.0 – Einflüsse von Industrie 4.0 auf Produkt-Service Systeme,Bowes,Aurich; Kölsch; Herder; Mert,2013,2016,45.45454545454545
different_work,nearest_title,10.3139/104.111578,Analysis of Loss of Essential Power System Reported in Nuclear Power Plants,PSS 4.0 – Einflüsse von Industrie 4.0 auf Produkt-Service Systeme,Volkanovski; Peinador Veira,Aurich; Kölsch; Herder; Mert,2018,2016,44.8
different_work,random_title,10.3139/104.111578,Obesity and overweight issues could undermine Malaysia’s competitiveness,PSS 4.0 – Einflüsse von Industrie 4.0 auf Produkt-Service Systeme,Hassan; Sade; Rahman,Aurich; Kölsch; Herder; Mert,2018,2016,36.6412213740458
different_work,nearest_title,10.24320/redie.2018.20.1.1497,Prácticas heterodoxas y<i>santidad queer</i>: “El proceso de fe” (s. XVII) de las monjas clarisas de Trujillo,Representaciones sociales: el significado de la educación física para los estudiantes de esa disciplina,Paz Torres; Ruiz Tresgallo,Caniuqueo Vargas; Hernández-Mosqueira; Troyano Agredo; Riquelme Uribe; Vargas; Vargas Vitoria; Fernandes Filho,2022,2018,48.958333333333336
different_work,nearest_title,10.24320/redie.2018.20.1.1497,La coalition face au gouvernement écossais du SNP : l'épineuse question du statut de l'Écosse,Representaciones sociales: el significado de la educación física para los estudiantes de esa disciplina,Camp-Pietrain,Caniuqueo Vargas; Hernández-Mosqueira; Troyano Agredo; Riquelme Uribe; Vargas; Vargas Vitoria; Fernandes Filho,2014,2018,48.648648648648646
different_work,random_title,10.24320/redie.2018.20.1.1497,PSS 4.0 – Einflüsse von Industrie 4.0 auf Produkt-Service Systeme,Representaciones sociales: el significado de la educación física para los estudiantes de esa disciplina,Aurich; Kölsch; Herder,Caniuqueo Vargas; Hernández-Mosqueira; Troyano Agredo; Riquelme Uribe; Vargas; Vargas Vitoria; Fernandes Filho,2016,2018,35.44303797468355
different_work,nearest_title,10.51206/e-legis.v12i30.511,La patologización de la conducta: discursos asistenciales acerca del trastorno disocial,MÉTODOS DE ANÁLISE AUTOMATIZADA DE CONTEÚDO  APLICADOS AOS DISCURSOS PARLAMENTARES,Garrido Hernández,Vieira,2018,2019,52.17391304347826
different_work,nearest_title,10.51206/e-legis.v12i30.511,O trabalho dos agentes comunitários de saúde em evidência: uma análise com foco na atividade,MÉTODOS DE ANÁLISE AUTOMATIZADA DE CONTEÚDO  APLICADOS AOS DISCURSOS PARLAMENTARES,Binda; Bianco; Sousa,Vieira,2013,2019,49.70414201183432
different_work,nearest_title,10.51206/e-legis.v12i30.511,A Possible Role of Pulegone against Glypican-1 for the Treatment of Alzheimer’s Disease through In-Silico Approach,MÉTODOS DE ANÁLISE AUTOMATIZADA DE CONTEÚDO  APLICADOS AOS DISCURSOS PARLAMENTARES,Kaushik,Vieira,2021,2019,42.32804232804233
different_work,nearest_title,10.3390/a12050108,Programmable omni-resonance using space–time fields,Real-Time Arm Gesture Recognition Using 3D Skeleton Joint Data,Shiri; Schepler; Abouraddy,Paraskevopoulos; Spyrou; Sgouropoulos; Giannakopoulos; Mylonas,2020,2019,51.32743362831859
different_work,nearest_title,10.3390/a12050108,Virtual testing for the prediction of damping in joints,Real-Time Arm Gesture Recognition Using 3D Skeleton Joint Data,Caignot; Ladevèze; Néron,Paraskevopoulos; Spyrou; Sgouropoulos; Giannakopoulos; Mylonas,2010,2019,49.572649572649574
different_work,random_title,10.3390/a12050108,PENERAPAN APLIKASI PENCATATAN KAS BERBASIS CODEIGNITER MENGGUNAKAN PENDEKATAN CASH BASIS DI ARA CELL,Real-Time Arm Gesture Recognition Using 3D Skeleton Joint Data,Bustomi; Rahaningsih,Paraskevopoulos; Spyrou; Sgouropoulos; Giannakopoulos; Mylonas,2023,2019,37.03703703703704
different_work,nearest_title,10.14710/ik.ijms.24.1.1-6,Fusion of complex odontome with permanent mandibular molar,Nutrient Composition of Dried Seaweed Gracilaria gracilis,Talari; Ananda; Prince,Rasyid; Ardiansyah; Pangestuti,2012,2019,48.69565217391305
different_work,nearest_title,10.14710/ik.ijms.24.1.1-6,On the aeroacoustic tonal noise generation mechanism of a sharp-edged plate,Nutrient Composition of Dried Seaweed Gracilaria gracilis,Moreau; Brooks; Doolan,Rasyid; Ardiansyah; Pangestuti,2011,2019,46.96969696969697
different_work,random_title,10.14710/ik.ijms.24.1.1-6,Multiple Identities and Emerging Selves in Bharati Mukherjee’s Jasmine,Nutrient Composition of Dried Seaweed Gracilaria gracilis,Ștefanovici; Florina-Gabriela,Rasyid; Ardiansyah; Pangestuti,2019,2019,36.22047244094488
different_work,nearest_title,10.1149/ma2016-02/3/402,Duration of Membership at Sports Centers and Reasons for Quitting,LiVxFeyPO<sub>4</sub>f Nanostructure Cathodes for Lithium Ion Batteries,Nuviala; Grao-Cruces; Teva-Villén,Channu; Thanedar,2013,2016,47.32824427480916
different_work,nearest_title,10.1149/ma2016-02/3/402,Tight stellar binaries favour active longitudes at sub- and antistellar points,LiVxFeyPO<sub>4</sub>f Nanostructure Cathodes for Lithium Ion Batteries,Sethi; Martin,Channu; Thanedar,2024,2016,46.15384615384615
different_work,random_title,10.1149/ma2016-02/3/402,"Keggin Heteropolyacid Catalyzed Synthesis of Isoxazolo‐ [5,4‐<i>d</i>]pyrimidine‐4,6(5<i>H</i>,7<i>H</i>)‐diones at Room Temperature",LiVxFeyPO<sub>4</sub>f Nanostructure Cathodes for Lithium Ion Batteries,Bamoharram; Roshani; Heravi,Channu; Thanedar,2010,2016,39.53488372093023
different_work,nearest_title,10.1158/1538-7445.am2017-1091,Abstract 608: IFN-γ elicits stimulatory MHC class I isotypes in human colorectal carcinoma cell lines with genetic features of microsatellite stable,Abstract 1091: Paclitaxel-loaded microparticles in combination with gemcitabine-loaded microparticles decreases gemcitabine resistance and promotes cell death in pancreatic cancer cell lines,Liang; Chan; Lee,Munoz-Sagastibelza; Moshchinsky; Okome; Sanchez; Gupta; Martello-Rooney,2018,2017,53.74149659863946
different_work,nearest_title,10.1158/1538-7445.am2017-1091,Climbing fiber‐evoked Purkinje cell discharge reduces expression of GABA<scp>a</scp> receptor‐associated protein and decreases its interaction with GABA<scp>a</scp> receptors,Abstract 1091: Paclitaxel-loaded microparticles in combination with gemcitabine-loaded microparticles decreases gemcitabine resistance and promotes cell death in pancreatic cancer cell lines,Qian; Yakhnitsa; Barmack,Munoz-Sagastibelza; Moshchinsky; Okome; Sanchez; Gupta; Martello-Rooney,2011,2017,53.02013422818792
different_work,nearest_title,10.1158/1538-7445.am2017-1091,Impacto da Ferramenta “Fazendo as Contas” na Capacitação do Projeto São José III - 2ª Fase,Abstract 1091: Paclitaxel-loaded microparticles in combination with gemcitabine-loaded microparticles decreases gemcitabine resistance and promotes cell death in pancreatic cancer cell lines,Costa Sousa; De Souza Junior; Augusto Xavier Lima,Munoz-Sagastibelza; Moshchinsky; Okome; Sanchez; Gupta; Martello-Rooney,2024,2017,42.918454935622314
different_work,nearest_title,10.21697/pk.2017.60.2.02,Se intenta transitar desde una reflexión sobre la técnica hacia una concepción,Duszpasterstwo lotnictwa cywilnego. Wskazania pastoralno-kanoniczne,Díaz Carvajal,NECEL,2013,2017,45.714285714285715
different_work,nearest_title,10.21697/pk.2017.60.2.02,Occupational Therapy Life Skills Training for Juvenile Offenders in Foster Care,Duszpasterstwo lotnictwa cywilnego. Wskazania pastoralno-kanoniczne,Kramper; Hullman; Allmayer,NECEL,2015,2017,42.758620689655174
different_work,random_title,10.21697/pk.2017.60.2.02,"Novel Peptidomimetics for Inhibition of
                    <scp>HER</scp>
                    2:
                    <scp>HER</scp>
                    3 Heterodimerization in
                    <scp>HER</scp>
                    2‐Positive Breast Cancer",Duszpasterstwo lotnictwa cywilnego. Wskazania pastoralno-kanoniczne,Kanthala; Banappagari; Gokhale,NECEL,2014,2017,33.33333333333333
different_work,nearest_title,10.1137/18m1176798,Precessing vortices and antivortices in ferromagnetic elements,Projection-Based Finite Elements for Nonlinear Function Spaces,Lyberatos; Komineas; Papanicolaou,Grohs; Hardering; Sander; Sprecher,2011,2019,58.064516129032256
different_work,nearest_title,10.1137/18m1176798,New Protonic Membranes Based on Sulfonated Polyethersulfone,Projection-Based Finite Elements for Nonlinear Function Spaces,Fauvarque; Palissat; Lepinasse,Grohs; Hardering; Sander; Sprecher,2011,2019,52.892561983471076
different_work,random_title,10.1137/18m1176798,"Synthesis and characterization of indenofluorene‐based copolymers containing 2,5‐bis(2‐thienyl)‐<i>N</i>‐arylpyrrole for bulk heterojunction solar cells and polymer light‐emitting diodes",Projection-Based Finite Elements for Nonlinear Function Spaces,Tamilavan; Sakthivel; Li,Grohs; Hardering; Sander; Sprecher,2010,2019,38.13559322033898
different_work,nearest_title,10.1088/1361-6560/aa84d6,Use of Luminex xMAP bead-based suspension array for detecting microRNA in NSCLC tissues and its clinical application,Comparison of region-of-interest-averaged and pixel-averaged analysis of DCE-MRI data based on simulations and pre-clinical experiments,Wang; Shi; Wu,He; Zamora; Oto; Karczmar; Fan,2012,2017,55.172413793103445
different_work,nearest_title,10.1088/1361-6560/aa84d6,Antiangiogenic effect of ALS‐L1023 on experimental choroidal neovascularization in mice,Comparison of region-of-interest-averaged and pixel-averaged analysis of DCE-MRI data based on simulations and pre-clinical experiments,KANG; RHO,He; Zamora; Oto; Karczmar; Fan,2014,2017,55.172413793103445
different_work,nearest_title,10.1088/1361-6560/aa84d6,"PHYTOMODULATORY EFFECTS OF MURRAYA KOENIGII IN DMBA/TPA INDUCED ANGIOGENESIS, HEPATOTOXICITY AND RENAL TOXICITY DURING SKIN CARCINOGENESIS IN MICE",Comparison of region-of-interest-averaged and pixel-averaged analysis of DCE-MRI data based on simulations and pre-clinical experiments,Aniqa; Kaur; Negi,He; Zamora; Oto; Karczmar; Fan,2022,2017,42.63565891472868
different_work,nearest_title,10.1093/asj/sjz004,In silico characterization of Cnidarian’s antimicrobial peptides,Microdermal Grafting for Color Regeneration of White Scars,Leal; Múnera; Suescún-Bolívar,Tsao; Yang; Lin,2022,2019,49.18032786885246
different_work,nearest_title,10.1093/asj/sjz004,“ASKing” the Right Questions About Screening for Celiac Disease,Microdermal Grafting for Color Regeneration of White Scars,Forbes,Tsao; Yang; Lin,2020,2019,48.739495798319325
different_work,nearest_title,10.1093/asj/sjz004,"NOTES ON THE MALACOFAUNA OF ISMAROS MTS. (N GREECE, RHODOPI COUNTY)",Microdermal Grafting for Color Regeneration of White Scars,Georgiev; Ivanova,Tsao; Yang; Lin,2015,2019,42.97520661157025
different_work,random_title,10.70484/vakki.149227,Lembranças de um tio: facetas murilianas,Tulkitse kuva! Eleet ja ilmeet sarjakuvassa,Nunes,Pitkäsalo,2016,2016,39.50617283950617
different_work,random_title,10.70484/vakki.149227,"Assessment through 5A’s of Tourism in Cuyapo, Nueva Ecija: A Basis for Tourism Development Plan",Tulkitse kuva! Eleet ja ilmeet sarjakuvassa,Velasquez; Abad; Balagtas,Pitkäsalo,2024,2016,39.37007874015748
different_work,random_title,10.70484/vakki.149227,Sequential self-assembly of micron-scale components with light,Tulkitse kuva! Eleet ja ilmeet sarjakuvassa,Saeedi; Etzkorn; Parviz,Pitkäsalo,2011,2016,34.61538461538461
different_work,nearest_title,10.3126/ijasbt.v3i1.11703,Analysis of Loss of Essential Power System Reported in Nuclear Power Plants,Physico Chemical Analysis of Sapota (Manilkara zapota) Coated by Edible Aloe Vera Gel,Volkanovski; Peinador Veira,Padmaja; Don Bosco; Rao,2018,2015,51.006711409395976
different_work,nearest_title,10.3126/ijasbt.v3i1.11703,Nitrate uptake along the maize primary root: an integrated physiological and molecular approach,Physico Chemical Analysis of Sapota (Manilkara zapota) Coated by Edible Aloe Vera Gel,SORGONÀ; LUPINI; MERCATI,Padmaja; Don Bosco; Rao,2011,2015,48.58757062146893
different_work,random_title,10.3126/ijasbt.v3i1.11703,DYEING OF COTTON FABRIC WITH NATURAL DYE FROM CUDRANIA JAVANENSIS USING SOKA LEAVES EXTRACT AS BIOMORDANT,Physico Chemical Analysis of Sapota (Manilkara zapota) Coated by Edible Aloe Vera Gel,Darsih; Lestari; Pratiwi,Padmaja; Don Bosco; Rao,2019,2015,39.361702127659576
different_work,nearest_title,10.24865/ajas.v3i2.98,"Mites of the Family Laelapidae (Acari, Mesostigmata) Associated with Scarab Beetles in Ukraine",AL-MUSYKILÂT AL-TSAQÂFIYAH ALLATÎ TUJÂBAHU MUTA’ALLIMI AL-LUGHAH AL-‘ARABIYAH BI WASHFIHÂ LUGHAH TSÂNIYAH FÎ BILÂD AL-MALÂYÛ,Trach; Joharchi,Abdalla,2018,2018,43.07692307692308
different_work,nearest_title,10.24865/ajas.v3i2.98,Modification of aluminium and aluminium alloys by AL-B master alloy,AL-MUSYKILÂT AL-TSAQÂFIYAH ALLATÎ TUJÂBAHU MUTA’ALLIMI AL-LUGHAH AL-‘ARABIYAH BI WASHFIHÂ LUGHAH TSÂNIYAH FÎ BILÂD AL-MALÂYÛ,Huynh; Vo,Abdalla,2014,2018,40.993788819875775
different_work,random_title,10.24865/ajas.v3i2.98,Actual directions of increasing the energy security of heat supply in  the Russian Federation,AL-MUSYKILÂT AL-TSAQÂFIYAH ALLATÎ TUJÂBAHU MUTA’ALLIMI AL-LUGHAH AL-‘ARABIYAH BI WASHFIHÂ LUGHAH TSÂNIYAH FÎ BILÂD AL-MALÂYÛ,Baikal State University; Bergen,Abdalla,2021,2018,35.978835978835974
different_work,nearest_title,10.17816/jowd68351-60,A Possible Role of Pulegone against Glypican-1 for the Treatment of Alzheimer’s Disease through In-Silico Approach,Genital endometriosis and melatonin: a role in the pathogenesis and its possible use in the treatment of the disease,Kaushik,Yarmolinskaya; Tkhazaplizheva; Molotkov; Tkachenko; Borodina; Andreyeva; Kleymyonova; Lysenko,2021,2019,63.507109004739334
different_work,nearest_title,10.17816/jowd68351-60,Unlocking the Potential: Semaglutide’s Impact on Alzheimer’s and Parkinson’s Disease in Animal Models,Genital endometriosis and melatonin: a role in the pathogenesis and its possible use in the treatment of the disease,Meca; Boboc; Mititelu-Tartau,Yarmolinskaya; Tkhazaplizheva; Molotkov; Tkachenko; Borodina; Andreyeva; Kleymyonova; Lysenko,2024,2019,57.142857142857146
different_work,nearest_title,10.17816/jowd68351-60,PSS 4.0 – Einflüsse von Industrie 4.0 auf Produkt-Service Systeme,Genital endometriosis and melatonin: a role in the pathogenesis and its possible use in the treatment of the disease,Aurich; Kölsch; Herder,Yarmolinskaya; Tkhazaplizheva; Molotkov; Tkachenko; Borodina; Andreyeva; Kleymyonova; Lysenko,2016,2019,40.25157232704402
different_work,nearest_title,10.59741/agraria.v13i1.557,Development of a Novel Solvent-Based Formulation for Pesticides That Are Prone to Crystallization,"Formación y selección de genotipos sobresalientes de tomate en base a características de rendimiento y de calidad  del fruto, en invernadero",Leming; Moreno; Paganini,Ovando-Solís; Borrego-Escalante; López Benítez; Benavides-Mendoza; Murillo-Soto,2010,2016,51.58371040723982
different_work,nearest_title,10.59741/agraria.v13i1.557,"Species of Cerambycinae (Insecta, Coleoptera, Cerambycidae) from east Paraná State (Brazil), with new geographic records","Formación y selección de genotipos sobresalientes de tomate en base a características de rendimiento y de calidad  del fruto, en invernadero",BARROS; FONSECA; JARDIM,Ovando-Solís; Borrego-Escalante; López Benítez; Benavides-Mendoza; Murillo-Soto,2020,2016,48.10126582278481
different_work,random_title,10.59741/agraria.v13i1.557,Racial and Ethnic Differences in End‐of‐Life Medicare Expenditures,"Formación y selección de genotipos sobresalientes de tomate en base a características de rendimiento y de calidad  del fruto, en invernadero",Byhoff; Harris; Langa,Ovando-Solís; Borrego-Escalante; López Benítez; Benavides-Mendoza; Murillo-Soto,2016,2016,36.8421052631579
different_work,nearest_title,10.1155/2018/7258029,"Molecular identification and amylolytic potential  of a thermophilic bacteria species from  refuse dump in Ile-Ife, Nigeria",Estimation of Changes in Mechanical and Color Properties from the Weight Loss Data of “Shine Muscat” Fruit during Storage,Omoboye; Bakare; Adewale,Watanabe; Nakamura; Ota; Shiina,2014,2018,55.08474576271186
different_work,nearest_title,10.1155/2018/7258029,Mechanical properties of unidirectional continuous fiber tapes reinforced long fiber thermoplastics and their manufacturing,Estimation of Changes in Mechanical and Color Properties from the Weight Loss Data of “Shine Muscat” Fruit during Storage,Fang; Shen; Dai,Watanabe; Nakamura; Ota; Shiina,2015,2018,54.93562231759657
different_work,nearest_title,10.1155/2018/7258029,A Teoria da Complexidade de Edgar Morin e o Ensino de Ciência e Tecnologia,Estimation of Changes in Mechanical and Color Properties from the Weight Loss Data of “Shine Muscat” Fruit during Storage,Salles; Matos,Watanabe; Nakamura; Ota; Shiina,2017,2018,41.08108108108108
different_work,random_title,10.58205/fber.v1i1.1460,The Teacher as Designer: Pedagogy in the New Media Age,التنمية المحمية في الجزائر قراءة لمنهوض بالمقومات وتجاوز العوائق,Kalantzis; Cope,فريدة,2010,2017,14.159292035398224
different_work,random_title,10.58205/fber.v1i1.1460,eRapa Restores a Normal Life Span in a FAP Mouse Model,التنمية المحمية في الجزائر قراءة لمنهوض بالمقومات وتجاوز العوائق,Hasty; Livi; Dodds,فريدة,2014,2017,13.793103448275858
different_work,random_title,10.58205/fber.v1i1.1460,Modification of aluminium and aluminium alloys by AL-B master alloy,التنمية المحمية في الجزائر قراءة لمنهوض بالمقومات وتجاوز العوائق,Huynh; Vo,فريدة,2014,2017,13.223140495867767
different_work,random_title,10.22141/2224-0713.5.75.2015.78051,Сравнительный анализ методов оценки характеристик молекулярно-массового распределения полиметиленнафталинсульфонатов,Возможности тразодона в патогенетической терапии хронической боли,Замуруев; Вовк,Tsiurko; Pelepeichenko; Raskalei; Kaliuzhnyi; Makhynia,2018,2015,38.67403314917127
different_work,random_title,10.22141/2224-0713.5.75.2015.78051,Вплив колоїдного розчину наночастинок срібла на показники кардіо- та гемодинаміки у кролів,Возможности тразодона в патогенетической терапии хронической боли,Pryskoka,Tsiurko; Pelepeichenko; Raskalei; Kaliuzhnyi; Makhynia,2014,2015,35.06493506493507
different_work,random_title,10.22141/2224-0713.5.75.2015.78051,Male survivorship and the evolution of eusociality in partially bivoltine sweat bees,Возможности тразодона в патогенетической терапии хронической боли,Gruber; Field,Tsiurko; Pelepeichenko; Raskalei; Kaliuzhnyi; Makhynia,2022,2015,8.053691275167779
different_work,nearest_title,10.31983/jrg.v5i1.4328,"Pengaruh Brand Image, Peer Group Dan Physical Evidence Terhadap Minat Sekolah Ke Perguruan Tinggi di Kota Serang Tahun 2022",EFEKTIFITAS PENAMBAHAN BUAH TERHADAP KADAR GULA DARAH PADA DIABETESI TIPE 2 RAWAT INAP DI RUMAH SAKIT SANTA ELISABETH SEMARANG,Dhany Isneni D.,Suratmi; Jaelani; Susiloretni,2022,2017,51.61290322580645
different_work,nearest_title,10.31983/jrg.v5i1.4328,Pengaruh Strategi dan Preferensi Investor terhadap Pengambilan Keputusan Investasi dengan Media Informasi sebagai Variabel Moderating,EFEKTIFITAS PENAMBAHAN BUAH TERHADAP KADAR GULA DARAH PADA DIABETESI TIPE 2 RAWAT INAP DI RUMAH SAKIT SANTA ELISABETH SEMARANG,Imelda; Sitinjak; Trimeiningrum,Suratmi; Jaelani; Susiloretni,2019,2017,50.965250965250966
different_work,random_title,10.31983/jrg.v5i1.4328,Emergence of tunable resistive pulse sensing as a biosensor,EFEKTIFITAS PENAMBAHAN BUAH TERHADAP KADAR GULA DARAH PADA DIABETESI TIPE 2 RAWAT INAP DI RUMAH SAKIT SANTA ELISABETH SEMARANG,Blundell; Mayne; Billinge,Suratmi; Jaelani; Susiloretni,2015,2017,34.5945945945946
different_work,nearest_title,10.1088/1361-6501/aa812d,Information overload in the context of apparel,Analyzer for measuring gas contained in the pore space of rocks,Stanton; Paolo,Kudasik; Skoczylas,2012,2017,60.55045871559633
different_work,nearest_title,10.1088/1361-6501/aa812d,Duration of Membership at Sports Centers and Reasons for Quitting,Analyzer for measuring gas contained in the pore space of rocks,Nuviala; Grao-Cruces; Teva-Villén,Kudasik; Skoczylas,2013,2017,56.25
different_work,nearest_title,10.1088/1361-6501/aa812d,The role of kinship in the formation of a primate multilevel society,Analyzer for measuring gas contained in the pore space of rocks,Guo; Huang; Ji,Kudasik; Skoczylas,2014,2017,53.225806451612904
different_work,nearest_title,10.1038/s41598-017-11550-0,57‐2: Scalable Crystallization of a‐Si Film on a Glass Substrate by Using a Blue Laser,Direct laser writing of a new type of waveguides in silver containing glasses,Park; Hong; Jung,Abou Khalil; Bérubé; Danto; Desmoulin; Cardinal; Petit; Vallée; Canioni,2018,2017,52.903225806451616
different_work,nearest_title,10.1038/s41598-017-11550-0,Analyzer for measuring gas contained in the pore space of rocks,Direct laser writing of a new type of waveguides in silver containing glasses,Kudasik; Skoczylas,Abou Khalil; Bérubé; Danto; Desmoulin; Cardinal; Petit; Vallée; Canioni,2017,2017,51.09489051094891
different_work,random_title,10.1038/s41598-017-11550-0,Pengaruh Strategi dan Preferensi Investor terhadap Pengambilan Keputusan Investasi dengan Media Informasi sebagai Variabel Moderating,Direct laser writing of a new type of waveguides in silver containing glasses,Imelda; Sitinjak; Trimeiningrum,Abou Khalil; Bérubé; Danto; Desmoulin; Cardinal; Petit; Vallée; Canioni,2019,2017,38.64734299516908
different_work,nearest_title,10.1002/dep2.21,The role of kinship in the formation of a primate multilevel society,"Lowstand wedges in carbonate platform slopes (Quaternary, Maldives, Indian Ocean)",Guo; Huang; Ji,Betzler; Hübscher; Lindhorst; Lüdmann; Reijmer; Braga,2014,2016,49.27536231884058
different_work,nearest_title,10.1002/dep2.21,Mecanismos y dinámicas del trabajo en las plataformas digitales: los casos de Airbnb y de las plataformas de reparto,"Lowstand wedges in carbonate platform slopes (Quaternary, Maldives, Indian Ocean)",Fernández-Trujillo Moares; Gil García,Betzler; Hübscher; Lindhorst; Lüdmann; Reijmer; Braga,2021,2016,47.61904761904762
different_work,random_title,10.1002/dep2.21,The Influence of Plastic Deformation on the Corrosion Behavior of a Cast High‐Alloy CrMnNi TRIP Steel,"Lowstand wedges in carbonate platform slopes (Quaternary, Maldives, Indian Ocean)",Mandel; Böhme; Hauser,Betzler; Hübscher; Lindhorst; Lüdmann; Reijmer; Braga,2016,2016,37.42690058479532
different_work,nearest_title,10.3390/ma12193230,Approaches to high-density storage experiments with in-situ production and detection of ultracold neutrons,"Experimental and Numerical Analysis of a Composite Thin-Walled Cylindrical Structures with Different Variants of Stiffeners, Subjected to Torsion",Degenkolb; Fierlinger; Zimmer,Kopecki; Mazurek; Lis,2023,2019,52.63157894736842
different_work,nearest_title,10.3390/ma12193230,Comparison of region-of-interest-averaged and pixel-averaged analysis of DCE-MRI data based on simulations and pre-clinical experiments,"Experimental and Numerical Analysis of a Composite Thin-Walled Cylindrical Structures with Different Variants of Stiffeners, Subjected to Torsion",He; Zamora; Oto,Kopecki; Mazurek; Lis,2017,2019,52.14007782101167
different_work,nearest_title,10.3390/ma12193230,Waves Across the Himalayas: On the Typological Characteristics and History of the Bodic Subfamily of Tibeto‐Burman,"Experimental and Numerical Analysis of a Composite Thin-Walled Cylindrical Structures with Different Variants of Stiffeners, Subjected to Torsion",Hyslop,Kopecki; Mazurek; Lis,2014,2019,43.62139917695473
different_work,nearest_title,10.1177/1747016115583379,Wearable Heart Rate Monitor Technology Accuracy in Research: A Comparative Study Between PPG and ECG Technology,Untangling research and practice: What Facebook’s “emotional contagion” study teaches us,Weiler; Villajuan; Edkins,boyd,2017,2015,53.26086956521739
different_work,nearest_title,10.1177/1747016115583379,Molecular screening programs in different countries: what we learned and perspectives,Untangling research and practice: What Facebook’s “emotional contagion” study teaches us,Borcoman; Le Tourneau; Kamal,boyd,2019,2015,50.887573964497044
different_work,random_title,10.1177/1747016115583379,(Invited) Discovery and Structural Design of New LEDs Phosphors,Untangling research and practice: What Facebook’s “emotional contagion” study teaches us,Xia,boyd,2016,2015,36.986301369863014
different_work,nearest_title,10.1111/jgs.14263,Individualized and Depoliticized: A Study of Chinese Blogosphere in Singapore,Racial and Ethnic Differences in End‐of‐Life Medicare Expenditures,Soon; Sim,Byhoff; Harris; Langa; Iwashyna,2015,2016,50.70422535211268
different_work,nearest_title,10.1111/jgs.14263,Precessing vortices and antivortices in ferromagnetic elements,Racial and Ethnic Differences in End‐of‐Life Medicare Expenditures,Lyberatos; Komineas; Papanicolaou,Byhoff; Harris; Langa; Iwashyna,2011,2016,50.0
different_work,random_title,10.1111/jgs.14263,From Charity to Caring,Racial and Ethnic Differences in End‐of‐Life Medicare Expenditures,Selanders; Lake; Crane,Byhoff; Harris; Langa; Iwashyna,2010,2016,27.272727272727266
different_work,nearest_title,10.20911/21769389v44n139p279/2017,In silico characterization of Cnidarian’s antimicrobial peptides,O DISCURSO ANTIESCRAVISTA DE EPIFANIO DE MOIRANS SOBRE OS TÍTULOS DE ESCRAVIDÃO,Leal; Múnera; Suescún-Bolívar,D`Oca,2022,2017,49.63503649635037
different_work,nearest_title,10.20911/21769389v44n139p279/2017,O trabalho com os gêneros na perspectiva do Grupo de Genebra: entrevista com Eliane Lousada,O DISCURSO ANTIESCRAVISTA DE EPIFANIO DE MOIRANS SOBRE OS TÍTULOS DE ESCRAVIDÃO,Moretto; Wittke,D`Oca,2018,2017,47.79874213836478
different_work,random_title,10.20911/21769389v44n139p279/2017,Penn State’s “Success With Honor”,O DISCURSO ANTIESCRAVISTA DE EPIFANIO DE MOIRANS SOBRE OS TÍTULOS DE ESCRAVIDÃO,Proffitt; Corrigan,D`Oca,2012,2017,30.769230769230774
different_work,nearest_title,10.1026/1612-5010/a000243,Exekutive Probleme bei geriatrischen Patienten und                     Patientinnen,Erste Schritte zu Smartphone-basierten Sportinterventionen im                Alltag?,Ibert; Lubitz; Niedeggen,Reichert; Kapteinat; Lauvai; Hennig; Reinhard; Braun; Limberger; Ebner-Priemer,2022,2018,48.85496183206107
different_work,nearest_title,10.1026/1612-5010/a000243,Trends in mental health presentations in a south Australian tertiary emergency department,Erste Schritte zu Smartphone-basierten Sportinterventionen im                Alltag?,Goldfinch; Kochar,Reichert; Kapteinat; Lauvai; Hennig; Reinhard; Braun; Limberger; Ebner-Priemer,2021,2018,46.753246753246756
different_work,nearest_title,10.1026/1612-5010/a000243,Profiling of triterpenoid saponin content variation in different chemotypic accessions of <i>Centella asiatica</i> L.,Erste Schritte zu Smartphone-basierten Sportinterventionen im                Alltag?,Singh; Singh Sangwan; Gupta,Reichert; Kapteinat; Lauvai; Hennig; Reinhard; Braun; Limberger; Ebner-Priemer,2014,2018,42.04545454545455
different_work,nearest_title,10.1200/jco.2017.35.15_suppl.1534,A multi‐center study on the surgical management of metastatic disease to adrenal glands,Knowledge outcomes in a randomized trial of telephone vs. in-person disclosure of genetic testing: The COGENT study.,Valeri; Bergamini; Tozzi,Beri; Patrick-Miller; Egleston; Olopade; Hall; Daly; Fleisher; Grana; Ganschow; Fetzer; Domchek; Bradbury; The COGENT Research Team,2010,2017,51.54639175257732
different_work,nearest_title,10.1200/jco.2017.35.15_suppl.1534,Genital endometriosis and melatonin: a role in the pathogenesis and its possible use in the treatment of the disease,Knowledge outcomes in a randomized trial of telephone vs. in-person disclosure of genetic testing: The COGENT study.,Yarmolinskaya; Tkhazaplizheva; Molotkov,Beri; Patrick-Miller; Egleston; Olopade; Hall; Daly; Fleisher; Grana; Ganschow; Fetzer; Domchek; Bradbury; The COGENT Research Team,2019,2017,51.207729468599034
different_work,random_title,10.1200/jco.2017.35.15_suppl.1534,Ocean-based Climate Action and Human Rights Implications under the International Climate Change Regime,Knowledge outcomes in a randomized trial of telephone vs. in-person disclosure of genetic testing: The COGENT study.,Morgera; Lennan; Kulovesi,Beri; Patrick-Miller; Egleston; Olopade; Hall; Daly; Fleisher; Grana; Ganschow; Fetzer; Domchek; Bradbury; The COGENT Research Team,2023,2017,39.80099502487562
different_work,nearest_title,10.1137/17m1146816,Special Need Students in the Struggle for the Character of Schooling in America,The Barotropic Quasi-Geostrophic Equation under a Free Surface,Sutton; Beese; Puckett,Chen,2017,2019,49.25373134328358
different_work,nearest_title,10.1137/17m1146816,Analyzer for measuring gas contained in the pore space of rocks,The Barotropic Quasi-Geostrophic Equation under a Free Surface,Kudasik; Skoczylas,Chen,2017,2019,48.0
different_work,random_title,10.1137/17m1146816,O trabalho dos agentes comunitários de saúde em evidência: uma análise com foco na atividade,The Barotropic Quasi-Geostrophic Equation under a Free Surface,Binda; Bianco; Sousa,Chen,2013,2019,37.908496732026144
different_work,nearest_title,10.17129/botsci.1860,Extraction out of adjectival secondary predicates in English and Spanish: A nanosyntactic account,Plant-herbivore interactions and secondary metabolites of plants: Ecological and evolutionary perspectives,Fábregas; Jiménez-Fernández,Kariñho-Betancourt,2016,2018,55.83756345177665
different_work,nearest_title,10.17129/botsci.1860,On the aeroacoustic tonal noise generation mechanism of a sharp-edged plate,Plant-herbivore interactions and secondary metabolites of plants: Ecological and evolutionary perspectives,Moreau; Brooks; Doolan,Kariñho-Betancourt,2011,2018,52.27272727272727
different_work,nearest_title,10.17129/botsci.1860,Assessment of Heterotrophic Growth Supported by Soluble Microbial Products in Anammox Biofilm using Multidimensional Modeling,Plant-herbivore interactions and secondary metabolites of plants: Ecological and evolutionary perspectives,Liu; Sun; Peng,Kariñho-Betancourt,2016,2018,40.70796460176991
different_work,nearest_title,10.1111/ecpo.12105,Lanosterol Synthase Gene Polymorphisms and Changes in Endogenous Ouabain in the Response to Low Sodium Intake,Government size and economic growth in an endogenous growth model with rent‐seeking,Lanzani; Gatti; Citterio,Wadho; Ayaz,2016,2017,52.747252747252745
different_work,nearest_title,10.1111/ecpo.12105,Molecular screening programs in different countries: what we learned and perspectives,Government size and economic growth in an endogenous growth model with rent‐seeking,Borcoman; Le Tourneau; Kamal,Wadho; Ayaz,2019,2017,52.5
different_work,nearest_title,10.1111/ecpo.12105,The Revolutionary Base Areas of Can Vuong Movement in Quang Nam,Government size and economic growth in an endogenous growth model with rent‐seeking,Nguyen Minh,Wadho; Ayaz,2021,2017,41.726618705035975
different_work,nearest_title,10.1016/j.ijscr.2019.03.012,Virtual testing for the prediction of damping in joints,Incidental Morgagni hernia found during laparoscopic repair of hiatal hernia,Caignot; Ladevèze; Néron,Hassan; Alabdrabalmeer; Alealiwi; Danan; Alshomimi,2010,2019,46.774193548387096
different_work,nearest_title,10.1016/j.ijscr.2019.03.012,Estimation of Changes in Mechanical and Color Properties from the Weight Loss Data of “Shine Muscat” Fruit during Storage,Incidental Morgagni hernia found during laparoscopic repair of hiatal hernia,Watanabe; Nakamura; Ota,Hassan; Alabdrabalmeer; Alealiwi; Danan; Alshomimi,2018,2019,46.486486486486484
different_work,nearest_title,10.1016/j.ijscr.2019.03.012,"Anal Sac of a Cladid Crinoid from Permo-Carboniferous Talchir Formation, Talchir Basin, Odisha",Incidental Morgagni hernia found during laparoscopic repair of hiatal hernia,Chakraborty; Bhattacharya*,Hassan; Alabdrabalmeer; Alealiwi; Danan; Alshomimi,2015,2019,41.830065359477125
different_work,nearest_title,10.3390/v7041804,Waves Across the Himalayas: On the Typological Characteristics and History of the Bodic Subfamily of Tibeto‐Burman,"A Suggested New Bacteriophage Genus, “Kp34likevirus”,  within the Autographivirinae Subfamily of Podoviridae",Hyslop,Eriksson; Maciejewska; Latka; Majkowska-Skrobek; Hellstrand; Melefors; Wang; Kropinski; Drulis-Kawa; Nilsson,2014,2015,47.80487804878049
different_work,nearest_title,10.3390/v7041804,"A new species of Acroneuria (Plecoptera: Perlidae) from Henan Province, China, with redescription of A. hainana Wu, 1938","A Suggested New Bacteriophage Genus, “Kp34likevirus”,  within the Autographivirinae Subfamily of Podoviridae",LIU; MO; LI,Eriksson; Maciejewska; Latka; Majkowska-Skrobek; Hellstrand; Melefors; Wang; Kropinski; Drulis-Kawa; Nilsson,2019,2015,47.39336492890995
different_work,random_title,10.3390/v7041804,Microdermal Grafting for Color Regeneration of White Scars,"A Suggested New Bacteriophage Genus, “Kp34likevirus”,  within the Autographivirinae Subfamily of Podoviridae",Tsao; Yang; Lin,Eriksson; Maciejewska; Latka; Majkowska-Skrobek; Hellstrand; Melefors; Wang; Kropinski; Drulis-Kawa; Nilsson,2019,2015,37.267080745341616
different_work,nearest_title,10.1002/srin.201500406,"Anal Sac of a Cladid Crinoid from Permo-Carboniferous Talchir Formation, Talchir Basin, Odisha",The Influence of Plastic Deformation on the Corrosion Behavior of a Cast High‐Alloy CrMnNi TRIP Steel,Chakraborty; Bhattacharya*,Mandel; Böhme; Hauser; Wendler; Tuchscheerer; Krüger,2015,2016,53.93258426966292
different_work,nearest_title,10.1002/srin.201500406,On the aeroacoustic tonal noise generation mechanism of a sharp-edged plate,The Influence of Plastic Deformation on the Corrosion Behavior of a Cast High‐Alloy CrMnNi TRIP Steel,Moreau; Brooks; Doolan,Mandel; Böhme; Hauser; Wendler; Tuchscheerer; Krüger,2011,2016,53.25443786982248
different_work,nearest_title,10.1002/srin.201500406,Knowledge outcomes in a randomized trial of telephone vs. in-person disclosure of genetic testing: The COGENT study.,The Influence of Plastic Deformation on the Corrosion Behavior of a Cast High‐Alloy CrMnNi TRIP Steel,Beri; Patrick-Miller; Egleston,Mandel; Böhme; Hauser; Wendler; Tuchscheerer; Krüger,2017,2016,43.78109452736319
different_work,nearest_title,10.17345/aec17.111-134,A Teoria da Complexidade de Edgar Morin e o Ensino de Ciência e Tecnologia,La patologización de la conducta: discursos asistenciales acerca del trastorno disocial,Salles; Matos,Garrido Hernández,2017,2018,52.63157894736842
different_work,nearest_title,10.17345/aec17.111-134,MÉTODOS DE ANÁLISE AUTOMATIZADA DE CONTEÚDO  APLICADOS AOS DISCURSOS PARLAMENTARES,La patologización de la conducta: discursos asistenciales acerca del trastorno disocial,Vieira,Garrido Hernández,2019,2018,52.17391304347826
different_work,random_title,10.17345/aec17.111-134,Lanosterol Synthase Gene Polymorphisms and Changes in Endogenous Ouabain in the Response to Low Sodium Intake,La patologización de la conducta: discursos asistenciales acerca del trastorno disocial,Lanzani; Gatti; Citterio,Garrido Hernández,2016,2018,39.15343915343915
different_work,nearest_title,10.1007/s12594-015-0234-3,First records of Dirofilaria repens in wild canids from the region of Central Balkan,"Anal Sac of a Cladid Crinoid from Permo-Carboniferous Talchir Formation, Talchir Basin, Odisha",Ćirović; Penezić; Pavlović,Chakraborty; Bhattacharya*,2014,2015,54.54545454545455
different_work,nearest_title,10.1007/s12594-015-0234-3,The Influence of Plastic Deformation on the Corrosion Behavior of a Cast High‐Alloy CrMnNi TRIP Steel,"Anal Sac of a Cladid Crinoid from Permo-Carboniferous Talchir Formation, Talchir Basin, Odisha",Mandel; Böhme; Hauser,Chakraborty; Bhattacharya*,2016,2015,53.93258426966292
different_work,nearest_title,10.1007/s12594-015-0234-3,Black-Box Constructions of Protocols for Secure Computation,"Anal Sac of a Cladid Crinoid from Permo-Carboniferous Talchir Formation, Talchir Basin, Odisha",Haitner; Ishai; Kushilevitz,Chakraborty; Bhattacharya*,2011,2015,43.35664335664335
different_work,nearest_title,10.3390/app9050846,Investigation of Phenolic Resin-Modified Asphalt and Its Mixtures,Assessment of Thermal Stresses in Asphalt Mixtures at Low Temperatures Using the Tensile Creep Test and the Bending Beam Creep Test,Wang; Wang; Huang,Pszczola; Jaczewski; Szydlowski,2024,2019,52.27272727272727
different_work,nearest_title,10.3390/app9050846,"Assessment of Nutrient Contents in River Waters  Introduced to Beni Haroun Dam, North East Algeria",Assessment of Thermal Stresses in Asphalt Mixtures at Low Temperatures Using the Tensile Creep Test and the Bending Beam Creep Test,Bouchareb; K. Boudeffa; Lalaoui,Pszczola; Jaczewski; Szydlowski,2022,2019,51.886792452830186
different_work,random_title,10.3390/app9050846,Electrical transport and optical band gap of NiFe2Ox thin films,Assessment of Thermal Stresses in Asphalt Mixtures at Low Temperatures Using the Tensile Creep Test and the Bending Beam Creep Test,Bougiatioti; Manos; Klewe,Pszczola; Jaczewski; Szydlowski,2017,2019,39.10614525139665
different_work,nearest_title,10.24197/mrfc.31.2018.265-270,"Renovação dos programas de ensino de aritmética da escola primária em São Paulo e no Paraná, nos anos de 1930: um estudo histórico comparativo","Alejandro García Molinos, La adivinación en los papiros mágicos griegos, Monografías de Filología Griega nº 27, Zaragoza, Prensas Universitarias de Zaragoza, 2017, 520 pp., ISBN 978-84-16935-38-3",Pinto,Zamora Salamanca,2014,2018,44.01294498381877
different_work,nearest_title,10.24197/mrfc.31.2018.265-270,Mecanismos y dinámicas del trabajo en las plataformas digitales: los casos de Airbnb y de las plataformas de reparto,"Alejandro García Molinos, La adivinación en los papiros mágicos griegos, Monografías de Filología Griega nº 27, Zaragoza, Prensas Universitarias de Zaragoza, 2017, 520 pp., ISBN 978-84-16935-38-3",Fernández-Trujillo Moares; Gil García,Zamora Salamanca,2021,2018,42.857142857142854
different_work,random_title,10.24197/mrfc.31.2018.265-270,Transient Charging Characteristics in Surface Flashover Development Process due to Explosive Electron Emission in Vacuum,"Alejandro García Molinos, La adivinación en los papiros mágicos griegos, Monografías de Filología Griega nº 27, Zaragoza, Prensas Universitarias de Zaragoza, 2017, 520 pp., ISBN 978-84-16935-38-3",Nakano; Kojima; Tsuchiya,Zamora Salamanca,2015,2018,34.93150684931507
different_work,nearest_title,10.59374/jakhkj.v5i1.105,"Pengaruh Pemahaman Akuntansi, Sosialisasi dan Tingkat Pendidikan Pelaku Usaha Terhadap Penerapan SAK EMKM Pada UMKM di Kabupaten Buleleng",Pengaruh Konsumsi Teh dengan Kejadian Anemia pada Ibu Hamil di Wilayah Kerja Puskesmas Salembaran Jaya Kabupaten Tangerang Tahun 2018,Oktavia; Masdiantini,Choirunissa; Al Zahra,2023,2019,55.762081784386616
different_work,nearest_title,10.59374/jakhkj.v5i1.105,"Pengaruh Brand Image, Peer Group Dan Physical Evidence Terhadap Minat Sekolah Ke Perguruan Tinggi di Kota Serang Tahun 2022",Pengaruh Konsumsi Teh dengan Kejadian Anemia pada Ibu Hamil di Wilayah Kerja Puskesmas Salembaran Jaya Kabupaten Tangerang Tahun 2018,Dhany Isneni D.,Choirunissa; Al Zahra,2022,2019,52.549019607843135
different_work,random_title,10.59374/jakhkj.v5i1.105,Projection-Based Finite Elements for Nonlinear Function Spaces,Pengaruh Konsumsi Teh dengan Kejadian Anemia pada Ibu Hamil di Wilayah Kerja Puskesmas Salembaran Jaya Kabupaten Tangerang Tahun 2018,Grohs; Hardering; Sander,Choirunissa; Al Zahra,2019,2019,29.743589743589737
different_work,nearest_title,10.12743/quanta.v8i1.86,Gender diversity and environmental activism: Gender discrimination or socialisation?,Environmental Effects on Nonlocal Correlations,Yu; Liu,Guha; Bhattacharya; Das; Bhattacharya; Mukherjee; Roy; Mukherjee; Ganguly; Majumdar,2024,2019,54.54545454545455
different_work,nearest_title,10.12743/quanta.v8i1.86,Research on Evaluation of the City Environmental Pollution Based on Support Vector Machine,Environmental Effects on Nonlocal Correlations,Zhang; Yang,Guha; Bhattacharya; Das; Bhattacharya; Mukherjee; Roy; Mukherjee; Ganguly; Majumdar,2014,2019,51.61290322580645
different_work,random_title,10.12743/quanta.v8i1.86,Landau damping of electrons with bouncing motion in a radio-frequency plasma*,Environmental Effects on Nonlocal Correlations,Tao; Xiang; Hu,Guha; Bhattacharya; Das; Bhattacharya; Mukherjee; Roy; Mukherjee; Ganguly; Majumdar,2021,2019,39.34426229508197
different_work,nearest_title,10.22297/dl.v7i2.3218,O trabalho dos agentes comunitários de saúde em evidência: uma análise com foco na atividade,O trabalho com os gêneros na perspectiva do Grupo de Genebra: entrevista com Eliane Lousada,Binda; Bianco; Sousa,Moretto; Wittke,2013,2018,53.10734463276836
different_work,nearest_title,10.22297/dl.v7i2.3218,Mecanismos y dinámicas del trabajo en las plataformas digitales: los casos de Airbnb y de las plataformas de reparto,O trabalho com os gêneros na perspectiva do Grupo de Genebra: entrevista com Eliane Lousada,Fernández-Trujillo Moares; Gil García,Moretto; Wittke,2021,2018,48.58757062146893
different_work,nearest_title,10.22297/dl.v7i2.3218,Genital endometriosis and melatonin: a role in the pathogenesis and its possible use in the treatment of the disease,O trabalho com os gêneros na perspectiva do Grupo de Genebra: entrevista com Eliane Lousada,Yarmolinskaya; Tkhazaplizheva; Molotkov,Moretto; Wittke,2019,2018,44.086021505376344
different_work,nearest_title,10.11606/issn.2316-9826.literartes.2016.125118,"Un réseau de transport pour désenclaver le quartier, à Aubenas",Lembranças de um tio: facetas murilianas,Deleuze,Nunes,2013,2016,44.0
different_work,nearest_title,10.11606/issn.2316-9826.literartes.2016.125118,The generalized k-Fibonacci polynomials and generalized k-Lucas polynomials,Lembranças de um tio: facetas murilianas,"Graduate School of Natural and Applied Sciences, Erzincan Binali Yildirim University; Taştan; Özkan",Nunes,2021,2016,43.18181818181818
different_work,random_title,10.11606/issn.2316-9826.literartes.2016.125118,“ASKing” the Right Questions About Screening for Celiac Disease,Lembranças de um tio: facetas murilianas,Forbes,Nunes,2020,2016,38.0
different_work,nearest_title,10.1108/ijhrh-09-2017-0050,Feasibility and user experience of virtual reality fashion stores,Obesity and overweight issues could undermine Malaysia’s competitiveness,Park; Im; Kim,Hassan; Sade; Rahman,2018,2018,49.63503649635037
different_work,nearest_title,10.1108/ijhrh-09-2017-0050,Ocean-based Climate Action and Human Rights Implications under the International Climate Change Regime,Obesity and overweight issues could undermine Malaysia’s competitiveness,Morgera; Lennan; Kulovesi,Hassan; Sade; Rahman,2023,2018,49.397590361445786
different_work,nearest_title,10.1108/ijhrh-09-2017-0050,Real urban images: policy and culture in northern Britain,Obesity and overweight issues could undermine Malaysia’s competitiveness,Wharton; Fenwick,Hassan; Sade; Rahman,2012,2018,48.4375
different_work,nearest_title,10.1177/1541931213601804,Untangling research and practice: What Facebook’s “emotional contagion” study teaches us,Wearable Heart Rate Monitor Technology Accuracy in Research: A Comparative Study Between PPG and ECG Technology,boyd,Weiler; Villajuan; Edkins; Cleary; Saleem,2015,2017,53.26086956521739
different_work,nearest_title,10.1177/1541931213601804,Skipping Breakfast and a Meal at School: Its Correlates in Adiposity Context. Report from the ABC of Healthy Eating Study of Polish Teenagers,Wearable Heart Rate Monitor Technology Accuracy in Research: A Comparative Study Between PPG and ECG Technology,Wadolowska; Hamulka; Kowalkowska,Weiler; Villajuan; Edkins; Cleary; Saleem,2019,2017,51.06382978723404
different_work,random_title,10.1177/1541931213601804,Knockdown of DNMT1 and DNMT3a Promotes the Angiogenesis of Human Mesenchymal Stem Cells Leading to Arterial Specific Differentiation,Wearable Heart Rate Monitor Technology Accuracy in Research: A Comparative Study Between PPG and ECG Technology,Zhang; Wang; Zhang,Weiler; Villajuan; Edkins; Cleary; Saleem,2016,2017,39.473684210526315
different_work,nearest_title,10.1177/0033294119860255,Evaluation of Neuroprotective Effects of Local Hypothermia in a Porcine Spinal Cord Injury Model,Effects of Self-Esteem Threat on Physical Attractiveness Stereotypes,Šulla; Papcúnová; Závodská,Westfall; Millar; Walsh,2024,2019,50.93167701863354
different_work,nearest_title,10.1177/0033294119860255,Sequential self-assembly of micron-scale components with light,Effects of Self-Esteem Threat on Physical Attractiveness Stereotypes,Saeedi; Etzkorn; Parviz,Westfall; Millar; Walsh,2011,2019,50.76923076923077
different_work,random_title,10.1177/0033294119860255,"Sadulla Zendeli-Daja, një jetë për kulturën, leksikografinë dhe çështjen kombëtare",Effects of Self-Esteem Threat on Physical Attractiveness Stereotypes,Kona,Westfall; Millar; Walsh,2023,2019,36.486486486486484
different_work,nearest_title,10.5014/ajot.2015.69s1-po7097,Development of a Novel Solvent-Based Formulation for Pesticides That Are Prone to Crystallization,Occupational Therapy Life Skills Training for Juvenile Offenders in Foster Care,Leming; Moreno; Paganini,Kramper; Hullman; Allmayer; Phillips; Walterbach; DeTour; Mapes; Moller; Schriner,2010,2015,50.0
different_work,nearest_title,10.5014/ajot.2015.69s1-po7097,Repetitive milrinone therapy in ambulatory advanced heart failure patients,Occupational Therapy Life Skills Training for Juvenile Offenders in Foster Care,Laufer‐Perl; Sadon; Zahler,Kramper; Hullman; Allmayer; Phillips; Walterbach; DeTour; Mapes; Moller; Schriner,2022,2015,48.36601307189542
different_work,random_title,10.5014/ajot.2015.69s1-po7097,Rates of projected climate change dramatically exceed past rates of climatic niche evolution among vertebrate species,Occupational Therapy Life Skills Training for Juvenile Offenders in Foster Care,Quintero; Wiens,Kramper; Hullman; Allmayer; Phillips; Walterbach; DeTour; Mapes; Moller; Schriner,2013,2015,39.57219251336898
different_work,nearest_title,10.31315/telematika.v13i1.1718,PENERAPAN APLIKASI PENCATATAN KAS BERBASIS CODEIGNITER MENGGUNAKAN PENDEKATAN CASH BASIS DI ARA CELL,PEMBUATAN MODEL CRM PADA PENGEMBANGAN E-GOVERNMENT DINAS KELAUTAN DAN PERIKANAN DIY MENGGUNAKAN COBIT 4.1 PADA DOMAIN DELIVERY AND SUPPORT (DS),Bustomi; Rahaningsih,Ghozali; Handayaningsih; Setiadi,2023,2016,51.69491525423729
different_work,nearest_title,10.31315/telematika.v13i1.1718,Pengaruh Strategi dan Preferensi Investor terhadap Pengambilan Keputusan Investasi dengan Media Informasi sebagai Variabel Moderating,PEMBUATAN MODEL CRM PADA PENGEMBANGAN E-GOVERNMENT DINAS KELAUTAN DAN PERIKANAN DIY MENGGUNAKAN COBIT 4.1 PADA DOMAIN DELIVERY AND SUPPORT (DS),Imelda; Sitinjak; Trimeiningrum,Ghozali; Handayaningsih; Setiadi,2019,2016,47.58364312267658
different_work,random_title,10.31315/telematika.v13i1.1718,Assessment of Heterotrophic Growth Supported by Soluble Microbial Products in Anammox Biofilm using Multidimensional Modeling,PEMBUATAN MODEL CRM PADA PENGEMBANGAN E-GOVERNMENT DINAS KELAUTAN DAN PERIKANAN DIY MENGGUNAKAN COBIT 4.1 PADA DOMAIN DELIVERY AND SUPPORT (DS),Liu; Sun; Peng,Ghozali; Handayaningsih; Setiadi,2016,2016,37.547892720306514
different_work,nearest_title,10.1177/1359105315600234,The Revolutionary Base Areas of Can Vuong Movement in Quang Nam,Validation of a brief form of the Perceived Neighborhood Social Cohesion questionnaire,Nguyen Minh,Dupuis; Baggio; Gmel,2021,2016,49.31506849315068
different_work,nearest_title,10.1177/1359105315600234,Special Need Students in the Struggle for the Character of Schooling in America,Validation of a brief form of the Perceived Neighborhood Social Cohesion questionnaire,Sutton; Beese; Puckett,Dupuis; Baggio; Gmel,2017,2016,49.03225806451613
different_work,random_title,10.1177/1359105315600234,Peranan Ultrasonografi Toraks dalam Menegakkan Diagnosis Beberapa Kelainan pada Paru,Validation of a brief form of the Perceived Neighborhood Social Cohesion questionnaire,Winaya; Koesoemoprodjo,Dupuis; Baggio; Gmel,2019,2016,33.532934131736525
different_work,nearest_title,10.3895/rbect.v10n1.5687,La patologización de la conducta: discursos asistenciales acerca del trastorno disocial,A Teoria da Complexidade de Edgar Morin e o Ensino de Ciência e Tecnologia,Garrido Hernández,Salles; Matos,2018,2017,52.63157894736842
different_work,nearest_title,10.3895/rbect.v10n1.5687,"Da aquisição da imagem corporal: o papel docente junto a prática física, educativa, pedagógica e corporal em adolescentes",A Teoria da Complexidade de Edgar Morin e o Ensino de Ciência e Tecnologia,Rodrigues; Capelletti,Salles; Matos,2014,2017,50.285714285714285
different_work,nearest_title,10.3895/rbect.v10n1.5687,Government size and economic growth in an endogenous growth model with rent‐seeking,A Teoria da Complexidade de Edgar Morin e o Ensino de Ciência e Tecnologia,Wadho; Ayaz,Salles; Matos,2017,2017,42.758620689655174
different_work,nearest_title,10.1029/2018gc007640,Ocean-based Climate Action and Human Rights Implications under the International Climate Change Regime,Implications of Microbial Thiosulfate Utilization in Red Clay Sediments of the Central Indian Basin: The Martian Analogy,Morgera; Lennan; Kulovesi,Singh; Kshirsagar; Das; Yadav; Mallik; Mascarenhas‐Pereira; Thomas; Shivaramu; P. A.; Khadge; Nath; Dhakephalkar; Iyer; Ray; Valsangkar; Garg; Prakash Babu; Waghole; Waghmare; Rajwade; Paknikar,2023,2019,55.33980582524272
different_work,nearest_title,10.1029/2018gc007640,First records of Dirofilaria repens in wild canids from the region of Central Balkan,Implications of Microbial Thiosulfate Utilization in Red Clay Sediments of the Central Indian Basin: The Martian Analogy,Ćirović; Penezić; Pavlović,Singh; Kshirsagar; Das; Yadav; Mallik; Mascarenhas‐Pereira; Thomas; Shivaramu; P. A.; Khadge; Nath; Dhakephalkar; Iyer; Ray; Valsangkar; Garg; Prakash Babu; Waghole; Waghmare; Rajwade; Paknikar,2014,2019,52.84974093264249
different_work,nearest_title,10.1029/2018gc007640,Clinical Testing for Tumor Cell-Free DNA: College of American Pathologists Proficiency Programs Reveal Practice Trends,Implications of Microbial Thiosulfate Utilization in Red Clay Sediments of the Central Indian Basin: The Martian Analogy,Devereaux; Souers; Merker,Singh; Kshirsagar; Das; Yadav; Mallik; Mascarenhas‐Pereira; Thomas; Shivaramu; P. A.; Khadge; Nath; Dhakephalkar; Iyer; Ray; Valsangkar; Garg; Prakash Babu; Waghole; Waghmare; Rajwade; Paknikar,2022,2019,41.048034934497814
different_work,nearest_title,10.33178/boolean.2015.42,Feasibility and user experience of virtual reality fashion stores,"Surviving in uncertainty: experiences of recession in Knocknaheeny, Cork",Park; Im; Kim,Van Lanen,2018,2015,50.0
different_work,nearest_title,10.33178/boolean.2015.42,Emergence of tunable resistive pulse sensing as a biosensor,"Surviving in uncertainty: experiences of recession in Knocknaheeny, Cork",Blundell; Mayne; Billinge,Van Lanen,2015,2015,47.61904761904762
different_work,nearest_title,10.33178/boolean.2015.42,Evaluation of Color Changes of Different Resin Cements in Feldspathic Ceramic Crowns After Accelerated Aging: An In Vitro Research,"Surviving in uncertainty: experiences of recession in Knocknaheeny, Cork",Eskitaşçıoğlu; Akdeniz; Değirmenci,Van Lanen,2021,2015,40.0
different_work,nearest_title,10.1159/000430944,Genital endometriosis and melatonin: a role in the pathogenesis and its possible use in the treatment of the disease,Diffuse Dermal Angiomatosis: A Clue to the Diagnosis of Atherosclerotic Vascular Disease,Yarmolinskaya; Tkhazaplizheva; Molotkov,Sriphojanart; Vachiramon,2019,2015,52.406417112299465
different_work,nearest_title,10.1159/000430944,Contribution of spinal cord biopsy to diagnosis of aquaporin-4 antibody positive neuromyelitis optica spectrum disorder,Diffuse Dermal Angiomatosis: A Clue to the Diagnosis of Atherosclerotic Vascular Disease,Ringelstein; Metz; Ruprecht,Sriphojanart; Vachiramon,2013,2015,51.23152709359606
different_work,nearest_title,10.1159/000430944,Health Care Utilization and Associated Costs in Elderly Persons with Non-CML Myeloproliferative Neoplasms: Real-World Evidence From a United States Medicare Population,Diffuse Dermal Angiomatosis: A Clue to the Diagnosis of Atherosclerotic Vascular Disease,Karve; Price; Davis,Sriphojanart; Vachiramon,2012,2015,40.316205533596836
different_work,nearest_title,10.1088/0266-5611/32/12/125003,"Antibiotic Susceptibility Patterns of Uropathogens Isolated from Female Patients with Urinary Tract Infection in Duhok Province, Iraq",Conditional stability versus ill-posedness for operator equations with monotone operators in Hilbert space,Naqid; Hussein; Balatay,Boţ; Hofmann,2020,2016,50.42016806722689
different_work,nearest_title,10.1088/0266-5611/32/12/125003,Actual directions of increasing the energy security of heat supply in  the Russian Federation,Conditional stability versus ill-posedness for operator equations with monotone operators in Hilbert space,Baikal State University; Bergen,Boţ; Hofmann,2021,2016,49.21465968586387
different_work,nearest_title,10.1088/0266-5611/32/12/125003,Mechanical properties of unidirectional continuous fiber tapes reinforced long fiber thermoplastics and their manufacturing,Conditional stability versus ill-posedness for operator equations with monotone operators in Hilbert space,Fang; Shen; Dai,Boţ; Hofmann,2015,2016,46.63677130044843
different_work,nearest_title,10.3917/rhis.152.0303,"Un réseau de transport pour désenclaver le quartier, à Aubenas",Théorie et pratique du pouvoir royal : l’exemple du procès entre l’évêque de Mende et le roi de France (1269-1307),Deleuze,Meissonnier,2013,2015,45.0
different_work,nearest_title,10.3917/rhis.152.0303,Studies on A.M. Remizov’s Creative Biography: 1926–1927. Part 1. “Aesthete-Degenerateˮ,Théorie et pratique du pouvoir royal : l’exemple du procès entre l’évêque de Mende et le roi de France (1269-1307),Obatnina,Meissonnier,2020,2015,44.44444444444444
different_work,nearest_title,10.3917/rhis.152.0303,DEVELOPMENT OF A UNIVERSAL CONSTANT SET IN THE KELVIN-HELMHOLTZ RAYLEIGH-TAYLOR (KH-RT) BREAKUP MODEL FOR SPRAY SIMULATIONS OF VARIOUS FUELS,Théorie et pratique du pouvoir royal : l’exemple du procès entre l’évêque de Mende et le roi de France (1269-1307),Zhang; Bian; Zhang,Meissonnier,2024,2015,41.02564102564103
different_work,nearest_title,10.1515/qal-2016-0006,Plant-herbivore interactions and secondary metabolites of plants: Ecological and evolutionary perspectives,Extraction out of adjectival secondary predicates in English and Spanish: A nanosyntactic account,Kariñho-Betancourt,Fábregas; Jiménez-Fernández,2018,2016,55.83756345177665
different_work,nearest_title,10.1515/qal-2016-0006,Structural and interactional aspects of adverbial sentences in English mother-child interactions: an analysis of two dense corpora,Extraction out of adjectival secondary predicates in English and Spanish: A nanosyntactic account,DE RUITER; LEMEN; LIEVEN,Fábregas; Jiménez-Fernández,2021,2016,53.153153153153156
different_work,random_title,10.1515/qal-2016-0006,Fluoride content of common legume beans consumed in Ethiopia,Extraction out of adjectival secondary predicates in English and Spanish: A nanosyntactic account,Lemma; Singh Chandravanshi; Chebude,Fábregas; Jiménez-Fernández,2023,2016,39.743589743589745
different_work,nearest_title,10.1017/eso.2019.28,A multi‐center study on the surgical management of metastatic disease to adrenal glands,"Reorganization of Multinational Companies in the Western European Chemical Industry: Transformations in Industrial Management and Labor, 1960s to 1990s",Valeri; Bergamini; Tozzi,MARX,2010,2019,49.78540772532189
different_work,nearest_title,10.1017/eso.2019.28,Analysis of Factors Influencing the Satisfaction Degree of Leisure Agricultural Parks Management Based on Binary Logistic Model,"Reorganization of Multinational Companies in the Western European Chemical Industry: Transformations in Industrial Management and Labor, 1960s to 1990s",Zhang; Zhao,MARX,2013,2019,49.629629629629626
different_work,random_title,10.1017/eso.2019.28,In silico characterization of Cnidarian’s antimicrobial peptides,"Reorganization of Multinational Companies in the Western European Chemical Industry: Transformations in Industrial Management and Labor, 1960s to 1990s",Leal; Múnera; Suescún-Bolívar,MARX,2022,2019,39.04761904761905
different_work,nearest_title,10.1063/1.4999428,Duration of Membership at Sports Centers and Reasons for Quitting,Electrical transport and optical band gap of NiFe2Ox thin films,Nuviala; Grao-Cruces; Teva-Villén,Bougiatioti; Manos; Klewe; Meier; Teichert; Schmalhorst; Kuschel; Reiss,2013,2017,51.5625
different_work,nearest_title,10.1063/1.4999428,"Un réseau de transport pour désenclaver le quartier, à Aubenas",Electrical transport and optical band gap of NiFe2Ox thin films,Deleuze,Bougiatioti; Manos; Klewe; Meier; Teichert; Schmalhorst; Kuschel; Reiss,2013,2017,50.0
different_work,nearest_title,10.1063/1.4999428,"Mites of the Family Laelapidae (Acari, Mesostigmata) Associated with Scarab Beetles in Ukraine",Electrical transport and optical band gap of NiFe2Ox thin films,Trach; Joharchi,Bougiatioti; Manos; Klewe; Meier; Teichert; Schmalhorst; Kuschel; Reiss,2018,2017,45.45454545454545
different_work,nearest_title,10.2478/amph-2022-0008,Investigation of Phenolic Resin-Modified Asphalt and Its Mixtures,Multiple Identities and Emerging Selves in Bharati Mukherjee’s Jasmine,Wang; Wang; Huang,Ștefanovici; Florina-Gabriela,2024,2019,48.888888888888886
different_work,nearest_title,10.2478/amph-2022-0008,Precessing vortices and antivortices in ferromagnetic elements,Multiple Identities and Emerging Selves in Bharati Mukherjee’s Jasmine,Lyberatos; Komineas; Papanicolaou,Ștefanovici; Florina-Gabriela,2011,2019,48.484848484848484
different_work,nearest_title,10.2478/amph-2022-0008,"Molecular identification and amylolytic potential  of a thermophilic bacteria species from  refuse dump in Ile-Ife, Nigeria",Multiple Identities and Emerging Selves in Bharati Mukherjee’s Jasmine,Omoboye; Bakare; Adewale,Ștefanovici; Florina-Gabriela,2014,2019,46.31578947368421
different_work,nearest_title,10.22322/dkb.v36i2.5446,Estimation of Changes in Mechanical and Color Properties from the Weight Loss Data of “Shine Muscat” Fruit during Storage,DYEING OF COTTON FABRIC WITH NATURAL DYE FROM CUDRANIA JAVANENSIS USING SOKA LEAVES EXTRACT AS BIOMORDANT,Watanabe; Nakamura; Ota,Darsih; Lestari; Pratiwi; Indrianingsih; Rosyida; Apriana; Nisa; Hayati; Handayani; Wulanjati,2018,2019,50.678733031674206
different_work,nearest_title,10.22322/dkb.v36i2.5446,Extraction out of adjectival secondary predicates in English and Spanish: A nanosyntactic account,DYEING OF COTTON FABRIC WITH NATURAL DYE FROM CUDRANIA JAVANENSIS USING SOKA LEAVES EXTRACT AS BIOMORDANT,Fábregas; Jiménez-Fernández,Darsih; Lestari; Pratiwi; Indrianingsih; Rosyida; Apriana; Nisa; Hayati; Handayani; Wulanjati,2016,2019,48.756218905472636
different_work,nearest_title,10.22322/dkb.v36i2.5446,Direct laser writing of a new type of waveguides in silver containing glasses,DYEING OF COTTON FABRIC WITH NATURAL DYE FROM CUDRANIA JAVANENSIS USING SOKA LEAVES EXTRACT AS BIOMORDANT,Abou Khalil; Bérubé; Danto,Darsih; Lestari; Pratiwi; Indrianingsih; Rosyida; Apriana; Nisa; Hayati; Handayani; Wulanjati,2017,2019,44.6927374301676
different_work,nearest_title,10.37828/em.2015.3.11,On the aeroacoustic tonal noise generation mechanism of a sharp-edged plate,"NOTES ON THE MALACOFAUNA OF ISMAROS MTS. (N GREECE, RHODOPI COUNTY)",Moreau; Brooks; Doolan,Georgiev; Ivanova,2011,2015,50.72463768115942
different_work,nearest_title,10.37828/em.2015.3.11,The Effect of Tourism Revenue on Community Welfare through Economic Growth,"NOTES ON THE MALACOFAUNA OF ISMAROS MTS. (N GREECE, RHODOPI COUNTY)",Prestiantika; Sishadiyati,Georgiev; Ivanova,2024,2015,48.175182481751825
different_work,nearest_title,10.37828/em.2015.3.11,Activation of G‐protein‐coupled estrogen receptor (GPER) inhibits coronary artery smooth muscle cell proliferation,"NOTES ON THE MALACOFAUNA OF ISMAROS MTS. (N GREECE, RHODOPI COUNTY)",Li; Wang; Zhou,Georgiev; Ivanova,2012,2015,41.142857142857146
different_work,nearest_title,10.1002/sdtp.12345,Direct laser writing of a new type of waveguides in silver containing glasses,57‐2: Scalable Crystallization of a‐Si Film on a Glass Substrate by Using a Blue Laser,Abou Khalil; Bérubé; Danto,Park; Hong; Jung; Lee; Rho; Park; Grigoropoulos; Jang,2017,2018,52.903225806451616
different_work,nearest_title,10.1002/sdtp.12345,Development of a Novel Solvent-Based Formulation for Pesticides That Are Prone to Crystallization,57‐2: Scalable Crystallization of a‐Si Film on a Glass Substrate by Using a Blue Laser,Leming; Moreno; Paganini,Park; Hong; Jung; Lee; Rho; Park; Grigoropoulos; Jang,2010,2018,52.80898876404494
different_work,random_title,10.1002/sdtp.12345,Prácticas heterodoxas y<i>santidad queer</i>: “El proceso de fe” (s. XVII) de las monjas clarisas de Trujillo,57‐2: Scalable Crystallization of a‐Si Film on a Glass Substrate by Using a Blue Laser,Paz Torres; Ruiz Tresgallo,Park; Hong; Jung; Lee; Rho; Park; Grigoropoulos; Jang,2022,2018,35.632183908045974
different_work,nearest_title,10.1155/2018/3671640,Analyzer for measuring gas contained in the pore space of rocks,Analysis of Loss of Essential Power System Reported in Nuclear Power Plants,Kudasik; Skoczylas,Volkanovski; Peinador Veira,2017,2018,52.713178294573645
different_work,nearest_title,10.1155/2018/3671640,"Assessment through 5A’s of Tourism in Cuyapo, Nueva Ecija: A Basis for Tourism Development Plan",Analysis of Loss of Essential Power System Reported in Nuclear Power Plants,Velasquez; Abad; Balagtas,Volkanovski; Peinador Veira,2024,2018,51.65562913907285
different_work,nearest_title,10.1155/2018/3671640,Lanosterol Synthase Gene Polymorphisms and Changes in Endogenous Ouabain in the Response to Low Sodium Intake,Analysis of Loss of Essential Power System Reported in Nuclear Power Plants,Lanzani; Gatti; Citterio,Volkanovski; Peinador Veira,2016,2018,48.83720930232558
different_work,nearest_title,10.5840/aaptstudies2019121245,Education and Training based on Experiential Learning in Increasing Competency of Health Workers in Public Health Center of South Sulawesi,Developing Engineering Students’ Moral Reasoning Skills Using Problem-Based Learning,"Mid-level Trainer (Widyaiswara Ahli Madya), Human Resources Development Agency (BPSDM) Papua Province, Indonesia; Hadiyanto; Sulolipu",Harrell; Philosophy Documentation Center,2022,2019,51.92307692307692
different_work,nearest_title,10.5840/aaptstudies2019121245,Integrating Faith and Learning Using a Biblical Concept-Based Curriculum,Developing Engineering Students’ Moral Reasoning Skills Using Problem-Based Learning,Bell,Harrell; Philosophy Documentation Center,2024,2019,51.61290322580645
different_work,nearest_title,10.5840/aaptstudies2019121245,Failure investigation of a geosynthetic-reinforced soil slope subjected to rainfall,Developing Engineering Students’ Moral Reasoning Skills Using Problem-Based Learning,Yang; Thuo; Chen,Harrell; Philosophy Documentation Center,2019,2019,44.57831325301205
different_work,nearest_title,10.1177/105678791702600402,Virtual testing for the prediction of damping in joints,Special Need Students in the Struggle for the Character of Schooling in America,Caignot; Ladevèze; Néron,Sutton; Beese; Puckett,2010,2017,53.54330708661417
different_work,nearest_title,10.1177/105678791702600402,Analyzer for measuring gas contained in the pore space of rocks,Special Need Students in the Struggle for the Character of Schooling in America,Kudasik; Skoczylas,Sutton; Beese; Puckett,2017,2017,53.333333333333336
different_work,nearest_title,10.1177/105678791702600402,Analysis of Loss of Essential Power System Reported in Nuclear Power Plants,Special Need Students in the Struggle for the Character of Schooling in America,Volkanovski; Peinador Veira,Sutton; Beese; Puckett,2018,2017,42.028985507246375
different_work,nearest_title,10.1038/srep25005,Virtual testing for the prediction of damping in joints,Chaotic time series prediction for prenatal exposure to polychlorinated biphenyls in umbilical cord blood using the least squares SEATR model,Caignot; Ladevèze; Néron,Xu; Tang; Xia; Zhang; Li; Huo,2010,2016,55.26315789473684
different_work,nearest_title,10.1038/srep25005,Unlocking the Potential: Semaglutide’s Impact on Alzheimer’s and Parkinson’s Disease in Animal Models,Chaotic time series prediction for prenatal exposure to polychlorinated biphenyls in umbilical cord blood using the least squares SEATR model,Meca; Boboc; Mititelu-Tartau,Xu; Tang; Xia; Zhang; Li; Huo,2024,2016,50.63291139240506
different_work,random_title,10.1038/srep25005,التنمية المحمية في الجزائر قراءة لمنهوض بالمقومات وتجاوز العوائق,Chaotic time series prediction for prenatal exposure to polychlorinated biphenyls in umbilical cord blood using the least squares SEATR model,فريدة,Xu; Tang; Xia; Zhang; Li; Huo,2017,2016,7.804878048780495
different_work,random_title,10.17308/sorpchrom.2017.17/353,Возможности тразодона в патогенетической терапии хронической боли,Сравнительный анализ методов оценки характеристик молекулярно-массового распределения полиметиленнафталинсульфонатов,Tsiurko; Pelepeichenko; Raskalei,Замуруев; Вовк,2015,2018,38.67403314917127
different_work,random_title,10.17308/sorpchrom.2017.17/353,Вплив колоїдного розчину наночастинок срібла на показники кардіо- та гемодинаміки у кролів,Сравнительный анализ методов оценки характеристик молекулярно-массового распределения полиметиленнафталинсульфонатов,Pryskoka,Замуруев; Вовк,2014,2018,36.09756097560975
different_work,random_title,10.17308/sorpchrom.2017.17/353,Duration of Membership at Sports Centers and Reasons for Quitting,Сравнительный анализ методов оценки характеристик молекулярно-массового распределения полиметиленнафталинсульфонатов,Nuviala; Grao-Cruces; Teva-Villén,Замуруев; Вовк,2013,2018,8.83977900552486
different_work,nearest_title,10.1039/c4ay03023k,"Un réseau de transport pour désenclaver le quartier, à Aubenas",Emergence of tunable resistive pulse sensing as a biosensor,Deleuze,Blundell; Mayne; Billinge; Platt,2013,2015,51.666666666666664
different_work,nearest_title,10.1039/c4ay03023k,Virtual testing for the prediction of damping in joints,Emergence of tunable resistive pulse sensing as a biosensor,Caignot; Ladevèze; Néron,Blundell; Mayne; Billinge; Platt,2010,2015,50.87719298245614
different_work,random_title,10.1039/c4ay03023k,Pengaruh Konsumsi Teh dengan Kejadian Anemia pada Ibu Hamil di Wilayah Kerja Puskesmas Salembaran Jaya Kabupaten Tangerang Tahun 2018,Emergence of tunable resistive pulse sensing as a biosensor,Choirunissa; Al Zahra,Blundell; Mayne; Billinge; Platt,2019,2015,31.25
different_work,nearest_title,10.3390/nu11071563,Information overload in the context of apparel,Skipping Breakfast and a Meal at School: Its Correlates in Adiposity Context. Report from the ABC of Healthy Eating Study of Polish Teenagers,Stanton; Paolo,Wadolowska; Hamulka; Kowalkowska; Ulewicz; Gornicka; Jeruszka-Bielak; Kostecka; Wawrzyniak,2012,2019,53.96825396825397
different_work,nearest_title,10.3390/nu11071563,Use of Luminex xMAP bead-based suspension array for detecting microRNA in NSCLC tissues and its clinical application,Skipping Breakfast and a Meal at School: Its Correlates in Adiposity Context. Report from the ABC of Healthy Eating Study of Polish Teenagers,Wang; Shi; Wu,Wadolowska; Hamulka; Kowalkowska; Ulewicz; Gornicka; Jeruszka-Bielak; Kostecka; Wawrzyniak,2012,2019,51.58730158730159
different_work,nearest_title,10.3390/nu11071563,"Under Industry 4.0, the Current Status of Development and Trend Sports Industry Combining with Cloud Technology",Skipping Breakfast and a Meal at School: Its Correlates in Adiposity Context. Report from the ABC of Healthy Eating Study of Polish Teenagers,Yu; Lin; Huang,Wadolowska; Hamulka; Kowalkowska; Ulewicz; Gornicka; Jeruszka-Bielak; Kostecka; Wawrzyniak,2020,2019,45.56962025316456
different_work,nearest_title,10.1115/1.4037867,Effect Analysis of Different Exhaust Velocity on Fire Smoke Control in Subway Tunnel,On Coarse Grids Simulation of Compressible Mixing Layer Flows Using Vorticity Confinement,Han; Gao; Cong,Hejranfar; Ebrahimi; Sadri,2012,2017,49.71098265895954
different_work,nearest_title,10.1115/1.4037867,Non-contact elasticity contrast imaging using photon counting,On Coarse Grids Simulation of Compressible Mixing Layer Flows Using Vorticity Confinement,Zheng; Meng Sua; Zhu,Hejranfar; Ebrahimi; Sadri,2024,2017,49.333333333333336
different_work,random_title,10.1115/1.4037867,Knockdown of DNMT1 and DNMT3a Promotes the Angiogenesis of Human Mesenchymal Stem Cells Leading to Arterial Specific Differentiation,On Coarse Grids Simulation of Compressible Mixing Layer Flows Using Vorticity Confinement,Zhang; Wang; Zhang,Hejranfar; Ebrahimi; Sadri,2016,2017,39.44954128440367
different_work,nearest_title,10.37194/jpmb.v1i2.28,"Pengaruh Brand Image, Peer Group Dan Physical Evidence Terhadap Minat Sekolah Ke Perguruan Tinggi di Kota Serang Tahun 2022",Pengaruh Strategi dan Preferensi Investor terhadap Pengambilan Keputusan Investasi dengan Media Informasi sebagai Variabel Moderating,Dhany Isneni D.,Imelda; Sitinjak; Trimeiningrum,2022,2019,52.549019607843135
different_work,nearest_title,10.37194/jpmb.v1i2.28,"Pengaruh Pemahaman Akuntansi, Sosialisasi dan Tingkat Pendidikan Pelaku Usaha Terhadap Penerapan SAK EMKM Pada UMKM di Kabupaten Buleleng",Pengaruh Strategi dan Preferensi Investor terhadap Pengambilan Keputusan Investasi dengan Media Informasi sebagai Variabel Moderating,Oktavia; Masdiantini,Imelda; Sitinjak; Trimeiningrum,2023,2019,52.04460966542751
different_work,random_title,10.37194/jpmb.v1i2.28,Early Forest Fire Identification Algorithm of Infrared Thermal Imager,Pengaruh Strategi dan Preferensi Investor terhadap Pengambilan Keputusan Investasi dengan Media Informasi sebagai Variabel Moderating,Li; Zhou; Li,Imelda; Sitinjak; Trimeiningrum,2012,2019,39.603960396039604
different_work,nearest_title,10.1098/rsta.2017.0457,Molecular screening programs in different countries: what we learned and perspectives,"On Heaviside's contributions to transmission line theory: waves, diffusion and energy flux",Borcoman; Le Tourneau; Kamal,Donaghy-Spargo,2019,2018,52.325581395348834
different_work,nearest_title,10.1098/rsta.2017.0457,Effect Analysis of Different Exhaust Velocity on Fire Smoke Control in Subway Tunnel,"On Heaviside's contributions to transmission line theory: waves, diffusion and energy flux",Han; Gao; Cong,Donaghy-Spargo,2012,2018,48.83720930232558
different_work,nearest_title,10.1098/rsta.2017.0457,Representaciones sociales: el significado de la educación física para los estudiantes de esa disciplina,"On Heaviside's contributions to transmission line theory: waves, diffusion and energy flux",Caniuqueo Vargas; Hernández-Mosqueira; Troyano Agredo,Donaghy-Spargo,2018,2018,43.850267379679146
different_work,nearest_title,10.20473/jr.v1-i.1.2015.29-39,PENGARUH LATIHAN TARGET TERHADAP AKURASI SHOOTING FUTSAL PADA MAHASISWI PENDIDIKAN JASMANI UNTAN,Peranan Ultrasonografi Toraks dalam Menegakkan Diagnosis Beberapa Kelainan pada Paru,Meldayani; Triansyah; Bafadal,Winaya; Koesoemoprodjo,2023,2019,50.0
different_work,nearest_title,10.20473/jr.v1-i.1.2015.29-39,EFEKTIFITAS PENAMBAHAN BUAH TERHADAP KADAR GULA DARAH PADA DIABETESI TIPE 2 RAWAT INAP DI RUMAH SAKIT SANTA ELISABETH SEMARANG,Peranan Ultrasonografi Toraks dalam Menegakkan Diagnosis Beberapa Kelainan pada Paru,Suratmi; Jaelani; Susiloretni,Winaya; Koesoemoprodjo,2017,2019,47.61904761904762
different_work,random_title,10.20473/jr.v1-i.1.2015.29-39,Numerical Simulations of Boundary-Layer Airflow Over Pitched-Roof Buildings,Peranan Ultrasonografi Toraks dalam Menegakkan Diagnosis Beberapa Kelainan pada Paru,Coburn; Xie; Herring,Winaya; Koesoemoprodjo,2022,2019,37.735849056603776
different_work,nearest_title,10.1002/eej.22739,Potential Measurement of High Corrosion Resistance Metals Surface in Atmospheric Environment,Transient Charging Characteristics in Surface Flashover Development Process due to Explosive Electron Emission in Vacuum,Hirohata; Noda; Katayama,Nakano; Kojima; Tsuchiya; Hayakawa,2012,2015,52.63157894736842
different_work,nearest_title,10.1002/eej.22739,Development of a Novel Solvent-Based Formulation for Pesticides That Are Prone to Crystallization,Transient Charging Characteristics in Surface Flashover Development Process due to Explosive Electron Emission in Vacuum,Leming; Moreno; Paganini,Nakano; Kojima; Tsuchiya; Hayakawa,2010,2015,50.467289719626166
different_work,random_title,10.1002/eej.22739,Gender diversity and environmental activism: Gender discrimination or socialisation?,Transient Charging Characteristics in Surface Flashover Development Process due to Explosive Electron Emission in Vacuum,Yu; Liu,Nakano; Kojima; Tsuchiya; Hayakawa,2024,2015,39.583333333333336
different_work,nearest_title,10.1002/pssb.201800758,Approaches to high-density storage experiments with in-situ production and detection of ultracold neutrons,Effect of Intense Laser Field in Gaussian Quantum Well With Position‐Dependent Effective Mass,Degenkolb; Fierlinger; Zimmer,Sari; Kasapoglu; Sakiroglu; Sökmen; Duque,2023,2019,50.25125628140704
different_work,nearest_title,10.1002/pssb.201800758,"Mites of the Family Laelapidae (Acari, Mesostigmata) Associated with Scarab Beetles in Ukraine",Effect of Intense Laser Field in Gaussian Quantum Well With Position‐Dependent Effective Mass,Trach; Joharchi,Sari; Kasapoglu; Sakiroglu; Sökmen; Duque,2018,2019,50.0
different_work,nearest_title,10.1002/pssb.201800758,Chaotic time series prediction for prenatal exposure to polychlorinated biphenyls in umbilical cord blood using the least squares SEATR model,Effect of Intense Laser Field in Gaussian Quantum Well With Position‐Dependent Effective Mass,Xu; Tang; Xia,Sari; Kasapoglu; Sakiroglu; Sökmen; Duque,2016,2019,40.17094017094017
different_work,nearest_title,10.3329/jbip.v8i1.76844,"Assessment of Nutrient Contents in River Waters  Introduced to Beni Haroun Dam, North East Algeria",Community Participatory Tools for Water Logging Vulnerability Assessment in Chittagong City Corporation Area,Bouchareb; K. Boudeffa; Lalaoui,Islam; Chowdhury; Chisty; Rahman,2022,2015,51.96078431372549
different_work,nearest_title,10.3329/jbip.v8i1.76844,Development of a Novel Solvent-Based Formulation for Pesticides That Are Prone to Crystallization,Community Participatory Tools for Water Logging Vulnerability Assessment in Chittagong City Corporation Area,Leming; Moreno; Paganini,Islam; Chowdhury; Chisty; Rahman,2010,2015,49.75609756097561
different_work,random_title,10.3329/jbip.v8i1.76844,Priority of candidates with hepatocellular carcinoma awaiting liver transplantation can be reduced after successful bridge therapy,Community Participatory Tools for Water Logging Vulnerability Assessment in Chittagong City Corporation Area,Cucchetti; Cescon; Bigonzi,Islam; Chowdhury; Chisty; Rahman,2011,2015,39.49579831932773
different_work,nearest_title,10.29379/jedem.v7i1.373,Racial and Ethnic Differences in End‐of‐Life Medicare Expenditures,Individualized and Depoliticized: A Study of Chinese Blogosphere in Singapore,Byhoff; Harris; Langa,Soon; Sim,2016,2015,50.70422535211268
different_work,nearest_title,10.29379/jedem.v7i1.373,Study of the ion kinetic effects in ICF run-away burn using a quasi-1D hybrid model,Individualized and Depoliticized: A Study of Chinese Blogosphere in Singapore,Huang; Molvig; Albright,Soon; Sim,2017,2015,50.314465408805034
different_work,nearest_title,10.29379/jedem.v7i1.373,Improved Classification of White Blood Cells with the Generative Adversarial Network and Deep Convolutional Neural Network,Individualized and Depoliticized: A Study of Chinese Blogosphere in Singapore,Almezhghwi; Serte,Soon; Sim,2020,2015,43.1578947368421
different_work,nearest_title,10.2478/vzoo-2018-0022,Increased parental history of bipolar disorder in the <scp>U</scp>nited <scp>S</scp>tates: association with early age of onset,"Mites of the Family Laelapidae (Acari, Mesostigmata) Associated with Scarab Beetles in Ukraine",Post; Leverich; Kupka,Trach; Joharchi,2013,2018,53.807106598984774
different_work,nearest_title,10.2478/vzoo-2018-0022,Mitochondrial calcium handling within the interstitial cells of Cajal,"Mites of the Family Laelapidae (Acari, Mesostigmata) Associated with Scarab Beetles in Ukraine",Means; Cheng,Trach; Joharchi,2014,2018,52.5
different_work,nearest_title,10.2478/vzoo-2018-0022,A Possible Role of Pulegone against Glypican-1 for the Treatment of Alzheimer’s Disease through In-Silico Approach,"Mites of the Family Laelapidae (Acari, Mesostigmata) Associated with Scarab Beetles in Ukraine",Kaushik,Trach; Joharchi,2021,2018,43.56435643564357
different_work,nearest_title,10.1002/stem.2288,Estimation of Changes in Mechanical and Color Properties from the Weight Loss Data of “Shine Muscat” Fruit during Storage,Knockdown of DNMT1 and DNMT3a Promotes the Angiogenesis of Human Mesenchymal Stem Cells Leading to Arterial Specific Differentiation,Watanabe; Nakamura; Ota,Zhang; Wang; Zhang; Huang; Song; Li; Li; Luo; Zhou; He; Zhang; Ma; Zhang,2018,2016,52.244897959183675
different_work,nearest_title,10.1002/stem.2288,"Molecular identification and amylolytic potential  of a thermophilic bacteria species from  refuse dump in Ile-Ife, Nigeria",Knockdown of DNMT1 and DNMT3a Promotes the Angiogenesis of Human Mesenchymal Stem Cells Leading to Arterial Specific Differentiation,Omoboye; Bakare; Adewale,Zhang; Wang; Zhang; Huang; Song; Li; Li; Luo; Zhou; He; Zhang; Ma; Zhang,2014,2016,49.799196787148595
different_work,nearest_title,10.1002/stem.2288,Silver ion binding to the organophosphorus pesticide diazinon and hydrolytic pathways revealed by mass spectrometric and NMR studies,Knockdown of DNMT1 and DNMT3a Promotes the Angiogenesis of Human Mesenchymal Stem Cells Leading to Arterial Specific Differentiation,Wyer; vanLoon; Dust,Zhang; Wang; Zhang; Huang; Song; Li; Li; Luo; Zhou; He; Zhang; Ma; Zhang,2015,2016,44.3579766536965
different_work,nearest_title,10.1111/jog.13771,Approaches to high-density storage experiments with in-situ production and detection of ultracold neutrons,"Exome sequencing identifies novel
                    <i>ACE</i>
                    splice‐site variant in a fetus with renal tubular dysgenesis",Degenkolb; Fierlinger; Zimmer,Das Bhowmik; Dalal; Tandon; Aggarwal,2023,2018,51.45631067961165
different_work,nearest_title,10.1111/jog.13771,Government size and economic growth in an endogenous growth model with rent‐seeking,"Exome sequencing identifies novel
                    <i>ACE</i>
                    splice‐site variant in a fetus with renal tubular dysgenesis",Wadho; Ayaz,Das Bhowmik; Dalal; Tandon; Aggarwal,2017,2018,50.0
different_work,random_title,10.1111/jog.13771,A new material classification of lossy metamaterials,"Exome sequencing identifies novel
                    <i>ACE</i>
                    splice‐site variant in a fetus with renal tubular dysgenesis",Lee; Park,Das Bhowmik; Dalal; Tandon; Aggarwal,2010,2018,35.526315789473685
different_work,nearest_title,10.3390/challe8010008,SLAM-associated protein (SAP)-deficiency impedes the function of T follicular helper cells in germinal center formation (99.3),Hydrides as High Capacity Anodes in Lithium Cells: An Italian “Futuro in Ricerca di Base FIRB-2010” Project,Lu; Cannons; Kanno,Brutti; Panero; Paolone; Gatto; Meggiolaro; Vitucci; Manzi; Munaò; Silvestri; Farina; Reale,2010,2017,45.73991031390135
different_work,nearest_title,10.3390/challe8010008,Approaches to high-density storage experiments with in-situ production and detection of ultracold neutrons,Hydrides as High Capacity Anodes in Lithium Cells: An Italian “Futuro in Ricerca di Base FIRB-2010” Project,Degenkolb; Fierlinger; Zimmer,Brutti; Panero; Paolone; Gatto; Meggiolaro; Vitucci; Manzi; Munaò; Silvestri; Farina; Reale,2023,2017,45.410628019323674
different_work,random_title,10.3390/challe8010008,Silver ion binding to the organophosphorus pesticide diazinon and hydrolytic pathways revealed by mass spectrometric and NMR studies,Hydrides as High Capacity Anodes in Lithium Cells: An Italian “Futuro in Ricerca di Base FIRB-2010” Project,Wyer; vanLoon; Dust,Brutti; Panero; Paolone; Gatto; Meggiolaro; Vitucci; Manzi; Munaò; Silvestri; Farina; Reale,2015,2017,36.68122270742358
different_work,nearest_title,10.1063/1.4976323,Evaluation of Neuroprotective Effects of Local Hypothermia in a Porcine Spinal Cord Injury Model,Study of the ion kinetic effects in ICF run-away burn using a quasi-1D hybrid model,Šulla; Papcúnová; Závodská,Huang; Molvig; Albright; Dodd; Vold; Kagan; Hoffman,2024,2017,56.81818181818182
different_work,nearest_title,10.1063/1.4976323,Improvement of performance and sensitivity of 2D and 3D image reconstruction in EIT using EFG forward model,Study of the ion kinetic effects in ICF run-away burn using a quasi-1D hybrid model,Hadinia; Jafari,Huang; Molvig; Albright; Dodd; Vold; Kagan; Hoffman,2022,2017,53.55191256830601
different_work,random_title,10.1063/1.4976323,A New Snowboard Injury Caused by “FLOW” Bindings,Study of the ion kinetic effects in ICF run-away burn using a quasi-1D hybrid model,Haverkamp; Hoornenborg; Maas,Huang; Molvig; Albright; Dodd; Vold; Kagan; Hoffman,2014,2017,35.65891472868218
different_work,nearest_title,10.1158/1538-7445.am2018-608,Abstract 1091: Paclitaxel-loaded microparticles in combination with gemcitabine-loaded microparticles decreases gemcitabine resistance and promotes cell death in pancreatic cancer cell lines,Abstract 608: IFN-γ elicits stimulatory MHC class I isotypes in human colorectal carcinoma cell lines with genetic features of microsatellite stable,Munoz-Sagastibelza; Moshchinsky; Okome,Liang; Chan; Lee; Chen; Cheng; Yeh,2017,2018,53.74149659863946
different_work,nearest_title,10.1158/1538-7445.am2018-608,Abstract 78: Genetic Associations and Mechanisms in Oncology (GAME-ON): A network approach to post-GWAS research.,Abstract 608: IFN-γ elicits stimulatory MHC class I isotypes in human colorectal carcinoma cell lines with genetic features of microsatellite stable,Kaminski; Amos; DeRycke,Liang; Chan; Lee; Chen; Cheng; Yeh,2012,2018,50.98039215686274
different_work,nearest_title,10.1158/1538-7445.am2018-608,Evaluation of Color Changes of Different Resin Cements in Feldspathic Ceramic Crowns After Accelerated Aging: An In Vitro Research,Abstract 608: IFN-γ elicits stimulatory MHC class I isotypes in human colorectal carcinoma cell lines with genetic features of microsatellite stable,Eskitaşçıoğlu; Akdeniz; Değirmenci,Liang; Chan; Lee; Chen; Cheng; Yeh,2021,2018,45.18518518518518
different_work,nearest_title,10.14295/oh.v23i4.1129,DEVELOPMENT OF A UNIVERSAL CONSTANT SET IN THE KELVIN-HELMHOLTZ RAYLEIGH-TAYLOR (KH-RT) BREAKUP MODEL FOR SPRAY SIMULATIONS OF VARIOUS FUELS,"Floristic survey of ornamental plants used in Dom Delgado University City at the Universidade Federal do Maranhão, São Luís, Maranhão State, Brazil",Zhang; Bian; Zhang,Costa; Pires; Anjos; Correia; Almeida Jr.,2024,2018,53.333333333333336
different_work,nearest_title,10.14295/oh.v23i4.1129,Increased parental history of bipolar disorder in the <scp>U</scp>nited <scp>S</scp>tates: association with early age of onset,"Floristic survey of ornamental plants used in Dom Delgado University City at the Universidade Federal do Maranhão, São Luís, Maranhão State, Brazil",Post; Leverich; Kupka,Costa; Pires; Anjos; Correia; Almeida Jr.,2013,2018,49.79253112033195
different_work,nearest_title,10.14295/oh.v23i4.1129,Waves Across the Himalayas: On the Typological Characteristics and History of the Bodic Subfamily of Tibeto‐Burman,"Floristic survey of ornamental plants used in Dom Delgado University City at the Universidade Federal do Maranhão, São Luís, Maranhão State, Brazil",Hyslop,Costa; Pires; Anjos; Correia; Almeida Jr.,2014,2018,42.19409282700422
different_work,nearest_title,10.1038/srep27576,Assessment of Thermal Stresses in Asphalt Mixtures at Low Temperatures Using the Tensile Creep Test and the Bending Beam Creep Test,Assessment of Heterotrophic Growth Supported by Soluble Microbial Products in Anammox Biofilm using Multidimensional Modeling,Pszczola; Jaczewski; Szydlowski,Liu; Sun; Peng; Wang; Dai; Ni,2019,2016,49.79253112033195
different_work,nearest_title,10.1038/srep27576,Implications of Microbial Thiosulfate Utilization in Red Clay Sediments of the Central Indian Basin: The Martian Analogy,Assessment of Heterotrophic Growth Supported by Soluble Microbial Products in Anammox Biofilm using Multidimensional Modeling,Singh; Kshirsagar; Das,Liu; Sun; Peng; Wang; Dai; Ni,2019,2016,49.78902953586498
different_work,random_title,10.1038/srep27576,Pengaruh Strategi dan Preferensi Investor terhadap Pengambilan Keputusan Investasi dengan Media Informasi sebagai Variabel Moderating,Assessment of Heterotrophic Growth Supported by Soluble Microbial Products in Anammox Biofilm using Multidimensional Modeling,Imelda; Sitinjak; Trimeiningrum,Liu; Sun; Peng; Wang; Dai; Ni,2019,2016,39.53488372093023
different_work,nearest_title,10.1163/1875984x-01001005,A Gas-Turbine with Approximate General Carnot Cycle and Its Performance Prediction,R2P and the Prevention of Mass Atrocities: A Child-Centric Approach,Li; Zhang; Li,Jacob,2014,2018,55.4054054054054
different_work,nearest_title,10.1163/1875984x-01001005,Abstract 78: Genetic Associations and Mechanisms in Oncology (GAME-ON): A network approach to post-GWAS research.,R2P and the Prevention of Mass Atrocities: A Child-Centric Approach,Kaminski; Amos; DeRycke,Jacob,2012,2018,54.02298850574713
different_work,nearest_title,10.1163/1875984x-01001005,Apgar score and perinatal death after one previous caesarean delivery,R2P and the Prevention of Mass Atrocities: A Child-Centric Approach,Carlsson Wallin; Ekström; Maršál,Jacob,2010,2018,45.925925925925924
different_work,nearest_title,10.1111/ajr.12473,"Paul Jacobsthal's<i>Early Celtic Art</i>, his anonymous co-author, and National Socialism: new evidence from the archives",Learning from history: How research evidence can inform policies to improve rural and remote medical workforce distribution,Crawford; Ulmschneider,Humphreys; Wakerman,2011,2018,49.152542372881356
different_work,nearest_title,10.1111/ajr.12473,"Molecular identification and amylolytic potential  of a thermophilic bacteria species from  refuse dump in Ile-Ife, Nigeria",Learning from history: How research evidence can inform policies to improve rural and remote medical workforce distribution,Omoboye; Bakare; Adewale,Humphreys; Wakerman,2014,2018,48.760330578512395
different_work,nearest_title,10.1111/ajr.12473,Protocol of HOTFy: randomised clinical trial to hyperbaric oxygen therapy in fibromyalgia,Learning from history: How research evidence can inform policies to improve rural and remote medical workforce distribution,Mota Neto; Mendes; Martins,Humphreys; Wakerman,2023,2018,41.904761904761905
different_work,nearest_title,10.11646/zootaxa.4619.2.11,"Species of Cerambycinae (Insecta, Coleoptera, Cerambycidae) from east Paraná State (Brazil), with new geographic records","A new species of Acroneuria (Plecoptera: Perlidae) from Henan Province, China, with redescription of A. hainana Wu, 1938",BARROS; FONSECA; JARDIM,LIU; MO; LI,2020,2019,56.10859728506787
different_work,nearest_title,10.11646/zootaxa.4619.2.11,Comparison of the ITS Sequences of 5 Common &lt;i&gt;Potentilla&lt;/i&gt; Species in Jilin Province of China,"A new species of Acroneuria (Plecoptera: Perlidae) from Henan Province, China, with redescription of A. hainana Wu, 1938",Zhang; Liu; Wang,LIU; MO; LI,2012,2019,55.27638190954774
different_work,nearest_title,10.11646/zootaxa.4619.2.11,Abstract 1091: Paclitaxel-loaded microparticles in combination with gemcitabine-loaded microparticles decreases gemcitabine resistance and promotes cell death in pancreatic cancer cell lines,"A new species of Acroneuria (Plecoptera: Perlidae) from Henan Province, China, with redescription of A. hainana Wu, 1938",Munoz-Sagastibelza; Moshchinsky; Okome,LIU; MO; LI,2017,2019,47.05882352941177
different_work,nearest_title,10.1177/0731684415618537,Estimation of Changes in Mechanical and Color Properties from the Weight Loss Data of “Shine Muscat” Fruit during Storage,Mechanical properties of unidirectional continuous fiber tapes reinforced long fiber thermoplastics and their manufacturing,Watanabe; Nakamura; Ota,Fang; Shen; Dai,2018,2015,54.93562231759657
different_work,nearest_title,10.1177/0731684415618537,Investigation on Tensile Properties of Weft Insertion Warp Knitted Fabric Reinforced Composites,Mechanical properties of unidirectional continuous fiber tapes reinforced long fiber thermoplastics and their manufacturing,Qin; Ma,Fang; Shen; Dai,2013,2015,53.77358490566038
different_work,nearest_title,10.1177/0731684415618537,Transient Charging Characteristics in Surface Flashover Development Process due to Explosive Electron Emission in Vacuum,Mechanical properties of unidirectional continuous fiber tapes reinforced long fiber thermoplastics and their manufacturing,Nakano; Kojima; Tsuchiya,Fang; Shen; Dai,2015,2015,40.17094017094017
different_work,nearest_title,10.1097/cco.0000000000000561,Government size and economic growth in an endogenous growth model with rent‐seeking,Molecular screening programs in different countries: what we learned and perspectives,Wadho; Ayaz,Borcoman; Le Tourneau; Kamal,2017,2019,52.5
different_work,nearest_title,10.1097/cco.0000000000000561,"On Heaviside's contributions to transmission line theory: waves, diffusion and energy flux",Molecular screening programs in different countries: what we learned and perspectives,Donaghy-Spargo,Borcoman; Le Tourneau; Kamal,2018,2019,52.325581395348834
different_work,nearest_title,10.1097/cco.0000000000000561,"Ciclo de vida de la explotación de carbón mineral en Paipa, Boyacá",Molecular screening programs in different countries: what we learned and perspectives,Manrique Abril; Arias Quintero; Medina González,Borcoman; Le Tourneau; Kamal,2021,2019,40.55944055944056
different_work,nearest_title,10.1139/cjc-2015-0248,Chaotic time series prediction for prenatal exposure to polychlorinated biphenyls in umbilical cord blood using the least squares SEATR model,Silver ion binding to the organophosphorus pesticide diazinon and hydrolytic pathways revealed by mass spectrometric and NMR studies,Xu; Tang; Xia,Wyer; vanLoon; Dust; Buncel,2016,2015,46.84014869888476
different_work,nearest_title,10.1139/cjc-2015-0248,"Sourcing third party logistics service providers based on environmental, social and corporate governance: a case study",Silver ion binding to the organophosphorus pesticide diazinon and hydrolytic pathways revealed by mass spectrometric and NMR studies,Moreira; Rodrigues,Wyer; vanLoon; Dust; Buncel,2023,2015,46.721311475409834
different_work,nearest_title,10.1139/cjc-2015-0248,Approaches to high-density storage experiments with in-situ production and detection of ultracold neutrons,Silver ion binding to the organophosphorus pesticide diazinon and hydrolytic pathways revealed by mass spectrometric and NMR studies,Degenkolb; Fierlinger; Zimmer,Wyer; vanLoon; Dust; Buncel,2023,2015,41.02564102564103
different_work,nearest_title,10.5858/arpa.2021-0585-cp,"Clinical profile and screening of exon 6 and 14 of ABCB4 gene in obstetric cholestasis patients at a tertiary care hospital in Rawalpindi, Pakistan",Clinical Testing for Tumor Cell-Free DNA: College of American Pathologists Proficiency Programs Reveal Practice Trends,Nuzhat Noor; Sabika Firasat; Naheed Bano,Devereaux; Souers; Merker; Lindeman; Graham; Hameed; Vasalos; Moncur; Lockwood; Xian,2021,2022,52.17391304347826
different_work,nearest_title,10.5858/arpa.2021-0585-cp,Brain Microstructure Reveals Early Abnormalities more than Two Years prior to Clinical Progression from Mild Cognitive Impairment to Alzheimer's Disease,Clinical Testing for Tumor Cell-Free DNA: College of American Pathologists Proficiency Programs Reveal Practice Trends,Douaud; Menke; Gass,Devereaux; Souers; Merker; Lindeman; Graham; Hameed; Vasalos; Moncur; Lockwood; Xian,2013,2022,51.8796992481203
different_work,nearest_title,10.5858/arpa.2021-0585-cp,Virtual testing for the prediction of damping in joints,Clinical Testing for Tumor Cell-Free DNA: College of American Pathologists Proficiency Programs Reveal Practice Trends,Caignot; Ladevèze; Néron,Devereaux; Souers; Merker; Lindeman; Graham; Hameed; Vasalos; Moncur; Lockwood; Xian,2010,2022,47.674418604651166
different_work,nearest_title,10.2478/fv-2024-0029,Study of the ion kinetic effects in ICF run-away burn using a quasi-1D hybrid model,Evaluation of Neuroprotective Effects of Local Hypothermia in a Porcine Spinal Cord Injury Model,Huang; Molvig; Albright,Šulla; Papcúnová; Závodská,2017,2024,56.81818181818182
different_work,nearest_title,10.2478/fv-2024-0029,Contribution of spinal cord biopsy to diagnosis of aquaporin-4 antibody positive neuromyelitis optica spectrum disorder,Evaluation of Neuroprotective Effects of Local Hypothermia in a Porcine Spinal Cord Injury Model,Ringelstein; Metz; Ruprecht,Šulla; Papcúnová; Závodská,2013,2024,52.63157894736842
different_work,nearest_title,10.2478/fv-2024-0029,Occupational Therapy Life Skills Training for Juvenile Offenders in Foster Care,Evaluation of Neuroprotective Effects of Local Hypothermia in a Porcine Spinal Cord Injury Model,Kramper; Hullman; Allmayer,Šulla; Papcúnová; Závodská,2015,2024,43.02325581395349
different_work,nearest_title,10.18173/2354-1067.2021-0011,Information overload in the context of apparel,The Revolutionary Base Areas of Can Vuong Movement in Quang Nam,Stanton; Paolo,Nguyen Minh,2012,2021,53.211009174311926
different_work,nearest_title,10.18173/2354-1067.2021-0011,Research on Evaluation of the City Environmental Pollution Based on Support Vector Machine,The Revolutionary Base Areas of Can Vuong Movement in Quang Nam,Zhang; Yang,Nguyen Minh,2014,2021,52.0
different_work,nearest_title,10.18173/2354-1067.2021-0011,Review article: the modern management of autoimmune hepatitis,The Revolutionary Base Areas of Can Vuong Movement in Quang Nam,YEOMAN; LONGHI; HENEGHAN,Nguyen Minh,2010,2021,50.40650406504065
different_work,nearest_title,10.1155/2020/6490479,Correlation of drug‐induced apoptosis assay results with oncologist treatment decisions and patient response and survival,Improved Classification of White Blood Cells with the Generative Adversarial Network and Deep Convolutional Neural Network,Bosserman; Rajurkar; Rogers,Almezhghwi; Serte,2012,2020,50.21645021645022
different_work,nearest_title,10.1155/2020/6490479,Male survivorship and the evolution of eusociality in partially bivoltine sweat bees,Improved Classification of White Blood Cells with the Generative Adversarial Network and Deep Convolutional Neural Network,Gruber; Field,Almezhghwi; Serte,2022,2020,49.494949494949495
different_work,nearest_title,10.1155/2020/6490479,"Chronology, stratigraphy and palaeoenvironmental interpretation of a <scp>L</scp>ate <scp>P</scp>leistocene to mid‐<scp>H</scp>olocene cave accumulation on <scp>K</scp>angaroo <scp>I</scp>sland, <scp>S</scp>outh <scp>A</scp>ustralia",Improved Classification of White Blood Cells with the Generative Adversarial Network and Deep Convolutional Neural Network,McDowell; Bestland; Bertuch,Almezhghwi; Serte,2013,2020,40.57971014492754
different_work,nearest_title,10.1007/s43621-023-00149-3,Gender diversity and environmental activism: Gender discrimination or socialisation?,"Sourcing third party logistics service providers based on environmental, social and corporate governance: a case study",Yu; Liu,Moreira; Rodrigues,2024,2023,53.403141361256544
different_work,nearest_title,10.1007/s43621-023-00149-3,Research on Evaluation of the City Environmental Pollution Based on Support Vector Machine,"Sourcing third party logistics service providers based on environmental, social and corporate governance: a case study",Zhang; Yang,Moreira; Rodrigues,2014,2023,52.216748768472904
different_work,random_title,10.1007/s43621-023-00149-3,A new material classification of lossy metamaterials,"Sourcing third party logistics service providers based on environmental, social and corporate governance: a case study",Lee; Park,Moreira; Rodrigues,2010,2023,35.71428571428571
different_work,nearest_title,10.1163/17455243-20202934,Virtual testing for the prediction of damping in joints,The Projectability Challenge to Moral Naturalism,Caignot; Ladevèze; Néron,Bengson; Cuneo; Reisner,2010,2020,46.601941747572816
different_work,nearest_title,10.1163/17455243-20202934,The generalized k-Fibonacci polynomials and generalized k-Lucas polynomials,The Projectability Challenge to Moral Naturalism,"Graduate School of Natural and Applied Sciences, Erzincan Binali Yildirim University; Taştan; Özkan",Bengson; Cuneo; Reisner,2021,2020,45.36082474226804
different_work,random_title,10.1163/17455243-20202934,Priority of candidates with hepatocellular carcinoma awaiting liver transplantation can be reduced after successful bridge therapy,The Projectability Challenge to Moral Naturalism,Cucchetti; Cescon; Bigonzi,Bengson; Cuneo; Reisner,2011,2020,34.8314606741573
different_work,nearest_title,10.32503/cendekiaakuntansi.v9i1.4810,CONTINUITY OF CARE PADA NEONATUS DAN BAYI DI ERA PANDEMI  COVID-19 DI SUMATERA BARAT,"ANALISIS DAMPAK PANDEMI COVID-19 TERHADAP KINERJA LAPORAN KEUANGAN PERUSAHAAN SEKTOR KESEHATAN, INDUSTI,  DAN BARANG KONSUMEN PRIMER",Bustami; Yulizawati; Halida,Putra; Alfinuha,2021,2024,52.63157894736842
different_work,nearest_title,10.32503/cendekiaakuntansi.v9i1.4810,Pengaruh Strategi dan Preferensi Investor terhadap Pengambilan Keputusan Investasi dengan Media Informasi sebagai Variabel Moderating,"ANALISIS DAMPAK PANDEMI COVID-19 TERHADAP KINERJA LAPORAN KEUANGAN PERUSAHAAN SEKTOR KESEHATAN, INDUSTI,  DAN BARANG KONSUMEN PRIMER",Imelda; Sitinjak; Trimeiningrum,Putra; Alfinuha,2019,2024,50.38167938931298
different_work,random_title,10.32503/cendekiaakuntansi.v9i1.4810,Erste Schritte zu Smartphone-basierten Sportinterventionen im                Alltag?,"ANALISIS DAMPAK PANDEMI COVID-19 TERHADAP KINERJA LAPORAN KEUANGAN PERUSAHAAN SEKTOR KESEHATAN, INDUSTI,  DAN BARANG KONSUMEN PRIMER",Reichert; Kapteinat; Lauvai,Putra; Alfinuha,2018,2024,35.53299492385787
different_work,nearest_title,10.55218/jasr.202213221,Effect Analysis of Different Exhaust Velocity on Fire Smoke Control in Subway Tunnel,"PHYTOMODULATORY EFFECTS OF MURRAYA KOENIGII IN DMBA/TPA INDUCED ANGIOGENESIS, HEPATOTOXICITY AND RENAL TOXICITY DURING SKIN CARCINOGENESIS IN MICE",Han; Gao; Cong,Aniqa; Kaur; Negi; Sadwal; Bharati,2012,2022,49.557522123893804
different_work,nearest_title,10.55218/jasr.202213221,Knockdown of DNMT1 and DNMT3a Promotes the Angiogenesis of Human Mesenchymal Stem Cells Leading to Arterial Specific Differentiation,"PHYTOMODULATORY EFFECTS OF MURRAYA KOENIGII IN DMBA/TPA INDUCED ANGIOGENESIS, HEPATOTOXICITY AND RENAL TOXICITY DURING SKIN CARCINOGENESIS IN MICE",Zhang; Wang; Zhang,Aniqa; Kaur; Negi; Sadwal; Bharati,2016,2022,49.44649446494465
different_work,random_title,10.55218/jasr.202213221,Effective field theory approach to modified gravity including Horndeski theory and Hořava–Lifshitz gravity,"PHYTOMODULATORY EFFECTS OF MURRAYA KOENIGII IN DMBA/TPA INDUCED ANGIOGENESIS, HEPATOTOXICITY AND RENAL TOXICITY DURING SKIN CARCINOGENESIS IN MICE",Kase; Tsujikawa,Aniqa; Kaur; Negi; Sadwal; Bharati,2014,2022,39.48497854077253
different_work,nearest_title,10.1155/2020/3805373,From paper to innovation: revolutionising technology with the ancient art of origami and kirigami,"Under Industry 4.0, the Current Status of Development and Trend Sports Industry Combining with Cloud Technology",Misseroni,Yu; Lin; Huang; Wu; Tseng,2024,2020,51.776649746192895
different_work,nearest_title,10.1155/2020/3805373,Assessment of Thermal Stresses in Asphalt Mixtures at Low Temperatures Using the Tensile Creep Test and the Bending Beam Creep Test,"Under Industry 4.0, the Current Status of Development and Trend Sports Industry Combining with Cloud Technology",Pszczola; Jaczewski; Szydlowski,Yu; Lin; Huang; Wu; Tseng,2019,2020,50.69124423963134
different_work,random_title,10.1155/2020/3805373,Duszpasterstwo lotnictwa cywilnego. Wskazania pastoralno-kanoniczne,"Under Industry 4.0, the Current Status of Development and Trend Sports Industry Combining with Cloud Technology",NECEL,Yu; Lin; Huang; Wu; Tseng,2017,2020,32.33532934131736
different_work,nearest_title,10.1088/1674-1056/ac16cd,Virtual testing for the prediction of damping in joints,Landau damping of electrons with bouncing motion in a radio-frequency plasma*,Caignot; Ladevèze; Néron,Tao; Xiang; Hu; Huang,2010,2021,51.908396946564885
different_work,nearest_title,10.1088/1674-1056/ac16cd,"Mites of the Family Laelapidae (Acari, Mesostigmata) Associated with Scarab Beetles in Ukraine",Landau damping of electrons with bouncing motion in a radio-frequency plasma*,Trach; Joharchi,Tao; Xiang; Hu; Huang,2018,2021,50.29940119760479
different_work,nearest_title,10.1088/1674-1056/ac16cd,Community Participatory Tools for Water Logging Vulnerability Assessment in Chittagong City Corporation Area,Landau damping of electrons with bouncing motion in a radio-frequency plasma*,Islam; Chowdhury; Chisty,Tao; Xiang; Hu; Huang,2015,2021,42.391304347826086
different_work,nearest_title,10.1111/jpc.15852,Education and Training based on Experiential Learning in Increasing Competency of Health Workers in Public Health Center of South Sulawesi,Trends in mental health presentations in a south Australian tertiary emergency department,"Mid-level Trainer (Widyaiswara Ahli Madya), Human Resources Development Agency (BPSDM) Papua Province, Indonesia; Hadiyanto; Sulolipu",Goldfinch; Kochar,2022,2021,52.132701421800945
different_work,nearest_title,10.1111/jpc.15852,Apgar score and perinatal death after one previous caesarean delivery,Trends in mental health presentations in a south Australian tertiary emergency department,Carlsson Wallin; Ekström; Maršál,Goldfinch; Kochar,2010,2021,51.61290322580645
different_work,nearest_title,10.1111/jpc.15852,Real urban images: policy and culture in northern Britain,Trends in mental health presentations in a south Australian tertiary emergency department,Wharton; Fenwick,Goldfinch; Kochar,2012,2021,43.66197183098591
different_work,nearest_title,10.1063/5.0016412,Real-Time Arm Gesture Recognition Using 3D Skeleton Joint Data,Programmable omni-resonance using space–time fields,Paraskevopoulos; Spyrou; Sgouropoulos,Shiri; Schepler; Abouraddy,2019,2020,51.32743362831859
different_work,nearest_title,10.1063/5.0016412,Developing Engineering Students’ Moral Reasoning Skills Using Problem-Based Learning,Programmable omni-resonance using space–time fields,Harrell; Philosophy Documentation Center,Shiri; Schepler; Abouraddy,2019,2020,47.76119402985075
different_work,random_title,10.1063/5.0016412,"Risk factors of post-traumatic stress disorder in tsunami survivors of Kanyakumari District, Tamil Nadu, India",Programmable omni-resonance using space–time fields,Pyari; Kutty; Sarma,Shiri; Schepler; Abouraddy,2012,2020,32.05128205128206
different_work,nearest_title,10.1371/journal.pone.0276428,Relation between coagulation/fibrinolysis and lactate in the course of human septic shock,Male survivorship and the evolution of eusociality in partially bivoltine sweat bees,Hartemink; Hack; Groeneveld,Gruber; Field,2010,2022,53.179190751445084
different_work,nearest_title,10.1371/journal.pone.0276428,Estimation of Changes in Mechanical and Color Properties from the Weight Loss Data of “Shine Muscat” Fruit during Storage,Male survivorship and the evolution of eusociality in partially bivoltine sweat bees,Watanabe; Nakamura; Ota,Gruber; Field,2018,2022,53.0
different_work,random_title,10.1371/journal.pone.0276428,Pengaruh Konsumsi Teh dengan Kejadian Anemia pada Ibu Hamil di Wilayah Kerja Puskesmas Salembaran Jaya Kabupaten Tangerang Tahun 2018,Male survivorship and the evolution of eusociality in partially bivoltine sweat bees,Choirunissa; Al Zahra,Gruber; Field,2019,2022,35.02304147465438
different_work,nearest_title,10.7546/nntdm.2021.27.2.148-158,On the aeroacoustic tonal noise generation mechanism of a sharp-edged plate,The generalized k-Fibonacci polynomials and generalized k-Lucas polynomials,Moreau; Brooks; Doolan,"Graduate School of Natural and Applied Sciences, Erzincan Binali Yildirim University; Taştan; Özkan; Department of Mathematics, Erzincan Binali Yildirim University; Shannon; Warrane College, the University of New South Wales",2011,2021,46.774193548387096
different_work,nearest_title,10.7546/nntdm.2021.27.2.148-158,The Projectability Challenge to Moral Naturalism,The generalized k-Fibonacci polynomials and generalized k-Lucas polynomials,Bengson; Cuneo; Reisner,"Graduate School of Natural and Applied Sciences, Erzincan Binali Yildirim University; Taştan; Özkan; Department of Mathematics, Erzincan Binali Yildirim University; Shannon; Warrane College, the University of New South Wales",2020,2021,45.36082474226804
different_work,random_title,10.7546/nntdm.2021.27.2.148-158,2012: La segona recessió,The generalized k-Fibonacci polynomials and generalized k-Lucas polynomials,Recio Andreu,"Graduate School of Natural and Applied Sciences, Erzincan Binali Yildirim University; Taştan; Özkan; Department of Mathematics, Erzincan Binali Yildirim University; Shannon; Warrane College, the University of New South Wales",2013,2021,30.555555555555557
different_work,nearest_title,10.1136/bmjopen-2022-069153,Knowledge outcomes in a randomized trial of telephone vs. in-person disclosure of genetic testing: The COGENT study.,Protocol of HOTFy: randomised clinical trial to hyperbaric oxygen therapy in fibromyalgia,Beri; Patrick-Miller; Egleston,Mota Neto; Mendes; Martins; Landa; Fraga; Souza; Raposo,2017,2023,49.23076923076923
different_work,nearest_title,10.1136/bmjopen-2022-069153,A Teoria da Complexidade de Edgar Morin e o Ensino de Ciência e Tecnologia,Protocol of HOTFy: randomised clinical trial to hyperbaric oxygen therapy in fibromyalgia,Salles; Matos,Mota Neto; Mendes; Martins; Landa; Fraga; Souza; Raposo,2017,2023,48.40764331210191
different_work,nearest_title,10.1136/bmjopen-2022-069153,Evaluation of Color Changes of Different Resin Cements in Feldspathic Ceramic Crowns After Accelerated Aging: An In Vitro Research,Protocol of HOTFy: randomised clinical trial to hyperbaric oxygen therapy in fibromyalgia,Eskitaşçıoğlu; Akdeniz; Değirmenci,Mota Neto; Mendes; Martins; Landa; Fraga; Souza; Raposo,2021,2023,43.60189573459716
different_work,nearest_title,10.59164/univers.v24i24.2886,A Teoria da Complexidade de Edgar Morin e o Ensino de Ciência e Tecnologia,"Sadulla Zendeli-Daja, një jetë për kulturën, leksikografinë dhe çështjen kombëtare",Salles; Matos,Kona,2017,2023,44.29530201342282
different_work,nearest_title,10.59164/univers.v24i24.2886,Tight stellar binaries favour active longitudes at sub- and antistellar points,"Sadulla Zendeli-Daja, një jetë për kulturën, leksikografinë dhe çështjen kombëtare",Sethi; Martin,Kona,2024,2023,42.038216560509554
different_work,random_title,10.59164/univers.v24i24.2886,O trabalho com os gêneros na perspectiva do Grupo de Genebra: entrevista com Eliane Lousada,"Sadulla Zendeli-Daja, një jetë për kulturën, leksikografinë dhe çështjen kombëtare",Moretto; Wittke,Kona,2018,2023,39.75903614457831
different_work,nearest_title,10.1093/mnras/stae717,An Automatic Testing System Design for Accelerometer Based on LabVIEW,Tight stellar binaries favour active longitudes at sub- and antistellar points,Zhang; Zhang; Gao,Sethi; Martin,2013,2024,50.68493150684932
different_work,nearest_title,10.1093/mnras/stae717,Unlocking the Potential: Semaglutide’s Impact on Alzheimer’s and Parkinson’s Disease in Animal Models,Tight stellar binaries favour active longitudes at sub- and antistellar points,Meca; Boboc; Mititelu-Tartau,Sethi; Martin,2024,2024,48.554913294797686
different_work,nearest_title,10.1093/mnras/stae717,Mecanismos y dinámicas del trabajo en las plataformas digitales: los casos de Airbnb y de las plataformas de reparto,Tight stellar binaries favour active longitudes at sub- and antistellar points,Fernández-Trujillo Moares; Gil García,Sethi; Martin,2021,2024,41.666666666666664
different_work,nearest_title,10.23887/jap.v14i02.64344,PENGARUH LATIHAN TARGET TERHADAP AKURASI SHOOTING FUTSAL PADA MAHASISWI PENDIDIKAN JASMANI UNTAN,"Pengaruh Pemahaman Akuntansi, Sosialisasi dan Tingkat Pendidikan Pelaku Usaha Terhadap Penerapan SAK EMKM Pada UMKM di Kabupaten Buleleng",Meldayani; Triansyah; Bafadal,Oktavia; Masdiantini,2023,2023,61.206896551724135
different_work,nearest_title,10.23887/jap.v14i02.64344,Pengaruh Konsumsi Teh dengan Kejadian Anemia pada Ibu Hamil di Wilayah Kerja Puskesmas Salembaran Jaya Kabupaten Tangerang Tahun 2018,"Pengaruh Pemahaman Akuntansi, Sosialisasi dan Tingkat Pendidikan Pelaku Usaha Terhadap Penerapan SAK EMKM Pada UMKM di Kabupaten Buleleng",Choirunissa; Al Zahra,Oktavia; Masdiantini,2019,2023,55.762081784386616
different_work,random_title,10.23887/jap.v14i02.64344,Mechanical properties of unidirectional continuous fiber tapes reinforced long fiber thermoplastics and their manufacturing,"Pengaruh Pemahaman Akuntansi, Sosialisasi dan Tingkat Pendidikan Pelaku Usaha Terhadap Penerapan SAK EMKM Pada UMKM di Kabupaten Buleleng",Fang; Shen; Dai,Oktavia; Masdiantini,2015,2023,37.944664031620555
different_work,nearest_title,10.47391/jpma.420,Clinical Testing for Tumor Cell-Free DNA: College of American Pathologists Proficiency Programs Reveal Practice Trends,"Clinical profile and screening of exon 6 and 14 of ABCB4 gene in obstetric cholestasis patients at a tertiary care hospital in Rawalpindi, Pakistan",Devereaux; Souers; Merker,Nuzhat Noor; Sabika Firasat; Naheed Bano; Kiran Afshan; Bushra Gul; Haiba Kaul,2022,2021,52.17391304347826
different_work,nearest_title,10.47391/jpma.420,Comparison of region-of-interest-averaged and pixel-averaged analysis of DCE-MRI data based on simulations and pre-clinical experiments,"Clinical profile and screening of exon 6 and 14 of ABCB4 gene in obstetric cholestasis patients at a tertiary care hospital in Rawalpindi, Pakistan",He; Zamora; Oto,Nuzhat Noor; Sabika Firasat; Naheed Bano; Kiran Afshan; Bushra Gul; Haiba Kaul,2017,2021,50.79365079365079
different_work,nearest_title,10.47391/jpma.420,Examining social capital and participation in networking sites,"Clinical profile and screening of exon 6 and 14 of ABCB4 gene in obstetric cholestasis patients at a tertiary care hospital in Rawalpindi, Pakistan",Varshney; Rajwanshi,Nuzhat Noor; Sabika Firasat; Naheed Bano; Kiran Afshan; Bushra Gul; Haiba Kaul,2019,2021,43.43434343434343
different_work,nearest_title,10.11646/zootaxa.4845.1.1,"A new species of Acroneuria (Plecoptera: Perlidae) from Henan Province, China, with redescription of A. hainana Wu, 1938","Species of Cerambycinae (Insecta, Coleoptera, Cerambycidae) from east Paraná State (Brazil), with new geographic records",LIU; MO; LI,BARROS; FONSECA; JARDIM; VENDRAMINI; DAMIANI; JULIO,2019,2020,56.10859728506787
different_work,nearest_title,10.11646/zootaxa.4845.1.1,First records of Dirofilaria repens in wild canids from the region of Central Balkan,"Species of Cerambycinae (Insecta, Coleoptera, Cerambycidae) from east Paraná State (Brazil), with new geographic records",Ćirović; Penezić; Pavlović,BARROS; FONSECA; JARDIM; VENDRAMINI; DAMIANI; JULIO,2014,2020,55.670103092783506
different_work,random_title,10.11646/zootaxa.4845.1.1,Antiangiogenic effect of ALS‐L1023 on experimental choroidal neovascularization in mice,"Species of Cerambycinae (Insecta, Coleoptera, Cerambycidae) from east Paraná State (Brazil), with new geographic records",KANG; RHO,BARROS; FONSECA; JARDIM; VENDRAMINI; DAMIANI; JULIO,2014,2020,39.0
different_work,nearest_title,10.18316/recc.v29i3.11486,O trabalho dos agentes comunitários de saúde em evidência: uma análise com foco na atividade,Impacto da Ferramenta “Fazendo as Contas” na Capacitação do Projeto São José III - 2ª Fase,Binda; Bianco; Sousa,Costa Sousa; De Souza Junior; Augusto Xavier Lima,2013,2024,50.847457627118644
different_work,nearest_title,10.18316/recc.v29i3.11486,"Da aquisição da imagem corporal: o papel docente junto a prática física, educativa, pedagógica e corporal em adolescentes",Impacto da Ferramenta “Fazendo as Contas” na Capacitação do Projeto São José III - 2ª Fase,Rodrigues; Capelletti,Costa Sousa; De Souza Junior; Augusto Xavier Lima,2014,2024,48.958333333333336
different_work,random_title,10.18316/recc.v29i3.11486,Programmable omni-resonance using space–time fields,Impacto da Ferramenta “Fazendo as Contas” na Capacitação do Projeto São José III - 2ª Fase,Shiri; Schepler; Abouraddy,Costa Sousa; De Souza Junior; Augusto Xavier Lima,2020,2024,33.57664233576642
different_work,nearest_title,10.14309/ajg.0000000000001026,Risk factors for cardiovascular diseases in professional drivers,“ASKing” the Right Questions About Screening for Celiac Disease,Atanasovska,Forbes,2023,2020,52.8
different_work,nearest_title,10.14309/ajg.0000000000001026,Molecular screening programs in different countries: what we learned and perspectives,“ASKing” the Right Questions About Screening for Celiac Disease,Borcoman; Le Tourneau; Kamal,Forbes,2019,2020,51.03448275862069
different_work,nearest_title,10.14309/ajg.0000000000001026,The generalized k-Fibonacci polynomials and generalized k-Lucas polynomials,“ASKing” the Right Questions About Screening for Celiac Disease,"Graduate School of Natural and Applied Sciences, Erzincan Binali Yildirim University; Taştan; Özkan",Forbes,2021,2020,40.0
different_work,nearest_title,10.14333/kjte.2023.39.6.05,Research on Evaluation of the City Environmental Pollution Based on Support Vector Machine,Research on Establishing the Concept of Jangdan in T extbooks: Focusing on Jeongganbo and Rhythmic Notation,Zhang; Yang,Center For Educational Research; Lee,2014,2023,51.578947368421055
different_work,nearest_title,10.14333/kjte.2023.39.6.05,Extraction out of adjectival secondary predicates in English and Spanish: A nanosyntactic account,Research on Establishing the Concept of Jangdan in T extbooks: Focusing on Jeongganbo and Rhythmic Notation,Fábregas; Jiménez-Fernández,Center For Educational Research; Lee,2016,2023,51.256281407035175
different_work,random_title,10.14333/kjte.2023.39.6.05,"A Suggested New Bacteriophage Genus, “Kp34likevirus”,  within the Autographivirinae Subfamily of Podoviridae",Research on Establishing the Concept of Jangdan in T extbooks: Focusing on Jeongganbo and Rhythmic Notation,Eriksson; Maciejewska; Latka,Center For Educational Research; Lee,2015,2023,38.83495145631068
different_work,nearest_title,10.1190/int-2020-0107.1,Approaches to high-density storage experiments with in-situ production and detection of ultracold neutrons,"High-resolution seismic processing technique with broadband, wide-azimuth, and high-density seismic data — A case study of thin-sand reservoirs in eastern China",Degenkolb; Fierlinger; Zimmer,Su; Zeng; Tian; Li; Lyu; Zhang,2023,2021,56.22489959839358
different_work,nearest_title,10.1190/int-2020-0107.1,Skipping Breakfast and a Meal at School: Its Correlates in Adiposity Context. Report from the ABC of Healthy Eating Study of Polish Teenagers,"High-resolution seismic processing technique with broadband, wide-azimuth, and high-density seismic data — A case study of thin-sand reservoirs in eastern China",Wadolowska; Hamulka; Kowalkowska,Su; Zeng; Tian; Li; Lyu; Zhang,2019,2021,50.89605734767025
different_work,random_title,10.1190/int-2020-0107.1,Programmable omni-resonance using space–time fields,"High-resolution seismic processing technique with broadband, wide-azimuth, and high-density seismic data — A case study of thin-sand reservoirs in eastern China",Shiri; Schepler; Abouraddy,Su; Zeng; Tian; Li; Lyu; Zhang,2020,2021,34.02061855670104
different_work,nearest_title,10.1163/15718085-bja10142,Implications of Microbial Thiosulfate Utilization in Red Clay Sediments of the Central Indian Basin: The Martian Analogy,Ocean-based Climate Action and Human Rights Implications under the International Climate Change Regime,Singh; Kshirsagar; Das,Morgera; Lennan; Kulovesi; La Bianca; Niner; Harrould-Kolieb; Recio Piva; Hills; Ntona; Lancaster; Strand; Snow; Erwin; Shannon; Rees; Hyder; Engelhard; Howell,2019,2023,55.33980582524272
different_work,nearest_title,10.1163/15718085-bja10142,Nitrate uptake along the maize primary root: an integrated physiological and molecular approach,Ocean-based Climate Action and Human Rights Implications under the International Climate Change Regime,SORGONÀ; LUPINI; MERCATI,Morgera; Lennan; Kulovesi; La Bianca; Niner; Harrould-Kolieb; Recio Piva; Hills; Ntona; Lancaster; Strand; Snow; Erwin; Shannon; Rees; Hyder; Engelhard; Howell,2011,2023,54.255319148936174
different_work,nearest_title,10.1163/15718085-bja10142,Knockdown of DNMT1 and DNMT3a Promotes the Angiogenesis of Human Mesenchymal Stem Cells Leading to Arterial Specific Differentiation,Ocean-based Climate Action and Human Rights Implications under the International Climate Change Regime,Zhang; Wang; Zhang,Morgera; Lennan; Kulovesi; La Bianca; Niner; Harrould-Kolieb; Recio Piva; Hills; Ntona; Lancaster; Strand; Snow; Erwin; Shannon; Rees; Hyder; Engelhard; Howell,2016,2023,48.4304932735426
different_work,nearest_title,10.51532/meyve.1189023,Feasibility and user experience of virtual reality fashion stores,Isparta İli Soğuk Hava Depo Varlığı ve Özellikleri,Park; Im; Kim,Güneyli; Karamürsel; Öztürk,2018,2023,40.0
different_work,random_title,10.51532/meyve.1189023,"Un réseau de transport pour désenclaver le quartier, à Aubenas",Isparta İli Soğuk Hava Depo Varlığı ve Özellikleri,Deleuze,Güneyli; Karamürsel; Öztürk,2013,2023,39.63963963963964
different_work,random_title,10.51532/meyve.1189023,"Synthesis and characterization of indenofluorene‐based copolymers containing 2,5‐bis(2‐thienyl)‐<i>N</i>‐arylpyrrole for bulk heterojunction solar cells and polymer light‐emitting diodes",Isparta İli Soğuk Hava Depo Varlığı ve Özellikleri,Tamilavan; Sakthivel; Li,Güneyli; Karamürsel; Öztürk,2010,2023,26.785714285714292
different_work,nearest_title,10.21209/2227-9245-2021-27-9-99-106,Virtual testing for the prediction of damping in joints,Actual directions of increasing the energy security of heat supply in  the Russian Federation,Caignot; Ladevèze; Néron,Baikal State University; Bergen,2010,2021,52.857142857142854
different_work,nearest_title,10.21209/2227-9245-2021-27-9-99-106,The Influence of Plastic Deformation on the Corrosion Behavior of a Cast High‐Alloy CrMnNi TRIP Steel,Actual directions of increasing the energy security of heat supply in  the Russian Federation,Mandel; Böhme; Hauser,Baikal State University; Bergen,2016,2021,52.513966480446925
different_work,random_title,10.21209/2227-9245-2021-27-9-99-106,The Female Standard:,Actual directions of increasing the energy security of heat supply in  the Russian Federation,Laura Tringali Sobieski,Baikal State University; Bergen,2020,2021,27.272727272727266
different_work,nearest_title,10.1615/atomizspr.2024052328,"Floristic survey of ornamental plants used in Dom Delgado University City at the Universidade Federal do Maranhão, São Luís, Maranhão State, Brazil",DEVELOPMENT OF A UNIVERSAL CONSTANT SET IN THE KELVIN-HELMHOLTZ RAYLEIGH-TAYLOR (KH-RT) BREAKUP MODEL FOR SPRAY SIMULATIONS OF VARIOUS FUELS,Costa; Pires; Anjos,Zhang; Bian; Zhang; Liu; Jia,2018,2024,53.333333333333336
different_work,nearest_title,10.1615/atomizspr.2024052328,Development of a Novel Solvent-Based Formulation for Pesticides That Are Prone to Crystallization,DEVELOPMENT OF A UNIVERSAL CONSTANT SET IN THE KELVIN-HELMHOLTZ RAYLEIGH-TAYLOR (KH-RT) BREAKUP MODEL FOR SPRAY SIMULATIONS OF VARIOUS FUELS,Leming; Moreno; Paganini,Zhang; Bian; Zhang; Liu; Jia,2010,2024,51.724137931034484
different_work,nearest_title,10.1615/atomizspr.2024052328,Théorie et pratique du pouvoir royal : l’exemple du procès entre l’évêque de Mende et le roi de France (1269-1307),DEVELOPMENT OF A UNIVERSAL CONSTANT SET IN THE KELVIN-HELMHOLTZ RAYLEIGH-TAYLOR (KH-RT) BREAKUP MODEL FOR SPRAY SIMULATIONS OF VARIOUS FUELS,Meissonnier,Zhang; Bian; Zhang; Liu; Jia,2015,2024,41.02564102564103
different_work,nearest_title,10.1002/mma.8319,Education and Training based on Experiential Learning in Increasing Competency of Health Workers in Public Health Center of South Sulawesi,Quasilinear Choquard equations involving <i>N</i>‐Laplacian and critical exponential nonlinearity,"Mid-level Trainer (Widyaiswara Ahli Madya), Human Resources Development Agency (BPSDM) Papua Province, Indonesia; Hadiyanto; Sulolipu",Biswas; Goyal; Sreenadh,2022,2022,53.45622119815668
different_work,nearest_title,10.1002/mma.8319,Evaluation of Neuroprotective Effects of Local Hypothermia in a Porcine Spinal Cord Injury Model,Quasilinear Choquard equations involving <i>N</i>‐Laplacian and critical exponential nonlinearity,Šulla; Papcúnová; Závodská,Biswas; Goyal; Sreenadh,2024,2022,49.729729729729726
different_work,nearest_title,10.1002/mma.8319,Obesity and overweight issues could undermine Malaysia’s competitiveness,Quasilinear Choquard equations involving <i>N</i>‐Laplacian and critical exponential nonlinearity,Hassan; Sade; Rahman,Biswas; Goyal; Sreenadh,2018,2022,42.68292682926829
different_work,nearest_title,10.1002/clc.23802,Trends in mental health presentations in a south Australian tertiary emergency department,Repetitive milrinone therapy in ambulatory advanced heart failure patients,Goldfinch; Kochar,Laufer‐Perl; Sadon; Zahler; Milwidsky; Sadeh; Sapir; Granot; Korotetski; Ketchker; Rosh; Banai; Havakuk,2021,2022,50.0
different_work,nearest_title,10.1002/clc.23802,Review article: the modern management of autoimmune hepatitis,Repetitive milrinone therapy in ambulatory advanced heart failure patients,YEOMAN; LONGHI; HENEGHAN,Laufer‐Perl; Sadon; Zahler; Milwidsky; Sadeh; Sapir; Granot; Korotetski; Ketchker; Rosh; Banai; Havakuk,2010,2022,49.25373134328358
different_work,nearest_title,10.1002/clc.23802,Rates of projected climate change dramatically exceed past rates of climatic niche evolution among vertebrate species,Repetitive milrinone therapy in ambulatory advanced heart failure patients,Quintero; Wiens,Laufer‐Perl; Sadon; Zahler; Milwidsky; Sadeh; Sapir; Granot; Korotetski; Ketchker; Rosh; Banai; Havakuk,2013,2022,42.857142857142854
different_work,nearest_title,10.17151/luaz.2021.53.3,Quasilinear Choquard equations involving <i>N</i>‐Laplacian and critical exponential nonlinearity,"Ciclo de vida de la explotación de carbón mineral en Paipa, Boyacá",Biswas; Goyal; Sreenadh,Manrique Abril; Arias Quintero; Medina González,2022,2021,47.682119205298015
different_work,nearest_title,10.17151/luaz.2021.53.3,Se intenta transitar desde una reflexión sobre la técnica hacia una concepción,"Ciclo de vida de la explotación de carbón mineral en Paipa, Boyacá",Díaz Carvajal,Manrique Abril; Arias Quintero; Medina González,2013,2021,46.61654135338346
different_work,random_title,10.17151/luaz.2021.53.3,Correlation of drug‐induced apoptosis assay results with oncologist treatment decisions and patient response and survival,"Ciclo de vida de la explotación de carbón mineral en Paipa, Boyacá",Bosserman; Rajurkar; Rogers,Manrique Abril; Arias Quintero; Medina González,2012,2021,38.63636363636363
different_work,nearest_title,10.5812/jjhs.105146,From paper to innovation: revolutionising technology with the ancient art of origami and kirigami,"Antibiotic Susceptibility Patterns of Uropathogens Isolated from Female Patients with Urinary Tract Infection in Duhok Province, Iraq",Misseroni,Naqid; Hussein; Balatay; Saeed; Ahmed,2024,2020,51.75438596491228
different_work,nearest_title,10.5812/jjhs.105146,Correlation of drug‐induced apoptosis assay results with oncologist treatment decisions and patient response and survival,"Antibiotic Susceptibility Patterns of Uropathogens Isolated from Female Patients with Urinary Tract Infection in Duhok Province, Iraq",Bosserman; Rajurkar; Rogers,Naqid; Hussein; Balatay; Saeed; Ahmed,2012,2020,50.602409638554214
different_work,nearest_title,10.5812/jjhs.105146,"On Heaviside's contributions to transmission line theory: waves, diffusion and energy flux","Antibiotic Susceptibility Patterns of Uropathogens Isolated from Female Patients with Urinary Tract Infection in Duhok Province, Iraq",Donaghy-Spargo,Naqid; Hussein; Balatay; Saeed; Ahmed,2018,2020,40.90909090909091
different_work,nearest_title,10.36040/jati.v7i1.6444,PEMBUATAN MODEL CRM PADA PENGEMBANGAN E-GOVERNMENT DINAS KELAUTAN DAN PERIKANAN DIY MENGGUNAKAN COBIT 4.1 PADA DOMAIN DELIVERY AND SUPPORT (DS),PENERAPAN APLIKASI PENCATATAN KAS BERBASIS CODEIGNITER MENGGUNAKAN PENDEKATAN CASH BASIS DI ARA CELL,Ghozali; Handayaningsih; Setiadi,Bustomi; Rahaningsih,2016,2023,51.69491525423729
different_work,nearest_title,10.36040/jati.v7i1.6444,CONTINUITY OF CARE PADA NEONATUS DAN BAYI DI ERA PANDEMI  COVID-19 DI SUMATERA BARAT,PENERAPAN APLIKASI PENCATATAN KAS BERBASIS CODEIGNITER MENGGUNAKAN PENDEKATAN CASH BASIS DI ARA CELL,Bustami; Yulizawati; Halida,Bustomi; Rahaningsih,2021,2023,48.888888888888886
different_work,random_title,10.36040/jati.v7i1.6444,Emergence of tunable resistive pulse sensing as a biosensor,PENERAPAN APLIKASI PENCATATAN KAS BERBASIS CODEIGNITER MENGGUNAKAN PENDEKATAN CASH BASIS DI ARA CELL,Blundell; Mayne; Billinge,Bustomi; Rahaningsih,2015,2023,36.477987421383645
different_work,nearest_title,10.26677/tr1010.2022.989,"Floristic survey of ornamental plants used in Dom Delgado University City at the Universidade Federal do Maranhão, São Luís, Maranhão State, Brazil",Türkiye  de Üniversite Öğrencilerinin Gelecek Kaygılarıyla İlintili Olarak 1996- 2020 Yılları Arasında Yapılan Araştırmaların İncelenmesi ve Değerlendirilmesi,Costa; Pires; Anjos,AKGÜN GÜDÜCÜ; ÖZERK,2018,2022,42.61168384879725
different_work,nearest_title,10.26677/tr1010.2022.989,Abstract 1091: Paclitaxel-loaded microparticles in combination with gemcitabine-loaded microparticles decreases gemcitabine resistance and promotes cell death in pancreatic cancer cell lines,Türkiye  de Üniversite Öğrencilerinin Gelecek Kaygılarıyla İlintili Olarak 1996- 2020 Yılları Arasında Yapılan Araştırmaların İncelenmesi ve Değerlendirilmesi,Munoz-Sagastibelza; Moshchinsky; Okome,AKGÜN GÜDÜCÜ; ÖZERK,2017,2022,42.244224422442244
different_work,random_title,10.26677/tr1010.2022.989,Сравнительный анализ методов оценки характеристик молекулярно-массового распределения полиметиленнафталинсульфонатов,Türkiye  de Üniversite Öğrencilerinin Gelecek Kaygılarıyla İlintili Olarak 1996- 2020 Yılları Arasında Yapılan Araştırmaların İncelenmesi ve Değerlendirilmesi,Замуруев; Вовк,AKGÜN GÜDÜCÜ; ÖZERK,2018,2022,5.882352941176464
different_work,nearest_title,10.22214/ijraset.2021.35932,Genital endometriosis and melatonin: a role in the pathogenesis and its possible use in the treatment of the disease,A Possible Role of Pulegone against Glypican-1 for the Treatment of Alzheimer’s Disease through In-Silico Approach,Yarmolinskaya; Tkhazaplizheva; Molotkov,Kaushik,2019,2021,63.507109004739334
different_work,nearest_title,10.22214/ijraset.2021.35932,"Mucopolysaccharidosis-Plus Syndrome, a Rapidly Progressive Disease: Favorable Impact of a Very Prolonged Steroid Treatment on the Clinical Course in a Child",A Possible Role of Pulegone against Glypican-1 for the Treatment of Alzheimer’s Disease through In-Silico Approach,Faraguna; Musto; Crescitelli,Kaushik,2022,2021,55.93869731800766
different_work,nearest_title,10.22214/ijraset.2021.35932,Antiangiogenic effect of ALS‐L1023 on experimental choroidal neovascularization in mice,A Possible Role of Pulegone against Glypican-1 for the Treatment of Alzheimer’s Disease through In-Silico Approach,KANG; RHO,Kaushik,2014,2021,40.4040404040404
different_work,nearest_title,10.3233/jnr-220044,"High-resolution seismic processing technique with broadband, wide-azimuth, and high-density seismic data — A case study of thin-sand reservoirs in eastern China",Approaches to high-density storage experiments with in-situ production and detection of ultracold neutrons,Su; Zeng; Tian,Degenkolb; Fierlinger; Zimmer,2021,2023,56.22489959839358
different_work,nearest_title,10.3233/jnr-220044,Estimation of Changes in Mechanical and Color Properties from the Weight Loss Data of “Shine Muscat” Fruit during Storage,Approaches to high-density storage experiments with in-situ production and detection of ultracold neutrons,Watanabe; Nakamura; Ota,Degenkolb; Fierlinger; Zimmer,2018,2023,53.153153153153156
different_work,random_title,10.3233/jnr-220044,2012: La segona recessió,Approaches to high-density storage experiments with in-situ production and detection of ultracold neutrons,Recio Andreu,Degenkolb; Fierlinger; Zimmer,2013,2023,23.25581395348837
different_work,nearest_title,10.25077/logista.5.1.161-165.2021,"ANALISIS DAMPAK PANDEMI COVID-19 TERHADAP KINERJA LAPORAN KEUANGAN PERUSAHAAN SEKTOR KESEHATAN, INDUSTI,  DAN BARANG KONSUMEN PRIMER",CONTINUITY OF CARE PADA NEONATUS DAN BAYI DI ERA PANDEMI  COVID-19 DI SUMATERA BARAT,Putra; Alfinuha,Bustami; Yulizawati; Halida; Fitrayeni; Oktova; Rahmi; Lisa; Insani; Iffah; Andriani; Safaringga,2024,2021,52.63157894736842
different_work,nearest_title,10.25077/logista.5.1.161-165.2021,"Anal Sac of a Cladid Crinoid from Permo-Carboniferous Talchir Formation, Talchir Basin, Odisha",CONTINUITY OF CARE PADA NEONATUS DAN BAYI DI ERA PANDEMI  COVID-19 DI SUMATERA BARAT,Chakraborty; Bhattacharya*,Bustami; Yulizawati; Halida; Fitrayeni; Oktova; Rahmi; Lisa; Insani; Iffah; Andriani; Safaringga,2015,2021,51.21951219512195
different_work,nearest_title,10.25077/logista.5.1.161-165.2021,The Barotropic Quasi-Geostrophic Equation under a Free Surface,CONTINUITY OF CARE PADA NEONATUS DAN BAYI DI ERA PANDEMI  COVID-19 DI SUMATERA BARAT,Chen,Bustami; Yulizawati; Halida; Fitrayeni; Oktova; Rahmi; Lisa; Insani; Iffah; Andriani; Safaringga,2019,2021,42.25352112676056
different_work,nearest_title,10.30545/academo.2023.jul-dic.10,"Renovação dos programas de ensino de aritmética da escola primária em São Paulo e no Paraná, nos anos de 1930: um estudo histórico comparativo",Estudio de programas orientados a impulsar la innovación empresarial en Paraguay y Uruguay. Un análisis desde la perspectiva de la Teoría de Schumpeter,Pinto,Olmedo-Barchello; García,2014,2023,51.470588235294116
different_work,nearest_title,10.30545/academo.2023.jul-dic.10,Mecanismos y dinámicas del trabajo en las plataformas digitales: los casos de Airbnb y de las plataformas de reparto,Estudio de programas orientados a impulsar la innovación empresarial en Paraguay y Uruguay. Un análisis desde la perspectiva de la Teoría de Schumpeter,Fernández-Trujillo Moares; Gil García,Olmedo-Barchello; García,2021,2023,48.03493449781659
different_work,nearest_title,10.30545/academo.2023.jul-dic.10,Genital endometriosis and melatonin: a role in the pathogenesis and its possible use in the treatment of the disease,Estudio de programas orientados a impulsar la innovación empresarial en Paraguay y Uruguay. Un análisis desde la perspectiva de la Teoría de Schumpeter,Yarmolinskaya; Tkhazaplizheva; Molotkov,Olmedo-Barchello; García,2019,2023,45.378151260504204
different_work,nearest_title,10.4314/bcse.v37i6.3,Black-Box Constructions of Protocols for Secure Computation,Fluoride content of common legume beans consumed in Ethiopia,Haitner; Ishai; Kushilevitz,Lemma; Singh Chandravanshi; Chebude,2011,2023,50.42016806722689
different_work,nearest_title,10.4314/bcse.v37i6.3,Virtual testing for the prediction of damping in joints,Fluoride content of common legume beans consumed in Ethiopia,Caignot; Ladevèze; Néron,Lemma; Singh Chandravanshi; Chebude,2010,2023,48.69565217391305
different_work,nearest_title,10.4314/bcse.v37i6.3,Overview of the Mechanistic Work on the Concerted Metallation–Deprotonation Pathway,Fluoride content of common legume beans consumed in Ethiopia,Lapointe; Fagnou,Lemma; Singh Chandravanshi; Chebude,2010,2023,41.726618705035975
different_work,nearest_title,10.3889/aph.2023.6091,“ASKing” the Right Questions About Screening for Celiac Disease,Risk factors for cardiovascular diseases in professional drivers,Forbes,Atanasovska,2020,2023,52.8
different_work,nearest_title,10.3889/aph.2023.6091,"Risk factors of post-traumatic stress disorder in tsunami survivors of Kanyakumari District, Tamil Nadu, India",Risk factors for cardiovascular diseases in professional drivers,Pyari; Kutty; Sarma,Atanasovska,2012,2023,49.70414201183432
different_work,nearest_title,10.3889/aph.2023.6091,Impacto da Ferramenta “Fazendo as Contas” na Capacitação do Projeto São José III - 2ª Fase,Risk factors for cardiovascular diseases in professional drivers,Costa Sousa; De Souza Junior; Augusto Xavier Lima,Atanasovska,2024,2023,44.0
different_work,nearest_title,10.5944/empiria.52.2021.31369,La patologización de la conducta: discursos asistenciales acerca del trastorno disocial,Mecanismos y dinámicas del trabajo en las plataformas digitales: los casos de Airbnb y de las plataformas de reparto,Garrido Hernández,Fernández-Trujillo Moares; Gil García,2018,2021,49.42528735632184
different_work,nearest_title,10.5944/empiria.52.2021.31369,O trabalho com os gêneros na perspectiva do Grupo de Genebra: entrevista com Eliane Lousada,Mecanismos y dinámicas del trabajo en las plataformas digitales: los casos de Airbnb y de las plataformas de reparto,Moretto; Wittke,Fernández-Trujillo Moares; Gil García,2018,2021,48.58757062146893
different_work,nearest_title,10.5944/empiria.52.2021.31369,Research on Evaluation of the City Environmental Pollution Based on Support Vector Machine,Mecanismos y dinámicas del trabajo en las plataformas digitales: los casos de Airbnb y de las plataformas de reparto,Zhang; Yang,Fernández-Trujillo Moares; Gil García,2014,2021,41.57303370786517
different_work,nearest_title,10.1017/s0305000920000641,Comparison of region-of-interest-averaged and pixel-averaged analysis of DCE-MRI data based on simulations and pre-clinical experiments,Structural and interactional aspects of adverbial sentences in English mother-child interactions: an analysis of two dense corpora,He; Zamora; Oto,DE RUITER; LEMEN; LIEVEN; BRANDT; THEAKSTON,2017,2021,54.54545454545455
different_work,nearest_title,10.1017/s0305000920000641,Extraction out of adjectival secondary predicates in English and Spanish: A nanosyntactic account,Structural and interactional aspects of adverbial sentences in English mother-child interactions: an analysis of two dense corpora,Fábregas; Jiménez-Fernández,DE RUITER; LEMEN; LIEVEN; BRANDT; THEAKSTON,2016,2021,53.153153153153156
different_work,random_title,10.1017/s0305000920000641,Fusion of complex odontome with permanent mandibular molar,Structural and interactional aspects of adverbial sentences in English mother-child interactions: an analysis of two dense corpora,Talari; Ananda; Prince,DE RUITER; LEMEN; LIEVEN; BRANDT; THEAKSTON,2012,2021,34.78260869565217
different_work,nearest_title,10.1117/1.jbo.29.7.076003,On Coarse Grids Simulation of Compressible Mixing Layer Flows Using Vorticity Confinement,Non-contact elasticity contrast imaging using photon counting,Hejranfar; Ebrahimi; Sadri,Zheng; Meng Sua; Zhu; Rehain; Huang,2017,2024,49.333333333333336
different_work,nearest_title,10.1117/1.jbo.29.7.076003,Duration of Membership at Sports Centers and Reasons for Quitting,Non-contact elasticity contrast imaging using photon counting,Nuviala; Grao-Cruces; Teva-Villén,Zheng; Meng Sua; Zhu; Rehain; Huang,2013,2024,49.20634920634921
different_work,random_title,10.1117/1.jbo.29.7.076003,"Reorganization of Multinational Companies in the Western European Chemical Industry: Transformations in Industrial Management and Labor, 1960s to 1990s",Non-contact elasticity contrast imaging using photon counting,MARX,Zheng; Meng Sua; Zhu; Rehain; Huang,2019,2024,36.71497584541063
different_work,nearest_title,10.1024/1016-264x/a000357,Erste Schritte zu Smartphone-basierten Sportinterventionen im                Alltag?,Exekutive Probleme bei geriatrischen Patienten und                     Patientinnen,Reichert; Kapteinat; Lauvai,Ibert; Lubitz; Niedeggen; Lämmler,2018,2022,48.85496183206107
different_work,nearest_title,10.1024/1016-264x/a000357,Ocean-based Climate Action and Human Rights Implications under the International Climate Change Regime,Exekutive Probleme bei geriatrischen Patienten und                     Patientinnen,Morgera; Lennan; Kulovesi,Ibert; Lubitz; Niedeggen; Lämmler,2023,2022,44.5859872611465
different_work,random_title,10.1024/1016-264x/a000357,Comparison of region-of-interest-averaged and pixel-averaged analysis of DCE-MRI data based on simulations and pre-clinical experiments,Exekutive Probleme bei geriatrischen Patienten und                     Patientinnen,He; Zamora; Oto,Ibert; Lubitz; Niedeggen; Lämmler,2017,2022,39.10614525139665
different_work,nearest_title,10.1177/23202068211044390,Profiling of triterpenoid saponin content variation in different chemotypic accessions of <i>Centella asiatica</i> L.,Evaluation of Color Changes of Different Resin Cements in Feldspathic Ceramic Crowns After Accelerated Aging: An In Vitro Research,Singh; Singh Sangwan; Gupta,Eskitaşçıoğlu; Akdeniz; Değirmenci,2014,2021,54.54545454545455
different_work,nearest_title,10.1177/23202068211044390,Research on Evaluation of the City Environmental Pollution Based on Support Vector Machine,Evaluation of Color Changes of Different Resin Cements in Feldspathic Ceramic Crowns After Accelerated Aging: An In Vitro Research,Zhang; Yang,Eskitaşçıoğlu; Akdeniz; Değirmenci,2014,2021,54.285714285714285
different_work,random_title,10.1177/23202068211044390,Information overload in the context of apparel,Evaluation of Color Changes of Different Resin Cements in Feldspathic Ceramic Crowns After Accelerated Aging: An In Vitro Research,Stanton; Paolo,Eskitaşçıoğlu; Akdeniz; Değirmenci,2012,2021,36.68639053254438
different_work,nearest_title,10.47662/farabi.v5i1.324,PENGARUH LATIHAN TARGET TERHADAP AKURASI SHOOTING FUTSAL PADA MAHASISWI PENDIDIKAN JASMANI UNTAN,Pengaruh Pembelajaran Kooperatif Tipe JIGSAW Terhadap Kemampuan Komunikasi Matematis Siswa,Meldayani; Triansyah; Bafadal,Maharani,2023,2022,52.68817204301075
different_work,nearest_title,10.47662/farabi.v5i1.324,Pengaruh Strategi dan Preferensi Investor terhadap Pengambilan Keputusan Investasi dengan Media Informasi sebagai Variabel Moderating,Pengaruh Pembelajaran Kooperatif Tipe JIGSAW Terhadap Kemampuan Komunikasi Matematis Siswa,Imelda; Sitinjak; Trimeiningrum,Maharani,2019,2022,52.01793721973094
different_work,random_title,10.47662/farabi.v5i1.324,Untangling research and practice: What Facebook’s “emotional contagion” study teaches us,Pengaruh Pembelajaran Kooperatif Tipe JIGSAW Terhadap Kemampuan Komunikasi Matematis Siswa,boyd,Maharani,2015,2022,37.714285714285715
different_work,nearest_title,10.1097/cnj.0000000000001226,Ocean-based Climate Action and Human Rights Implications under the International Climate Change Regime,Integrating Faith and Learning Using a Biblical Concept-Based Curriculum,Morgera; Lennan; Kulovesi,Bell,2023,2024,51.80722891566265
different_work,nearest_title,10.1097/cnj.0000000000001226,Developing Engineering Students’ Moral Reasoning Skills Using Problem-Based Learning,Integrating Faith and Learning Using a Biblical Concept-Based Curriculum,Harrell; Philosophy Documentation Center,Bell,2019,2024,51.61290322580645
different_work,random_title,10.1097/cnj.0000000000001226,Penn State’s “Success With Honor”,Integrating Faith and Learning Using a Biblical Concept-Based Curriculum,Proffitt; Corrigan,Bell,2012,2024,27.18446601941747
different_work,nearest_title,10.14321/jgendsexustud.48.1.0031,Representaciones sociales: el significado de la educación física para los estudiantes de esa disciplina,Prácticas heterodoxas y<i>santidad queer</i>: “El proceso de fe” (s. XVII) de las monjas clarisas de Trujillo,Caniuqueo Vargas; Hernández-Mosqueira; Troyano Agredo,Paz Torres; Ruiz Tresgallo,2018,2022,48.958333333333336
different_work,nearest_title,10.14321/jgendsexustud.48.1.0031,Mecanismos y dinámicas del trabajo en las plataformas digitales: los casos de Airbnb y de las plataformas de reparto,Prácticas heterodoxas y<i>santidad queer</i>: “El proceso de fe” (s. XVII) de las monjas clarisas de Trujillo,Fernández-Trujillo Moares; Gil García,Paz Torres; Ruiz Tresgallo,2021,2022,47.82608695652174
different_work,nearest_title,10.14321/jgendsexustud.48.1.0031,"On Heaviside's contributions to transmission line theory: waves, diffusion and energy flux",Prácticas heterodoxas y<i>santidad queer</i>: “El proceso de fe” (s. XVII) de las monjas clarisas de Trujillo,Donaghy-Spargo,Paz Torres; Ruiz Tresgallo,2018,2022,40.88397790055249
different_work,nearest_title,10.3390/ma17020436,Failure investigation of a geosynthetic-reinforced soil slope subjected to rainfall,Investigation of Phenolic Resin-Modified Asphalt and Its Mixtures,Yang; Thuo; Chen,Wang; Wang; Huang; Wu; Yan; Zhang,2019,2024,52.7027027027027
different_work,nearest_title,10.3390/ma17020436,Assessment of Thermal Stresses in Asphalt Mixtures at Low Temperatures Using the Tensile Creep Test and the Bending Beam Creep Test,Investigation of Phenolic Resin-Modified Asphalt and Its Mixtures,Pszczola; Jaczewski; Szydlowski,Wang; Wang; Huang; Wu; Yan; Zhang,2019,2024,52.27272727272727
different_work,nearest_title,10.3390/ma17020436,Virtual testing for the prediction of damping in joints,Investigation of Phenolic Resin-Modified Asphalt and Its Mixtures,Caignot; Ladevèze; Néron,Wang; Wang; Huang; Wu; Yan; Zhang,2010,2024,45.0
different_work,nearest_title,10.22455/2541-8297-2020-17-8-53,CONTINUITY OF CARE PADA NEONATUS DAN BAYI DI ERA PANDEMI  COVID-19 DI SUMATERA BARAT,Studies on A.M. Remizov’s Creative Biography: 1926–1927. Part 1. “Aesthete-Degenerateˮ,Bustami; Yulizawati; Halida,Obatnina,2021,2020,45.962732919254655
different_work,nearest_title,10.22455/2541-8297-2020-17-8-53,"Sourcing third party logistics service providers based on environmental, social and corporate governance: a case study",Studies on A.M. Remizov’s Creative Biography: 1926–1927. Part 1. “Aesthete-Degenerateˮ,Moreira; Rodrigues,Obatnina,2023,2020,45.68527918781726
different_work,random_title,10.22455/2541-8297-2020-17-8-53,Abstract 1091: Paclitaxel-loaded microparticles in combination with gemcitabine-loaded microparticles decreases gemcitabine resistance and promotes cell death in pancreatic cancer cell lines,Studies on A.M. Remizov’s Creative Biography: 1926–1927. Part 1. “Aesthete-Degenerateˮ,Munoz-Sagastibelza; Moshchinsky; Okome,Obatnina,2017,2020,39.473684210526315
different_work,nearest_title,10.55606/cemerlang.v2i2.810,Pengaruh Konsumsi Teh dengan Kejadian Anemia pada Ibu Hamil di Wilayah Kerja Puskesmas Salembaran Jaya Kabupaten Tangerang Tahun 2018,"Pengaruh Brand Image, Peer Group Dan Physical Evidence Terhadap Minat Sekolah Ke Perguruan Tinggi di Kota Serang Tahun 2022",Choirunissa; Al Zahra,Dhany Isneni D.,2019,2022,52.549019607843135
different_work,nearest_title,10.55606/cemerlang.v2i2.810,Pengaruh Strategi dan Preferensi Investor terhadap Pengambilan Keputusan Investasi dengan Media Informasi sebagai Variabel Moderating,"Pengaruh Brand Image, Peer Group Dan Physical Evidence Terhadap Minat Sekolah Ke Perguruan Tinggi di Kota Serang Tahun 2022",Imelda; Sitinjak; Trimeiningrum,Dhany Isneni D.,2019,2022,52.549019607843135
different_work,nearest_title,10.55606/cemerlang.v2i2.810,A Gas-Turbine with Approximate General Carnot Cycle and Its Performance Prediction,"Pengaruh Brand Image, Peer Group Dan Physical Evidence Terhadap Minat Sekolah Ke Perguruan Tinggi di Kota Serang Tahun 2022",Li; Zhang; Li,Dhany Isneni D.,2014,2022,41.1764705882353
different_work,nearest_title,10.1111/1758-2229.13006,Pine wilt disease: detection of the pinewood nematode (<i><scp>B</scp>ursaphelenchus xylophilus</i>) as a tool for a pine breeding programme,"The ubiquitous soil verrucomicrobial clade ‘
                    <i>Candidatus</i>
                    Udaeobacter’ shows preferences for acidic
                    <scp>pH</scp>",Ribeiro; Espada; Vu,Willms; Bolz; Yuan; Krafft; Schneider; Schöning; Schrumpf; Nacke,2012,2021,45.04504504504504
different_work,nearest_title,10.1111/1758-2229.13006,Special Need Students in the Struggle for the Character of Schooling in America,"The ubiquitous soil verrucomicrobial clade ‘
                    <i>Candidatus</i>
                    Udaeobacter’ shows preferences for acidic
                    <scp>pH</scp>",Sutton; Beese; Puckett,Willms; Bolz; Yuan; Krafft; Schneider; Schöning; Schrumpf; Nacke,2017,2021,44.57142857142857
different_work,random_title,10.1111/1758-2229.13006,Hydrides as High Capacity Anodes in Lithium Cells: An Italian “Futuro in Ricerca di Base FIRB-2010” Project,"The ubiquitous soil verrucomicrobial clade ‘
                    <i>Candidatus</i>
                    Udaeobacter’ shows preferences for acidic
                    <scp>pH</scp>",Brutti; Panero; Paolone,Willms; Bolz; Yuan; Krafft; Schneider; Schöning; Schrumpf; Nacke,2017,2021,39.21568627450981
different_work,nearest_title,10.3233/ajw220037,"Assessment through 5A’s of Tourism in Cuyapo, Nueva Ecija: A Basis for Tourism Development Plan","Assessment of Nutrient Contents in River Waters  Introduced to Beni Haroun Dam, North East Algeria",Velasquez; Abad; Balagtas,Bouchareb; K. Boudeffa; Lalaoui; Bousbia,2024,2022,53.03867403314917
different_work,nearest_title,10.3233/ajw220037,Community Participatory Tools for Water Logging Vulnerability Assessment in Chittagong City Corporation Area,"Assessment of Nutrient Contents in River Waters  Introduced to Beni Haroun Dam, North East Algeria",Islam; Chowdhury; Chisty,Bouchareb; K. Boudeffa; Lalaoui; Bousbia,2015,2022,51.96078431372549
different_work,random_title,10.3233/ajw220037,2012: La segona recessió,"Assessment of Nutrient Contents in River Waters  Introduced to Beni Haroun Dam, North East Algeria",Recio Andreu,Bouchareb; K. Boudeffa; Lalaoui; Bousbia,2013,2022,23.529411764705884
different_work,nearest_title,10.47191/ijmscrs/v2-i12-14,Quasilinear Choquard equations involving <i>N</i>‐Laplacian and critical exponential nonlinearity,Education and Training based on Experiential Learning in Increasing Competency of Health Workers in Public Health Center of South Sulawesi,Biswas; Goyal; Sreenadh,"Mid-level Trainer (Widyaiswara Ahli Madya), Human Resources Development Agency (BPSDM) Papua Province, Indonesia; Hadiyanto; Sulolipu; Doctoral Student from Faculty of Public Health, Hasanuddin University, Makassar, Indonesia",2022,2022,53.45622119815668
different_work,nearest_title,10.47191/ijmscrs/v2-i12-14,Approaches to high-density storage experiments with in-situ production and detection of ultracold neutrons,Education and Training based on Experiential Learning in Increasing Competency of Health Workers in Public Health Center of South Sulawesi,Degenkolb; Fierlinger; Zimmer,"Mid-level Trainer (Widyaiswara Ahli Madya), Human Resources Development Agency (BPSDM) Papua Province, Indonesia; Hadiyanto; Sulolipu; Doctoral Student from Faculty of Public Health, Hasanuddin University, Makassar, Indonesia",2023,2022,52.81385281385281
different_work,nearest_title,10.47191/ijmscrs/v2-i12-14,Contribution of spinal cord biopsy to diagnosis of aquaporin-4 antibody positive neuromyelitis optica spectrum disorder,Education and Training based on Experiential Learning in Increasing Competency of Health Workers in Public Health Center of South Sulawesi,Ringelstein; Metz; Ruprecht,"Mid-level Trainer (Widyaiswara Ahli Madya), Human Resources Development Agency (BPSDM) Papua Province, Indonesia; Hadiyanto; Sulolipu; Doctoral Student from Faculty of Public Health, Hasanuddin University, Makassar, Indonesia",2013,2022,41.49377593360996
different_work,nearest_title,10.1088/2057-1976/ac5bf1,Study of the ion kinetic effects in ICF run-away burn using a quasi-1D hybrid model,Improvement of performance and sensitivity of 2D and 3D image reconstruction in EIT using EFG forward model,Huang; Molvig; Albright,Hadinia; Jafari,2017,2022,53.55191256830601
different_work,nearest_title,10.1088/2057-1976/ac5bf1,The Revolutionary Base Areas of Can Vuong Movement in Quang Nam,Improvement of performance and sensitivity of 2D and 3D image reconstruction in EIT using EFG forward model,Nguyen Minh,Hadinia; Jafari,2021,2022,50.306748466257666
different_work,random_title,10.1088/2057-1976/ac5bf1,Making Classrooms Culturally Sensitive,Improvement of performance and sensitivity of 2D and 3D image reconstruction in EIT using EFG forward model,Morris; Mims,Hadinia; Jafari,2012,2022,28.985507246376812
different_work,nearest_title,10.3390/cimb46060354,Genital endometriosis and melatonin: a role in the pathogenesis and its possible use in the treatment of the disease,Unlocking the Potential: Semaglutide’s Impact on Alzheimer’s and Parkinson’s Disease in Animal Models,Yarmolinskaya; Tkhazaplizheva; Molotkov,Meca; Boboc; Mititelu-Tartau; Bogdan,2019,2024,57.142857142857146
different_work,nearest_title,10.3390/cimb46060354,A Possible Role of Pulegone against Glypican-1 for the Treatment of Alzheimer’s Disease through In-Silico Approach,Unlocking the Potential: Semaglutide’s Impact on Alzheimer’s and Parkinson’s Disease in Animal Models,Kaushik,Meca; Boboc; Mititelu-Tartau; Bogdan,2021,2024,54.106280193236714
different_work,random_title,10.3390/cimb46060354,Isparta İli Soğuk Hava Depo Varlığı ve Özellikleri,Unlocking the Potential: Semaglutide’s Impact on Alzheimer’s and Parkinson’s Disease in Animal Models,Güneyli; Karamürsel; Öztürk,Meca; Boboc; Mititelu-Tartau; Bogdan,2023,2024,35.61643835616438
different_work,nearest_title,10.22161/ijels.94.5,Development of a Novel Solvent-Based Formulation for Pesticides That Are Prone to Crystallization,"Assessment through 5A’s of Tourism in Cuyapo, Nueva Ecija: A Basis for Tourism Development Plan",Leming; Moreno; Paganini,Velasquez; Abad; Balagtas; Corpuz; Fernando; Flores; Manabat; Pacheco,2010,2024,54.94505494505494
different_work,nearest_title,10.22161/ijels.94.5,"Assessment of Nutrient Contents in River Waters  Introduced to Beni Haroun Dam, North East Algeria","Assessment through 5A’s of Tourism in Cuyapo, Nueva Ecija: A Basis for Tourism Development Plan",Bouchareb; K. Boudeffa; Lalaoui,Velasquez; Abad; Balagtas; Corpuz; Fernando; Flores; Manabat; Pacheco,2022,2024,53.03867403314917
different_work,nearest_title,10.22161/ijels.94.5,Health Care Utilization and Associated Costs in Elderly Persons with Non-CML Myeloproliferative Neoplasms: Real-World Evidence From a United States Medicare Population,"Assessment through 5A’s of Tourism in Cuyapo, Nueva Ecija: A Basis for Tourism Development Plan",Karve; Price; Davis,Velasquez; Abad; Balagtas; Corpuz; Fernando; Flores; Manabat; Pacheco,2012,2024,41.43426294820717
different_work,nearest_title,10.3390/genes13030442,A Possible Role of Pulegone against Glypican-1 for the Treatment of Alzheimer’s Disease through In-Silico Approach,"Mucopolysaccharidosis-Plus Syndrome, a Rapidly Progressive Disease: Favorable Impact of a Very Prolonged Steroid Treatment on the Clinical Course in a Child",Kaushik,Faraguna; Musto; Crescitelli; Iascone; Spaccini; Tonduti; Fedeli; Kullmann; Canonico; Cattoni; Dell’Acqua; Rizzari; Gasperini,2021,2022,55.93869731800766
different_work,nearest_title,10.3390/genes13030442,Genital endometriosis and melatonin: a role in the pathogenesis and its possible use in the treatment of the disease,"Mucopolysaccharidosis-Plus Syndrome, a Rapidly Progressive Disease: Favorable Impact of a Very Prolonged Steroid Treatment on the Clinical Course in a Child",Yarmolinskaya; Tkhazaplizheva; Molotkov,Faraguna; Musto; Crescitelli; Iascone; Spaccini; Tonduti; Fedeli; Kullmann; Canonico; Cattoni; Dell’Acqua; Rizzari; Gasperini,2019,2022,54.4
different_work,random_title,10.3390/genes13030442,Fusion of complex odontome with permanent mandibular molar,"Mucopolysaccharidosis-Plus Syndrome, a Rapidly Progressive Disease: Favorable Impact of a Very Prolonged Steroid Treatment on the Clinical Course in a Child",Talari; Ananda; Prince,Faraguna; Musto; Crescitelli; Iascone; Spaccini; Tonduti; Fedeli; Kullmann; Canonico; Cattoni; Dell’Acqua; Rizzari; Gasperini,2012,2022,36.53846153846154
different_work,nearest_title,10.3390/su122410314,Research on Evaluation of the City Environmental Pollution Based on Support Vector Machine,Photocatalytic Destruction of Caffeine on Sepiolite-Supported TiO2 Nanocomposite,Zhang; Yang,Savun-Hekimoğlu; Eren; Ince,2014,2020,52.69461077844311
different_work,nearest_title,10.3390/su122410314,A multi‐center study on the surgical management of metastatic disease to adrenal glands,Photocatalytic Destruction of Caffeine on Sepiolite-Supported TiO2 Nanocomposite,Valeri; Bergamini; Tozzi,Savun-Hekimoğlu; Eren; Ince,2010,2020,49.10179640718563
different_work,nearest_title,10.3390/su122410314,O DISCURSO ANTIESCRAVISTA DE EPIFANIO DE MOIRANS SOBRE OS TÍTULOS DE ESCRAVIDÃO,Photocatalytic Destruction of Caffeine on Sepiolite-Supported TiO2 Nanocomposite,D`Oca,Savun-Hekimoğlu; Eren; Ince,2017,2020,41.830065359477125
different_work,nearest_title,10.1002/bse.3751,Environmental Effects on Nonlocal Correlations,Gender diversity and environmental activism: Gender discrimination or socialisation?,Guha; Bhattacharya; Das,Yu; Liu,2019,2024,54.54545454545455
different_work,nearest_title,10.1002/bse.3751,"Sourcing third party logistics service providers based on environmental, social and corporate governance: a case study",Gender diversity and environmental activism: Gender discrimination or socialisation?,Moreira; Rodrigues,Yu; Liu,2023,2024,53.403141361256544
different_work,nearest_title,10.1002/bse.3751,Considerations on Kinematics and Dynamics of Gravitational Separators with Non-Balanced Eccentric Masses Used for Cereal Seeds Cleaning,Gender diversity and environmental activism: Gender discrimination or socialisation?,Bracacescu; Pirna; Popescu,Yu; Liu,2013,2024,40.95238095238095
different_work,nearest_title,10.54050/prj2122403,Estimation of Changes in Mechanical and Color Properties from the Weight Loss Data of “Shine Muscat” Fruit during Storage,From paper to innovation: revolutionising technology with the ancient art of origami and kirigami,Watanabe; Nakamura; Ota,Misseroni,2018,2024,53.77358490566038
different_work,nearest_title,10.54050/prj2122403,Approaches to high-density storage experiments with in-situ production and detection of ultracold neutrons,From paper to innovation: revolutionising technology with the ancient art of origami and kirigami,Degenkolb; Fierlinger; Zimmer,Misseroni,2023,2024,52.475247524752476
different_work,random_title,10.54050/prj2122403,Trends in mental health presentations in a south Australian tertiary emergency department,From paper to innovation: revolutionising technology with the ancient art of origami and kirigami,Goldfinch; Kochar,Misseroni,2021,2024,39.56043956043956
different_work,nearest_title,10.62872/h7tzxj20,"Assessment through 5A’s of Tourism in Cuyapo, Nueva Ecija: A Basis for Tourism Development Plan",The Effect of Tourism Revenue on Community Welfare through Economic Growth,Velasquez; Abad; Balagtas,Prestiantika; Sishadiyati,2024,2024,51.57232704402516
different_work,nearest_title,10.62872/h7tzxj20,Effect Analysis of Different Exhaust Velocity on Fire Smoke Control in Subway Tunnel,The Effect of Tourism Revenue on Community Welfare through Economic Growth,Han; Gao; Cong,Prestiantika; Sishadiyati,2012,2024,49.36708860759494
different_work,random_title,10.62872/h7tzxj20,"Alejandro García Molinos, La adivinación en los papiros mágicos griegos, Monografías de Filología Griega nº 27, Zaragoza, Prensas Universitarias de Zaragoza, 2017, 520 pp., ISBN 978-84-16935-38-3",The Effect of Tourism Revenue on Community Welfare through Economic Growth,Zamora Salamanca,Prestiantika; Sishadiyati,2018,2024,28.11244979919678
different_work,nearest_title,10.1007/s10546-022-00738-1,Direct laser writing of a new type of waveguides in silver containing glasses,Numerical Simulations of Boundary-Layer Airflow Over Pitched-Roof Buildings,Abou Khalil; Bérubé; Danto,Coburn; Xie; Herring,2017,2022,48.32214765100671
different_work,nearest_title,10.1007/s10546-022-00738-1,Comparison of region-of-interest-averaged and pixel-averaged analysis of DCE-MRI data based on simulations and pre-clinical experiments,Numerical Simulations of Boundary-Layer Airflow Over Pitched-Roof Buildings,He; Zamora; Oto,Coburn; Xie; Herring,2017,2022,48.167539267015705
different_work,random_title,10.1007/s10546-022-00738-1,Abstract 608: IFN-γ elicits stimulatory MHC class I isotypes in human colorectal carcinoma cell lines with genetic features of microsatellite stable,Numerical Simulations of Boundary-Layer Airflow Over Pitched-Roof Buildings,Liang; Chan; Lee,Coburn; Xie; Herring,2018,2022,36.03603603603604
different_work,nearest_title,10.3389/fmars.2022.1065717,"Novel Peptidomimetics for Inhibition of
                    <scp>HER</scp>
                    2:
                    <scp>HER</scp>
                    3 Heterodimerization in
                    <scp>HER</scp>
                    2‐Positive Breast Cancer",In silico characterization of Cnidarian’s antimicrobial peptides,Kanthala; Banappagari; Gokhale,Leal; Múnera; Suescún-Bolívar,2014,2022,53.75
different_work,nearest_title,10.3389/fmars.2022.1065717,Special Need Students in the Struggle for the Character of Schooling in America,In silico characterization of Cnidarian’s antimicrobial peptides,Sutton; Beese; Puckett,Leal; Múnera; Suescún-Bolívar,2017,2022,51.470588235294116
different_work,nearest_title,10.3389/fmars.2022.1065717,"Da aquisição da imagem corporal: o papel docente junto a prática física, educativa, pedagógica e corporal em adolescentes",In silico characterization of Cnidarian’s antimicrobial peptides,Rodrigues; Capelletti,Leal; Múnera; Suescún-Bolívar,2014,2022,41.1764705882353
different_work,nearest_title,10.6017/lv.v11i1.13073,"Antibiotic Susceptibility Patterns of Uropathogens Isolated from Female Patients with Urinary Tract Infection in Duhok Province, Iraq",The Female Standard:,Naqid; Hussein; Balatay,Laura Tringali Sobieski,2020,2020,48.0
different_work,nearest_title,10.6017/lv.v11i1.13073,Programmable omni-resonance using space–time fields,The Female Standard:,Shiri; Schepler; Abouraddy,Laura Tringali Sobieski,2020,2020,40.0
different_work,random_title,10.6017/lv.v11i1.13073,The Projectability Challenge to Moral Naturalism,The Female Standard:,Bengson; Cuneo; Reisner,Laura Tringali Sobieski,2020,2020,35.82089552238806
different_work,nearest_title,10.46368/jpjkr.v10i1.903,"Pengaruh Pemahaman Akuntansi, Sosialisasi dan Tingkat Pendidikan Pelaku Usaha Terhadap Penerapan SAK EMKM Pada UMKM di Kabupaten Buleleng",PENGARUH LATIHAN TARGET TERHADAP AKURASI SHOOTING FUTSAL PADA MAHASISWI PENDIDIKAN JASMANI UNTAN,Oktavia; Masdiantini,Meldayani; Triansyah; Bafadal; Haetami; Ali,2023,2023,61.206896551724135
different_work,nearest_title,10.46368/jpjkr.v10i1.903,Pengaruh Pembelajaran Kooperatif Tipe JIGSAW Terhadap Kemampuan Komunikasi Matematis Siswa,PENGARUH LATIHAN TARGET TERHADAP AKURASI SHOOTING FUTSAL PADA MAHASISWI PENDIDIKAN JASMANI UNTAN,Maharani,Meldayani; Triansyah; Bafadal; Haetami; Ali,2022,2023,52.68817204301075
different_work,random_title,10.46368/jpjkr.v10i1.903,Prácticas heterodoxas y<i>santidad queer</i>: “El proceso de fe” (s. XVII) de las monjas clarisas de Trujillo,PENGARUH LATIHAN TARGET TERHADAP AKURASI SHOOTING FUTSAL PADA MAHASISWI PENDIDIKAN JASMANI UNTAN,Paz Torres; Ruiz Tresgallo,Meldayani; Triansyah; Bafadal; Haetami; Ali,2022,2023,38.095238095238095
different_work,nearest_title,10.5194/gc-4-111-2021,Developing Engineering Students’ Moral Reasoning Skills Using Problem-Based Learning,Using geosciences and mythology to locate Prospero's island,Harrell; Philosophy Documentation Center,Lanza,2019,2021,49.29577464788732
different_work,nearest_title,10.5194/gc-4-111-2021,Tight stellar binaries favour active longitudes at sub- and antistellar points,Using geosciences and mythology to locate Prospero's island,Sethi; Martin,Lanza,2024,2021,48.529411764705884
different_work,nearest_title,10.5194/gc-4-111-2021,“ASKing” the Right Questions About Screening for Celiac Disease,Using geosciences and mythology to locate Prospero's island,Forbes,Lanza,2020,2021,41.666666666666664
