article,template,kind,identifier,claimed_title,verdict,authority,detail
Helicobacter cholecystus,journal,doi,10.1128/jcm.34.12.2952-2958.1996,"Isolation of a novel Helicobacter species, Helicobacter cholecystus sp. nov., from the gallbladders of Syrian hamsters with cholangiofibrosis and centrilobular pancreatitis.",verified,crossref,title matches record (100% similarity)
Conostephium prolatum,web,bibliographic,,Conostephium prolatum,not_found,crossref+openalex,"no indexed record matches this description. Closest was 'Conostephium pendulum' at 81% similarity, below the threshold for a match."
Conostephium prolatum,journal,doi,10.58828/nuy00680,A taxonomic update of Conostephium (Ericaceae: Styphelioideae: Styphelieae),verified,crossref,title matches record (100% similarity)
Conostephium prolatum,web,bibliographic,,Conostephium prolatum,not_found,crossref+openalex,"no indexed record matches this description. Closest was 'Conostephium pendulum' at 81% similarity, below the threshold for a match."
Conostephium prolatum,web,bibliographic,,Conservation codes for Western Australian Flora and Fauna,not_found,crossref+openalex,"no indexed record matches this description. Closest was 'Compositional patterns in terrestrial fauna and wetland flora and fauna across the Pilbara biogeographic region of Western Australia and the representativeness of its conservation reserve system' at 77% similarity, below the threshold for a match."
History of the Jews in Denver,web,bibliographic,,The Jewish Community of Denver,verified,openalex,"not found in Crossref, but OpenAlex holds a matching article (100% title similarity)"
History of the Jews in Denver,web,bibliographic,,Famous Faces at Fairmount: Wolfe Londoner,not_found,crossref+openalex,"no indexed record matches this description. Closest was 'Naming and Categorizing Famous Faces' at 55% similarity, below the threshold for a match."
History of the Jews in Denver,journal,bibliographic,,A Double-edged Scalpel: Colorado's Healthy Reputation and Its Tuberculosis Struggle,not_found,crossref+openalex,"no indexed record matches this description. Closest was 'SINGLE-STAGE POSTERIOR RECONSTRUCTION FOR VERTEBRAL TUBERCULOSIS: KYPHOSIS CORRECTION AND FUNCTIONAL OUTCOMES' at 51% similarity, below the threshold for a match."
History of the Jews in Denver,journal,bibliographic,,"Unsere Leit (""Our People""): Anna Hillkowitz and the Development of the East European Jewish Woman Professional in America",verified,openalex,"not found in Crossref, but OpenAlex holds a matching article (100% title similarity)"
History of the Jews in Denver,web,bibliographic,,Pioneering Jewish Women of Colorado,not_found,crossref+openalex,"no indexed record matches this description. Closest was 'Pioneering Women (1859–1877)' at 76% similarity, below the threshold for a match."
History of the Jews in Denver,web,bibliographic,,When Jewish Colonists Prospected for Utopia in Colorado,not_found,crossref+openalex,"no indexed record matches this description. Closest was 'What if the Jewish state had been established in East Africa?*' at 50% similarity, below the threshold for a match."
History of the Jews in Denver,web,bibliographic,,West Colfax Neighborhood History,not_found,crossref+openalex,"no indexed record matches this description. Closest was 'Glass Blowing and Community Building: A History of Morgantown, West Virginia’s Sunnyside Neighborhood, 1890–2013' at 88% similarity, below the threshold for a match."
History of the Jews in Denver,web,bibliographic,,Golda Meir: An Outline of a Unique Life,not_found,crossref+openalex,"no indexed record matches this description. Closest was 'Beyond the Appendage Syndrome' at 39% similarity, below the threshold for a match."
Luteovirus cap-independent translation element,journal,doi,10.1042/bst0351629,The amazing diversity of cap-independent translation elements in the 3'-untranslated regions of plant viral RNAs,verified,crossref,title matches record (100% similarity)
Luteovirus cap-independent translation element,journal,doi,10.1261/rna.777308,The 3' cap-independent translation element of Barley yellow dwarf virus binds eIF4F via the eIF4G subunit to initiate translation,verified,crossref,title matches record (100% similarity)
Daugaard-Jensen Glacier,web,bibliographic,,Catalogue of place names in northern East Greenland,verified,openalex,"not found in Crossref, but OpenAlex holds a matching article (100% title similarity)"
Daugaard-Jensen Glacier,journal,doi,10.1126/science.1121381,Changes in the velocity structure of the Greenland Ice Sheet,verified,crossref,title matches record (100% similarity)
Daugaard-Jensen Glacier,journal,doi,10.33112/surtsey.12.3,"Xenoliths of exotic origin at Surtsey volcano, Iceland",verified,crossref,title matches record (100% similarity)
Balkan Wars,web,bibliographic,,"1912–1913 Balkan Wars, Death and Forced Exile of Ottoman Muslims",verified,crossref,matched a Crossref record by title search (85% similarity); no DOI given in document
Balkan Wars,book,bibliographic,,Mother Teresa: The Saint and Her Nation,verified,crossref,matched a Crossref record by title search (100% similarity); no DOI given in document
Balkan Wars,journal,bibliographic,,Change the Hostile Other into Ingroup Partner: On the Albanian-Serb Relations,verified,openalex,"not found in Crossref, but OpenAlex holds a matching article (100% title similarity)"
Balkan Wars,book,bibliographic,,Kosovo and Serbia: Contested Options and Shared Consequences,verified,openalex,"not found in Crossref, but OpenAlex holds a matching article (100% title similarity)"
Balkan Wars,journal,doi,10.1080/14623528.2018.1534979,The 1913 Ottoman Military Campaign in Eastern Thrace: A Prelude to Genocide?,verified,crossref,title matches record (100% similarity)
Balkan Wars,book,bibliographic,,"The World Crisis, 1911–1918",verified,crossref,matched a Crossref record by title search (100% similarity); no DOI given in document
Balkan Wars,journal,doi,10.1080/14623528.2016.1226019,"The Balkan Wars: violence and nation-building in the Balkans, 1912–13",verified,crossref,title matches record (100% similarity)
Balkan Wars,book,bibliographic,,The Holocaust in Greece,verified,crossref,matched a Crossref record by title search (82% similarity); no DOI given in document
Yvonne Elsworth,web,bibliographic,,"Professor Yvonne Elsworth BSc, PhD, FRAS, FInstP Professor of Helioseismology Poynting Professor of Physics",not_found,crossref+openalex,"no indexed record matches this description. Closest was 'Professor Hurwitz' at 69% similarity, below the threshold for a match."
Yvonne Elsworth,journal,doi,10.1088/0022-3735/7/10/011,A field compensated interference spectrometer for the visible region: the optical design,verified,crossref,title matches record (100% similarity)
Yvonne Elsworth,journal,doi,10.1038/249233a0,Dust in the head of Comet Kohoutek,verified,crossref,title matches record (100% similarity)
Yvonne Elsworth,journal,doi,10.1038/251694a0,Photometry of the zodiacal light in the near infrared,verified,crossref,title matches record (100% similarity)
Yvonne Elsworth,journal,doi,10.1088/0022-3735/6/11/027,An optical screw with a pitch of one wavelength,verified,crossref,title matches record (100% similarity)
Yvonne Elsworth,journal,doi,10.1126/science.1201827,Ensemble Asteroseismology of Solar-Type Stars with the NASA Kepler Mission,verified,crossref,title matches record (100% similarity)
Yvonne Elsworth,journal,doi,10.1038/nature09935,Gravity modes as a way to distinguish between hydrogen- and helium-burning red giant stars,verified,crossref,title matches record (100% similarity)
Yvonne Elsworth,web,bibliographic,,UK government grants awarded to Yvonne Elsworth,not_found,crossref+openalex,"no indexed record matches this description. Closest was 'Value-Based CEO Equity Grants' at 50% similarity, below the threshold for a match."
Bicellonycha,web,bibliographic,,Bicellonycha Report,not_found,crossref+openalex,"no indexed record matches this description. Closest was 'Bicellonycha wickershamorum: Fallon, C. &amp; Cicero, J.' at 77% similarity, below the threshold for a match."
Bicellonycha,web,bibliographic,,Bicellonycha genus Information,not_found,crossref+openalex,"no indexed record matches this description. Closest was 'Bye-bye Bicellonycha Motschulsky, 1853: a solution to an overlooked nomenclatural issue, with description of a new genus and comprehensive redescription of its type species (Coleoptera: Lampyridae: Photurinae)' at 75% similarity, below the threshold for a match."
Bicellonycha,journal,bibliographic,,"The genus Bicellonycha in the United States with descriptions of a new species and subspecies (Coleoptera: Lampyridae, Photurinae)",not_found,crossref+openalex,"no indexed record matches this description. Closest was 'An Asian Looks at the United States' at 65% similarity, below the threshold for a match."
Bicellonycha,journal,doi,10.1653/0015-4040(2003)086[0099:oraeev]2.0.co;2,"On research and entomological education VI: Firefly species and lists, old and new",verified,crossref,title matches record (99% similarity)
Bicellonycha,book,bibliographic,,"Catalogue of Palaearctic Coleoptera, Volume 4: Elateroidea - Derodontoidea - Bostrichoidea - Lymexyloidea - Cleroidea - Cucujoidea",verified,crossref,matched a Crossref record by title search (100% similarity); no DOI given in document
Orchesella chiantica,journal,doi,10.1006/mpev.2000.0854,"Large Amounts of Genetic Divergence among Italian Species of the Genus Orchesella (Insecta, Collembola) and the Relationships of Two New Species",verified,crossref,title matches record (100% similarity)
Orchesella chiantica,web,bibliographic,,Orchesella chiantica,not_found,crossref+openalex,"no indexed record matches this description. Closest was 'Role of Surface Chemistry in the Superhydrophobicity of the Springtail Orchesella cincta (Insecta:Collembola)' at 67% similarity, below the threshold for a match."
Orchesella chiantica,web,bibliographic,,Checklist of the Collembola of the World,verified,crossref,matched a Crossref record by title search (100% similarity); no DOI given in document
Tezakia,journal,doi,10.1111/pala.12167,Upper Ordovician chondrichthyan‐like scales from North America,verified,crossref,title matches record (86% similarity)
Fairness for High Skilled Immigrants Act,web,bibliographic,,H.R.6542 - 118th Congress (2023-2024): Immigration Visa Efficiency and Security Act of 2023,not_found,crossref+openalex,"no indexed record matches this description. Closest was 'The Immigration Act 1971' at 77% similarity, below the threshold for a match."
Fairness for High Skilled Immigrants Act,web,bibliographic,,Bill Analysis: Immigration Visa Efficiency and Security Act of 2023,not_found,crossref+openalex,"no indexed record matches this description. Closest was 'Analysis of the Communications Security Establishment Act and Related Provisions in Bill C-59 (an Act Respecting National Security Matters), First Reading' at 67% similarity, below the threshold for a match."
Fairness for High Skilled Immigrants Act,web,bibliographic,,"H.R.6136 - 115th Congress (2017-2018): To amend the immigration laws and provide for border security, and for other purposes",verified,crossref,matched a Crossref record by title search (100% similarity); no DOI given in document
Fairness for High Skilled Immigrants Act,web,bibliographic,,"Border Security, Economic Opportunity, and Immigration Modernization Act of 2013",not_found,crossref+openalex,"no indexed record matches this description. Closest was 'Part 6—Border Security' at 81% similarity, below the threshold for a match."
Fairness for High Skilled Immigrants Act,web,bibliographic,,What You Need to Know About the Border Security and Immigration Reform Act &#124; House Judiciary Committee Republicans,not_found,crossref+openalex,"no indexed record matches this description. Closest was 'What You Need to Know About The New Climate Change Security Reports' at 75% similarity, below the threshold for a match."
Fairness for High Skilled Immigrants Act,web,bibliographic,,"H.R.6136 - 115th Congress (2017-2018): To amend the immigration laws and provide for border security, and for other purposes",verified,crossref,matched a Crossref record by title search (100% similarity); no DOI given in document
Fairness for High Skilled Immigrants Act,web,bibliographic,,Republicans release Border Security and Immigration Reform Act - Ripon Advance,not_found,crossref+openalex,"no indexed record matches this description. Closest was 'Part 6—Border Security' at 81% similarity, below the threshold for a match."
Fairness for High Skilled Immigrants Act,web,bibliographic,,"H.R. 6136 Border Security and Immigration Reform Act of 2018 (Rep. Goodlatte, R-VA)",not_found,crossref+openalex,"no indexed record matches this description. Closest was 'Part 6—Border Security' at 81% similarity, below the threshold for a match."
Colpochila trichopyga,web,bibliographic,,Global Biodiversity Information Facility,verified,crossref,matched a Crossref record by title search (100% similarity); no DOI given in document
Colpochila trichopyga,web,bibliographic,,Colpochila trichopyga at Catalogue of Life,not_found,crossref+openalex,"no work matching this description appears in either Crossref or OpenAlex. Note that coverage of books, government reports and grey literature is incomplete even in OpenAlex, so this is evidence, not proof."
Colpochila trichopyga,journal,bibliographic,,A revision of the Australian chafers (Coleoptera: Scarabaeidae: Melolonthinae). Vol. 4. Tribe Liparetrini: Genus Colpochila.,verified,crossref,matched a Crossref record by title search (100% similarity); no DOI given in document
Anti-Fengtian War,book,bibliographic,,"Tang Degang : ""From the Coup in Beijing Fengzhang and his son during their visit to "" [Chinese edition] 唐德剛著、張學良口述. 唐德剛：〈從北京政變到皇姑屯期間的奉張父子〉，1991年7月29日，原載於《傳記文學》第五十九卷第三期，台北：傳記文學出版社. 《張學良口述歷史》 初版. 台北: 遠流出版. 2009-03-01.",not_found,crossref+openalex,"no indexed record matches this description. Closest was 'Yang, Lihua 楊立華, Qi-rooted and Shen-transformed: Commentary on Z hang Zai’s Philosophy 氣本與神化:張載哲學述評' at 29% similarity, below the threshold for a match."
Anti-Fengtian War,book,bibliographic,,Internationalism in the Labour Movement: 1830–1940,verified,openalex,"not found in Crossref, but OpenAlex holds a matching book (100% title similarity)"
Anti-Fengtian War,book,bibliographic,,"Life of a Russian emigré soldier: oral history transcript / and related material, 1966–1967",not_found,crossref+openalex,"no work matching this description appears in either Crossref or OpenAlex. Note that coverage of books, government reports and grey literature is incomplete even in OpenAlex, so this is evidence, not proof."
Anti-Fengtian War,journal,doi,10.1080/01439689500260291,'Modern Warfare in China in 1924–1925': Soviet film propaganda to support Chinese Militarist Zhang Zuolin,verified,crossref,title matches record (100% similarity)
Nscor,book,bibliographic,,"Computer Music: Synthesis, Composition, and Performance",verified,crossref,matched a Crossref record by title search (100% similarity); no DOI given in document
Nscor,book,bibliographic,,The Digital Musician,verified,crossref,matched a Crossref record by title search (100% similarity); no DOI given in document
Nscor,news,bibliographic,,"Recent Releases: New Computer Music. Works by Paul Lansky, Curtis Roads, James Dashow, Clarence Barlow, Stephan Kaske, Michel Waisvisz",not_found,crossref+openalex,"no work matching this description appears in either Crossref or OpenAlex. Note that coverage of books, government reports and grey literature is incomplete even in OpenAlex, so this is evidence, not proof."
Nscor,thesis,bibliographic,,Sound in a Nutshell: Granular Synthesis,not_found,crossref+openalex,"no indexed record matches this description. Closest was 'Direct Aldol Strategy in Enantioselective Total Synthesis of Thuggacin\u2005B' at 49% similarity, below the threshold for a match."
Nscor,book,bibliographic,,Composers and the Computer,verified,crossref,matched a Crossref record by title search (100% similarity); no DOI given in document
Nscor,journal,doi,10.2307/3679967,"Review: New Computer Music: Barlow, Dashow, Kaske, Lansky, Roads, Waisvisz",verified,crossref,title matches record (100% similarity)
Nscor,journal,bibliographic,,"Report on the International Computer Music Conference, Queens College, November 1980",not_found,crossref+openalex,"no indexed record matches this description. Closest was 'Introduction to Computer Music' at 64% similarity, below the threshold for a match."
Nscor,book,bibliographic,,Live Wires: A History of Electronic Music,verified,openalex,"not found in Crossref, but OpenAlex holds a matching article (100% title similarity)"
Nigeria national debt,web,bibliographic,,"Nigeria National Government Debt, 2006 – 2023",not_found,crossref+openalex,"no indexed record matches this description. Closest was 'Central Government Debt' at 79% similarity, below the threshold for a match."
Nigeria national debt,web,bibliographic,,ESTABLISHMENT FUNCTIONS AND POWERS OF THE FISCAL RESPONSILIBILITY COMMISSION,not_found,crossref+openalex,"no indexed record matches this description. Closest was 'European Commission: Tasks, Functions and Powers' at 81% similarity, below the threshold for a match."
Nigeria national debt,news,bibliographic,,Nigeria raises borrowing limit to 40% of GDP,not_found,crossref+openalex,"no indexed record matches this description. Closest was 'Net lending/net borrowing by institutional sector: Percentage of GDP, 2010' at 61% similarity, below the threshold for a match."
Nigeria national debt,web,bibliographic,,Central Bank of Nigeria :: Sources of External Debt,not_found,crossref+openalex,"no indexed record matches this description. Closest was 'Sources of Data on LDC External Debt' at 80% similarity, below the threshold for a match."
Nigeria national debt,web,bibliographic,,Nigeria: national debt in relation to gross domestic product (GDP) 2028,verified,crossref,matched a Crossref record by title search (100% similarity); no DOI given in document
Nigeria national debt,web,bibliographic,,Federal Republic of Nigeria Official Gazette,verified,crossref,matched a Crossref record by title search (100% similarity); no DOI given in document
Nigeria national debt,web,bibliographic,,National Debt Management Framework (2018,verified,crossref,matched a Crossref record by title search (100% similarity); no DOI given in document
Nigeria national debt,web,bibliographic,,EXTERNAL DEBT AND ECONOMIC GROWTH IN NIGERIA,verified,crossref,matched a Crossref record by title search (95% similarity); no DOI given in document
Crop Trust,web,bibliographic,,Crop Trust to conserve plant diversity,verified,crossref,matched a Crossref record by title search (92% similarity); no DOI given in document
Crop Trust,web,bibliographic,,The Global Crop Diversity Trust,verified,crossref,matched a Crossref record by title search (93% similarity); no DOI given in document
Crop Trust,web,bibliographic,,Agreement for the Establishment of the Global Crop Diversity Trust,not_found,crossref+openalex,"no indexed record matches this description. Closest was 'No. 50958. Global crop diversity trust and Germany' at 72% similarity, below the threshold for a match."
Crop Trust,news,bibliographic,,The Crop Trust Raises $300m of $850m Target to Safeguard Global Biodiversity - AgFunderNews,not_found,crossref+openalex,"no indexed record matches this description. Closest was 'Increasing applied pesticide toxicity trends counteract the global reduction target to safeguard biodiversity' at 66% similarity, below the threshold for a match."
Crop Trust,web,bibliographic,,Plant Production and Protection Division: Background on the First GPA,verified,crossref,matched a Crossref record by title search (93% similarity); no DOI given in document
Crop Trust,book,bibliographic,,Plant genetic resources and food security: Stakeholder perspectives on the international treaty on plant genetic resources for food and agriculture,verified,crossref,matched a Crossref record by title search (100% similarity); no DOI given in document
Crop Trust,web,bibliographic,,Progress report on the Global Crop Diversity Trust,not_found,crossref+openalex,"no indexed record matches this description. Closest was 'Monitoring crop wild relatives and wild food plant diversity, and information management' at 48% similarity, below the threshold for a match."
Crop Trust,web,bibliographic,,Protecting Rice: The Planet's Most Important Food Source,not_found,crossref+openalex,"no indexed record matches this description. Closest was 'Rice Almanac: source book for the most important economic activity on earth' at 71% similarity, below the threshold for a match."
Inonotus tamaricis,journal,doi,10.29203/ka.1984.224,The Hymenochaetales: a revision of the European poroid taxa,verified,crossref,title matches record (100% similarity)
Inonotus tamaricis,journal,bibliographic,,Fungi maroccani. Catalogue raisonne des champignons connus jusqu'ici au Maroc,not_found,crossref+openalex,"no work matching this description appears in either Crossref or OpenAlex. Note that coverage of books, government reports and grey literature is incomplete even in OpenAlex, so this is evidence, not proof."
Inonotus tamaricis,web,bibliographic,,Inonotus tamaricis (Pat.) Maire 1938,verified,crossref,matched a Crossref record by title search (92% similarity); no DOI given in document
Talk to My Back,book,bibliographic,,Second Hand Love,verified,openalex,"not found in Crossref, but OpenAlex holds a matching article (100% title similarity)"
Talk to My Back,web,bibliographic,,Talk to My Back by Yamada Murasaki review – feminist awakenings in 1980s Japan,not_found,crossref+openalex,"no indexed record matches this description. Closest was 'Through a Nuclear Lens: France, Japan, and Cinema from Hiroshima to Fukushima by Hannah Holtzman (review)' at 50% similarity, below the threshold for a match."
Talk to My Back,web,bibliographic,,Met up with Yamada Murasaki's eldest daughter[...],not_found,crossref+openalex,"no indexed record matches this description. Closest was 'Famous Facials: How We Got Ready for the Close-Up' at 39% similarity, below the threshold for a match."
Talk to My Back,web,bibliographic,,"Newly Published, From Neuron Forests to Cryptocurrency",not_found,crossref+openalex,"no indexed record matches this description. Closest was 'Newly Published Plays' at 83% similarity, below the threshold for a match."
Talk to My Back,web,bibliographic,,Talk To My Back,not_found,crossref+openalex,"no indexed record matches this description. Closest was 'The Greening of “Informal Jewish Education” Talk' at 42% similarity, below the threshold for a match."
Talk to My Back,web,bibliographic,,Talk to My Back,verified,crossref,matched a Crossref record by title search (100% similarity); no DOI given in document
Talk to My Back,book,bibliographic,,Talk to My Back,not_found,crossref+openalex,"no indexed record matches this description. Closest was 'Referring to yourself in self-talk' at 64% similarity, below the threshold for a match."
Abiotic component,web,bibliographic,,Ocean Abiotic Factors,verified,crossref,matched a Crossref record by title search (100% similarity); no DOI given in document
Abiotic component,journal,doi,10.1186/1752-0509-6-s2-s9,Systematic Comparison of C3 and C4 Plants Based on Metabolic Network Analysis,verified,crossref,title matches record (100% similarity)
Abiotic component,web,bibliographic,,Rubisco and C4 Plants,verified,openalex,"not found in Crossref, but OpenAlex holds a matching article (100% title similarity)"
Abiotic component,web,bibliographic,,Abiotic Components,verified,crossref,matched a Crossref record by title search (100% similarity); no DOI given in document
Abiotic component,journal,doi,10.1086/285270,The Role of Abiotic Factors in Community Organization,verified,crossref,title matches record (100% similarity)
Giuseppe Rinvolucri,web,bibliographic,,"RINVOLUCRI, GIUSEPPE (1890 - 1962), engineer and architect",not_found,crossref+openalex,"no indexed record matches this description. Closest was 'Long-period love waves in a heterogeneous, spherical Earth' at 39% similarity, below the threshold for a match."
Giuseppe Rinvolucri,book,bibliographic,,A guide to the Churches and Chapels of Wales,verified,crossref,matched a Crossref record by title search (76% similarity); no DOI given in document
Giuseppe Rinvolucri,web,bibliographic,,Dr Mina Moore: marriage and motherhood at Cardiff University in the 1940s,not_found,crossref+openalex,"no indexed record matches this description. Closest was 'Black Women and Motherhood' at 70% similarity, below the threshold for a match."
Giuseppe Rinvolucri,journal,doi,10.1080/0305792920220110,Obituary - Dr Mina Josephine Moore-Rinvolucri 1902-1991: an appreciation,verified,crossref,title matches record (100% similarity)
Giuseppe Rinvolucri,web,bibliographic,,au:Mina Josephine Moore-Rinvolucri,not_found,crossref+openalex,"no indexed record matches this description. Closest was 'Reviews : Paul Veyne, Writing History: Essay on Epistemology trans. by Mina Moore-Rinvolucri (Manchester University Press, 1984)' at 76% similarity, below the threshold for a match."
Giuseppe Rinvolucri,web,bibliographic,,Porthmadog – Most Holy Redeemer,not_found,crossref+openalex,"no indexed record matches this description. Closest was 'Most Holy Redeemer, Oblates of the' at 77% similarity, below the threshold for a match."
Giuseppe Rinvolucri,web,bibliographic,,Abergele – St Therese of Lisieux,verified,crossref,matched a Crossref record by title search (100% similarity); no DOI given in document
Giuseppe Rinvolucri,web,bibliographic,,Ludlow – St Peter,not_found,crossref+openalex,"no indexed record matches this description. Closest was 'Peter Ludlow to Swift September 10, 1718' at 89% similarity, below the threshold for a match."
Wilhelm Goetsch,book,bibliographic,,Neue Deutsche Biographie 6,not_found,crossref+openalex,"no indexed record matches this description. Closest was 'Study of excited $$\\varvec{\\varXi }$$ baryons with the $$\\overline{\\text{ P }}$$ANDA detector' at 29% similarity, below the threshold for a match."
Wilhelm Goetsch,journal,bibliographic,,[The complex of vitamin T (Goetsch)],verified,openalex,"not found in Crossref, but OpenAlex holds a matching article (100% title similarity)"
Wilhelm Goetsch,journal,doi,10.1002/jsfa.2740040705,Vitamin T: Growth and protein utilization in the rat,verified,crossref,title matches record (100% similarity)
Wilhelm Goetsch,journal,bibliographic,,Wilhelm Goetsch (1887 - 1960): pioneering studies on the development and evolution of the soldier caste in social insects,verified,openalex,"not found in Crossref, but OpenAlex holds a matching article (100% title similarity)"
Wilhelm Goetsch,journal,doi,10.1007/bf00421768,Beiträge Zur Biologie Südamerikanischer Ameisen. I. Teil: Wüstenameisen,verified,crossref,title matches record (100% similarity)
Wilhelm Goetsch,journal,doi,10.1007/bf00408295,Untersuchungen Über Die Zusammenarbeit Im Ameisenstaat,verified,crossref,title matches record (100% similarity)
Wilhelm Goetsch,journal,doi,10.1007/bf00547265,Beiträge Zur Biologie Des Termitenstaates,verified,crossref,title matches record (100% similarity)
Wilhelm Goetsch,journal,doi,10.1007/bf00403414,Die Koloniegründung Der Formicinen Und Ihre Experimentelle Beeinflussung,verified,crossref,title matches record (100% similarity)
West Coast lumber trade,journal,bibliographic,,The Dollar Trans-Pacific Service,not_found,crossref+openalex,"no indexed record matches this description. Closest was 'Japanese Service Enterprises in the Pacific' at 75% similarity, below the threshold for a match."
West Coast lumber trade,web,bibliographic,,C.A. Thayer History,not_found,crossref+openalex,"no indexed record matches this description. Closest was 'Thayer on the History of Evidence' at 88% similarity, below the threshold for a match."
West Coast lumber trade,web,bibliographic,,West Coast lumber vessels were a radical departure from the New England built ships,not_found,crossref+openalex,"no indexed record matches this description. Closest was 'Spur-winged plover on the West Coast' at 56% similarity, below the threshold for a match."
West Coast lumber trade,news,bibliographic,,Fort Bragg Bakery oven rises again,not_found,crossref+openalex,"no indexed record matches this description. Closest was ""State's Safety-Net Use Rises Despite Coverage"" at 48% similarity, below the threshold for a match."
West Coast lumber trade,book,bibliographic,,U.S. Army Ships and Watercraft of World War II,not_found,crossref+openalex,"no indexed record matches this description. Closest was 'Federal Records of World War II, 2 vols' at 57% similarity, below the threshold for a match."
West Coast lumber trade,web,bibliographic,,Lloyd's Register (1942–43),not_found,crossref+openalex,"no indexed record matches this description. Closest was 'Spectral Fatigue Analysis of a Bulk Carrier –A Case Study' at 31% similarity, below the threshold for a match."
West Coast lumber trade,book,bibliographic,,"Forgotten Fleet: a history of the part played by Australian men and ships in the U.S. Army Small Ships Section in New Guinea, 1942–1945",verified,crossref,matched a Crossref record by title search (80% similarity); no DOI given in document
West Coast lumber trade,book,bibliographic,,U. S. Army Transportation In The Southwest Pacific Area 1941–1947,not_found,crossref+openalex,"no indexed record matches this description. Closest was 'Epilogue: The army achieved a general success' at 45% similarity, below the threshold for a match."
Luca Salasnich,web,bibliographic,,Luca Salasnich – University of Padua profile,not_found,crossref+openalex,"no indexed record matches this description. Closest was 'The Controversial Late Effect of Shoulder Radiation Therapy in a Small Case Series' at 40% similarity, below the threshold for a match."
Luca Salasnich,web,bibliographic,,Curriculum Vitae: Luca Salasnich,verified,crossref,matched a Crossref record by title search (100% similarity); no DOI given in document
Luca Salasnich,web,bibliographic,,"SALASNICH, LUCA",verified,crossref,matched a Crossref record by title search (100% similarity); no DOI given in document
Luca Salasnich,journal,doi,10.1103/physreva.65.043614,Effective wave equations for the dynamics of cigar-shaped and disk-shaped Bose condensates,verified,crossref,title matches record (100% similarity)
Luca Salasnich,web,bibliographic,,APS Fellowship – DAMOP Fellows 2025,verified,crossref,matched a Crossref record by title search (100% similarity); no DOI given in document
Luca Salasnich,web,bibliographic,,Annual Report 2023,verified,crossref,matched a Crossref record by title search (100% similarity); no DOI given in document
Luca Salasnich,book,bibliographic,,"Quantum Physics of Light and Matter: A Modern Introduction to Photons, Atoms and Many-Body Systems",verified,crossref,matched a Crossref record by title search (100% similarity); no DOI given in document
Luca Salasnich,book,bibliographic,,Physics and Technologies of Ultracold Atomic Gases,verified,crossref,matched a Crossref record by title search (85% similarity); no DOI given in document
Beleriand,news,bibliographic,,"Book Review: The Silmarillion, The World of Tolkien",verified,crossref,matched a Crossref record by title search (81% similarity); no DOI given in document
Beleriand,news,bibliographic,,"Book Review: The Book of Lost Tales, Language and Prehistory of the Elves",not_found,crossref+openalex,"no work matching this description appears in either Crossref or OpenAlex. Note that coverage of books, government reports and grey literature is incomplete even in OpenAlex, so this is evidence, not proof."
Beleriand,news,bibliographic,,Book Review: The Children of Húrin by JRR Tolkien,not_found,crossref+openalex,"no indexed record matches this description. Closest was 'Review: <i>Speaking with the Dead in Early America</i>, by Erik R. Seeman' at 50% similarity, below the threshold for a match."
Beleriand,journal,doi,10.1353/tks.2007.0015,Tolkien's 'Celtic type of legends': Merging Traditions,verified,crossref,title matches record (100% similarity)
Beleriand,journal,doi,10.1353/tks.2004.0012,The Adapted Text: The Lost Poetry of Beleriand,verified,crossref,title matches record (100% similarity)
Beleriand,book,bibliographic,,The Worlds of J. R. R. Tolkien: The Places that Inspired Middle-earth,verified,crossref,matched a Crossref record by title search (86% similarity); no DOI given in document
Ioichthys,web,bibliographic,,"Ioichthys kashkini Parin, 2004",not_found,crossref+openalex,"no indexed record matches this description. Closest was 'Parin, Friedrich Gino' at 53% similarity, below the threshold for a match."
Ioichthys,web,bibliographic,,"Ioichthys kashkini Parin, 2004",not_found,crossref+openalex,"no indexed record matches this description. Closest was 'Parin, Friedrich Gino' at 53% similarity, below the threshold for a match."
Ioichthys,web,bibliographic,,Revision of the Generic Classification of “Long-Bodied” Opisthoproctids (Opisthoproctidae) with a Description of New Taxa and New Finds,verified,crossref,matched a Crossref record by title search (100% similarity); no DOI given in document
Ioichthys,web,bibliographic,,Revision of the Generic Classification of “Long-Bodied” Opisthoproctids (Opisthoproctidae) with a Description of New Taxa and New Finds,verified,crossref,matched a Crossref record by title search (100% similarity); no DOI given in document
Ioichthys,journal,bibliographic,,"Deep-Sea Fishes: Biology, Diversity, Ecology and Fisheries.",verified,crossref,matched a Crossref record by title search (100% similarity); no DOI given in document
Ioichthys,journal,doi,10.1134/s0032945220050094,"Revision of the Generic Classification of ""Long-Bodied"" Opisthoproctids (Opisthoproctidae) with a Description of New Taxa and New Finds",verified,crossref,title matches record (100% similarity)
Ioichthys,journal,doi,10.1134/s0032945220050094,"Revision of the Generic Classification of ""Long-Bodied"" Opisthoproctids (Opisthoproctidae) with a Description of New Taxa and New Finds",verified,crossref,title matches record (100% similarity)
Ioichthys,book,doi,10.4060/cc7822en,Identification guide to the mesopelagic fishes of the western Indian Ocean,verified,crossref,title matches record (100% similarity)
Basel Committee on Banking Supervision,web,bibliographic,,Principles for the supervision of banks' foreign establishments,verified,crossref,matched a Crossref record by title search (100% similarity); no DOI given in document
Basel Committee on Banking Supervision,web,bibliographic,,History of the Basel Committee,not_found,crossref+openalex,"no indexed record matches this description. Closest was 'Capital adequacy and the Basel Accord of 1988' at 57% similarity, below the threshold for a match."
Basel Committee on Banking Supervision,web,bibliographic,,Basel III: International regulatory framework for banks,not_found,crossref+openalex,"no indexed record matches this description. Closest was 'Basel III: Redesigned regulatory framework for banks' at 88% similarity, below the threshold for a match."
Basel Committee on Banking Supervision,web,bibliographic,,Basel Framework,verified,crossref,matched a Crossref record by title search (100% similarity); no DOI given in document
Basel Committee on Banking Supervision,web,bibliographic,,Basel III: A global regulatory framework for more resilient banks and banking systems - revised version June 2011,verified,crossref,matched a Crossref record by title search (93% similarity); no DOI given in document
Basel Committee on Banking Supervision,web,bibliographic,,"Basel III: International framework for liquidity risk measurement, standards and monitoring",verified,crossref,matched a Crossref record by title search (94% similarity); no DOI given in document
Basel Committee on Banking Supervision,web,bibliographic,,Explanatory note on the minimum capital requirements for market risk,not_found,crossref+openalex,"no indexed record matches this description. Closest was 'REQUIREMENTS ANALYSIS OF FEDERAL STATE EDUCATIONAL STANDARDS OF HIGHER EDUCATION IN THE SPHERE OF NATIONAL SECURITY PROTECTION IN EDUCATION' at 49% similarity, below the threshold for a match."
Basel Committee on Banking Supervision,book,bibliographic,,Global business regulation,verified,crossref,matched a Crossref record by title search (100% similarity); no DOI given in document
Rechingeriella,journal,bibliographic,,Outline of Ascomycota &ndash; 2007,not_found,crossref+openalex,"no indexed record matches this description. Closest was 'Outline Maps, Historical' at 55% similarity, below the threshold for a match."
Rechingeriella,book,doi,10.3372/epolist2022,Eine Enzyklopädie zu eponymischen Pflanzennamen,verified,crossref,title matches record (100% similarity)
Rechingeriella,web,bibliographic,,Rechingeriella - Search Page,not_found,crossref+openalex,"no indexed record matches this description. Closest was 'Search result comparison' at 60% similarity, below the threshold for a match."
1937 in American television,web,bibliographic,,Official Web Site of Helen Hayes – Radio,not_found,crossref+openalex,"no indexed record matches this description. Closest was 'The Official Liberace Museum Web Site: The Atomic Testing Museum Web Site' at 62% similarity, below the threshold for a match."
1937 in American television,book,bibliographic,,Sherlock Holmes on Screen,not_found,crossref+openalex,"no indexed record matches this description. Closest was 'Problem Behaviors Questionnaire--Portuguese Version' at 37% similarity, below the threshold for a match."
1937 in American television,book,bibliographic,,Sherlock Holmes: A Centenary Celebration,not_found,crossref+openalex,"no indexed record matches this description. Closest was 'World Congress Integrative Medicine &amp; Health 2017: part two' at 42% similarity, below the threshold for a match."
1937 in American television,book,bibliographic,,The Television Sherlock Holmes,not_found,crossref+openalex,"no indexed record matches this description. Closest was 'The Application of Media Asset Management System in Television Program Operation' at 64% similarity, below the threshold for a match."
1937 in American television,journal,doi,10.1038/118590a0,Electric Television (abstract),verified,crossref,title matches record (100% similarity)
1937 in American television,journal,doi,10.1088/0959-5309/50/3/307,The electrical reproduction of images by the photoconductive effect,verified,crossref,title matches record (100% similarity)
1937 in American television,journal,doi,10.1109/jrproc.1937.228423,Television Pickup Tubes with Cathode-Ray Beam Scanning,verified,crossref,title matches record (100% similarity)
1937 in American television,book,bibliographic,,"The Blue Network Today; a Memorandum on Its First Independent Year, and Its Present Position in the American System of Broadcasting, with a Note on Blue History",not_found,crossref+openalex,"no indexed record matches this description. Closest was 'For an apple a day, put some apples away : Miss Ruth Van Deman, Bureau of Home Economics, U.S.D.A. broadcast in the Department of Agriculture portion of the National Farm and Home Hour, Monday, October 5, 1942, over stations associated with the Blue Network [of the National Broadcasting Company]' at 55% similarity, below the threshold for a match."
Western Desert language,web,bibliographic,,"Pitjantjatjara language, alphabet and pronunciation",verified,crossref,matched a Crossref record by title search (93% similarity); no DOI given in document
Western Desert language,book,bibliographic,,Martu Wangka Dictionary and Topical Finderlist 2005 Draft,not_found,crossref+openalex,"no indexed record matches this description. Closest was 'Risks and Decisions for Conservation and Environmental Management' at 44% similarity, below the threshold for a match."
Western Desert language,journal,doi,10.2307/481223,The Decline of the Kuwarra People of Australia's Western Desert: A Case Study of Legally Secured Domination,verified,crossref,title matches record (100% similarity)
List of amphibians of Arkansas,web,bibliographic,,Identification Guide for Amphibians and Reptiles in Arkansas,not_found,crossref+openalex,"no indexed record matches this description. Closest was 'Classification and Species Checklist for the Amphibians and Reptiles of Arkansas' at 75% similarity, below the threshold for a match."
List of amphibians of Arkansas,web,bibliographic,,Anaxyrus americanus charlesmithi,not_found,crossref+openalex,"no indexed record matches this description. Closest was 'Supplemental Information 2: The sequence of mitochondrial genome of Anaxyrus americanus' at 75% similarity, below the threshold for a match."
List of amphibians of Arkansas,web,bibliographic,,Anaxyrus fowleri,verified,crossref,matched a Crossref record by title search (100% similarity); no DOI given in document
List of amphibians of Arkansas,web,bibliographic,,Incilius nebulifer,verified,crossref,matched a Crossref record by title search (100% similarity); no DOI given in document
List of amphibians of Arkansas,web,bibliographic,,Acris blanchardi,verified,crossref,matched a Crossref record by title search (100% similarity); no DOI given in document
List of amphibians of Arkansas,web,bibliographic,,Dryophytes avivoca,verified,crossref,matched a Crossref record by title search (100% similarity); no DOI given in document
List of amphibians of Arkansas,web,bibliographic,,Dryophytes chrysoscelis,verified,crossref,matched a Crossref record by title search (100% similarity); no DOI given in document
List of amphibians of Arkansas,web,bibliographic,,Dryophytes cinereus,verified,crossref,matched a Crossref record by title search (100% similarity); no DOI given in document
Levomethadone,book,bibliographic,,Analgesics: From Chemistry and Pharmacology to Clinical Application,verified,crossref,matched a Crossref record by title search (100% similarity); no DOI given in document
Levomethadone,book,bibliographic,,Dictionary of Pharmacological Agents,verified,crossref,matched a Crossref record by title search (100% similarity); no DOI given in document
Levomethadone,book,bibliographic,,Index Nominum 2000: International Drug Directory,verified,crossref,matched a Crossref record by title search (100% similarity); no DOI given in document
Levomethadone,journal,doi,10.1002/cpt1976204445,Side effects of levomethadone and racemic methadone in a maintenance program,verified,crossref,title matches record (100% similarity)
Levomethadone,journal,doi,10.1038/sj.clpt.6100120,Stereoselective Block of hERG Channel by (S)-Methadone and QT Interval Prolongation in CYP2B6 Slow Metabolizers,verified,crossref,title matches record (100% similarity)
Levomethadone,book,bibliographic,,Surface Design: Applications in Bioscience and Nanotechnology,not_found,crossref+openalex,"no indexed record matches this description. Closest was 'Appendix H: Surface Plasmon Resonance' at 52% similarity, below the threshold for a match."
Levomethadone,book,bibliographic,,Oxford American Handbook of Hospice and Palliative Medicine,verified,crossref,matched a Crossref record by title search (100% similarity); no DOI given in document
Levomethadone,journal,doi,10.1016/j.drugalcdep.2005.04.007,"The effects of racemic D,L-methadone and L-methadone in substituted patients--a randomized controlled study",verified,crossref,title matches record (100% similarity)
Ewa Ligocka,journal,doi,10.1007/bf01418930,A simplification and extension of Fefferman's theorem on biholomorphic mappings,verified,crossref,title matches record (100% similarity)
Inanda sulcicollis,web,bibliographic,,Inanda sulcicollis at Catalogue of Life,not_found,crossref+openalex,"no work matching this description appears in either Crossref or OpenAlex. Note that coverage of books, government reports and grey literature is incomplete even in OpenAlex, so this is evidence, not proof."
Inanda sulcicollis,journal,bibliographic,,"Descriptive catalogue of the Coleoptera of South Africa (Lucanidae and Scarabaeidae), Sub-families: Rutelinae, Hopliinae.",verified,crossref,matched a Crossref record by title search (100% similarity); no DOI given in document
Macrostomus digitatus,journal,doi,10.1111/j.1365-2311.1962.tb01079.x,Studies on the Brazilian Empididae (Diptera),verified,crossref,title matches record (100% similarity)
The Little Nigar,journal,doi,10.2307/1215065,Debussy and American Minstrelsy,verified,crossref,title matches record (100% similarity)
The Little Nigar,web,bibliographic,,An introduction to the solo piano music of Debussy and Ravel,not_found,crossref+openalex,"no indexed record matches this description. Closest was 'Approaching new piano literature: composition and interpretation of four piano etudes' at 51% similarity, below the threshold for a match."
The Little Nigar,book,bibliographic,,Debussy Redux: The Impact of His Music on Popular Culture,verified,crossref,matched a Crossref record by title search (100% similarity); no DOI given in document
The Little Nigar,book,bibliographic,,Kurt Weill und Frankreich,verified,crossref,matched a Crossref record by title search (100% similarity); no DOI given in document
The Little Nigar,journal,bibliographic,,Out of Africa: The Cakewalk in Twentieth-Century / French Concert Music,verified,crossref,matched a Crossref record by title search (100% similarity); no DOI given in document
The Little Nigar,web,bibliographic,,The little Nigar,not_found,crossref+openalex,"no indexed record matches this description. Closest was 'NİGAR HANIM VE TESİR-İ AŞK' at 52% similarity, below the threshold for a match."
The Little Nigar,web,bibliographic,,The little Negro,not_found,crossref+openalex,"no indexed record matches this description. Closest was 'little negro lyes' at 86% similarity, below the threshold for a match."
32 Leonis Minoris,journal,bibliographic,,The Tycho-2 catalogue of the 2.5 million brightest stars,not_found,crossref+openalex,"no indexed record matches this description. Closest was 'The TYCHO Survey of Stars Brighter than Eleventh' at 65% similarity, below the threshold for a match."
32 Leonis Minoris,journal,doi,10.1086/110819,A study of the bright stars. I. A catalogue of spectral classifications.,verified,crossref,title matches record (100% similarity)
32 Leonis Minoris,journal,doi,10.1086/146706,Spectral Classification of 533 B8-A2 Stars and the Mean Absolute Magnitude of A0 V Stars.,verified,crossref,title matches record (100% similarity)
32 Leonis Minoris,journal,doi,10.1134/s1063773706110065,"Pulkovo Compilation of Radial Velocities for 35,495 Hipparcos stars in a common system",verified,crossref,title matches record (100% similarity)
32 Leonis Minoris,journal,doi,10.1134/s1063773712050015,XHIP: An extended hipparcos compilation,verified,crossref,title matches record (100% similarity)
32 Leonis Minoris,journal,doi,10.1051/0004-6361/202142146,Stellar and substellar companions from Gaia EDR3,verified,crossref,title matches record (100% similarity)
32 Leonis Minoris,journal,doi,10.1134/s1063773712120031,Dependence of kinematics on the age of stars in the solar neighborhood,verified,crossref,title matches record (100% similarity)
32 Leonis Minoris,journal,doi,10.1086/192182,The Relation between Rotational Velocities and Spectral Peculiarities among A-Type Stars,verified,crossref,title matches record (100% similarity)
Pat Gozemba,thesis,bibliographic,,The Effect of Rhetorical Training in Visual Literacy on the Writing Skills of College Freshmen,not_found,crossref+openalex,"no work matching this description appears in either Crossref or OpenAlex. Note that coverage of books, government reports and grey literature is incomplete even in OpenAlex, so this is evidence, not proof."
Pat Gozemba,news,bibliographic,,Scenes from a Working Class Bar,not_found,crossref+openalex,"no work matching this description appears in either Crossref or OpenAlex. Note that coverage of books, government reports and grey literature is incomplete even in OpenAlex, so this is evidence, not proof."
Pat Gozemba,book,bibliographic,,Tomboys!: Tales of Dyke Derring-Do,not_found,crossref+openalex,"no work matching this description appears in either Crossref or OpenAlex. Note that coverage of books, government reports and grey literature is incomplete even in OpenAlex, so this is evidence, not proof."
Pat Gozemba,book,bibliographic,,Dutiful Daughters: Caring for Our Parents as They Grow Old,not_found,crossref+openalex,"no work matching this description appears in either Crossref or OpenAlex. Note that coverage of books, government reports and grey literature is incomplete even in OpenAlex, so this is evidence, not proof."
Pat Gozemba,book,bibliographic,,Pockets of Hope: How Students and Teachers Change the World,not_found,crossref+openalex,"no indexed record matches this description. Closest was 'Change your wardrobe, change the world: empowering pre-service teachers to embrace responsible consumption' at 60% similarity, below the threshold for a match."
Pat Gozemba,book,bibliographic,,Courting Equality: A Documentary History of America's First Legal Same-Sex Marriages,not_found,crossref+openalex,"no work matching this description appears in either Crossref or OpenAlex. Note that coverage of books, government reports and grey literature is incomplete even in OpenAlex, so this is evidence, not proof."
Pat Gozemba,journal,bibliographic,,"NWSA Coordinating Council Meeting Participants, February 1979",not_found,crossref+openalex,"no indexed record matches this description. Closest was 'Proceedings of Asilomar Conference on Polymeric Materials Held in Pacific Grove, California on 9-12 February 1992' at 46% similarity, below the threshold for a match."
Pat Gozemba,journal,doi,10.2307/jthought.43.1-2.21,More Fully Human: Principals as Freirean Liberators,verified,crossref,title matches record (100% similarity)
Leucosyrinx,journal,bibliographic,,"Revision of the Indo-Pacific species of the genus Leucosyrinx Dall, 1889 (Neogastropoda: Conoidea: Pseudomelatomidae)",verified,crossref,matched a Crossref record by title search (100% similarity); no DOI given in document
Leucosyrinx,journal,doi,10.11646/zootaxa.682.1.1,Catalog of recent and fossil turrids (Mollusca: Gastropoda),verified,crossref,title matches record (100% similarity)
Cyptotrama asprata,web,bibliographic,,AmericanMushrooms.com: Golden-scruffy Collybia (Cyptotrama asprata),not_found,crossref+openalex,"no indexed record matches this description. Closest was 'scruffy, adj.' at 78% similarity, below the threshold for a match."
Cyptotrama asprata,book,bibliographic,,A photographic guide to mushrooms and other fungi of New Zealand.,not_found,crossref+openalex,"no indexed record matches this description. Closest was 'The New Zealand species of\n                    <i>Amanita</i>\n                    (Fungi: Agaricales)' at 58% similarity, below the threshold for a match."
Cyptotrama asprata,book,bibliographic,,North American Mushrooms: A Field Guide to Edible and Inedible Fungi,not_found,crossref+openalex,"no indexed record matches this description. Closest was 'Scientific Advisor. Texas Mushrooms. A Field Guide' at 65% similarity, below the threshold for a match."
Cyptotrama asprata,book,bibliographic,,Mushrooms of North America,verified,crossref,matched a Crossref record by title search (76% similarity); no DOI given in document
Cyptotrama asprata,web,bibliographic,,Canadian Biodiversity: Species: Fungi: Golden-scruffy Collybia,not_found,crossref+openalex,"no indexed record matches this description. Closest was 'Two new freshwater fungi species in China enhance biodiversity knowledge' at 63% similarity, below the threshold for a match."
Cyptotrama asprata,book,bibliographic,,The Macrofungus Flora of China's Guangdong Province (Chinese University Press),not_found,crossref+openalex,"no indexed record matches this description. Closest was 'What Hong Kong’s latest crackdown means for the future of free press' at 53% similarity, below the threshold for a match."
Cyptotrama asprata,web,bibliographic,,INBio. Species of Costa Rica–Cyptotrama asprata,not_found,crossref+openalex,"no indexed record matches this description. Closest was '<i>Cyptotrama asprata</i> (Agaricales) from North America and notes on the five other species of <i>Cyptotrama</i> sect. <i>Xerulina</i>' at 77% similarity, below the threshold for a match."
Cyptotrama asprata,web,bibliographic,,Cyptotrama asprata,verified,crossref,matched a Crossref record by title search (100% similarity); no DOI given in document
Ichneutica mustulenta,web,bibliographic,,"Ichneutica mustulenta Hoare, 2019",not_found,crossref+openalex,"no indexed record matches this description. Closest was ""Historical Dictionary of Democratic People's Republic of Korea"" at 31% similarity, below the threshold for a match."
Ichneutica mustulenta,journal,doi,10.7931/j2/fnz.80,"Noctuinae (Insecta: Lepidoptera: Noctuidae) part 2: Nivetica, Ichneutica",verified,openalex,"not in Crossref, but OpenAlex holds it (article): title matches record (100% similarity)"
Ichneutica mustulenta,web,bibliographic,,"Ichneutica mustulenta Hoare, 2019",not_found,crossref+openalex,"no indexed record matches this description. Closest was ""Historical Dictionary of Democratic People's Republic of Korea"" at 31% similarity, below the threshold for a match."
Murray Warmath,journal,bibliographic,,The Cost of Conservatism: The University of Minnesota's Lofted Ideals and Fallen Football Teams,verified,crossref,matched a Crossref record by title search (100% similarity); no DOI given in document
Murray Warmath,web,bibliographic,,SPRING REVIEW #3-Murray Warmath Visits Gophers Third Spring Football Practice,verified,crossref,matched a Crossref record by title search (100% similarity); no DOI given in document
Murray Warmath,web,bibliographic,,National Champions,verified,crossref,matched a Crossref record by title search (100% similarity); no DOI given in document
World Nuclear Industry Status Report,web,bibliographic,,Mycle Schneider,not_found,crossref+openalex,"no indexed record matches this description. Closest was 'Schneider-Trnavský [Schneider], Mikuláš' at 75% similarity, below the threshold for a match."
World Nuclear Industry Status Report,web,bibliographic,,The World Nuclear Industry Status Report 2019 (HTML),not_found,crossref+openalex,"no work matching this description appears in either Crossref or OpenAlex. Note that coverage of books, government reports and grey literature is incomplete even in OpenAlex, so this is evidence, not proof."
World Nuclear Industry Status Report,news,bibliographic,,Daily chart: Critical reactions,not_found,crossref+openalex,"no work matching this description appears in either Crossref or OpenAlex. Note that coverage of books, government reports and grey literature is incomplete even in OpenAlex, so this is evidence, not proof."
World Nuclear Industry Status Report,web,bibliographic,,"Japan Nuclear Free, Last Operating Reactor Shut Down - World Nuclear Industry Status Report",not_found,crossref+openalex,"no indexed record matches this description. Closest was 'Pioneer Nuclear Reactor Shut Down' at 86% similarity, below the threshold for a match."
World Nuclear Industry Status Report,news,bibliographic,,"Insight: After disaster, the deadliest part of Japan's nuclear clean-up",not_found,crossref+openalex,"no indexed record matches this description. Closest was 'The British Labour Party. In Search of Identity Between Labour and Parliament' at 51% similarity, below the threshold for a match."
World Nuclear Industry Status Report,news,bibliographic,,Nuclear growth in India has been slow: report,not_found,crossref+openalex,"no indexed record matches this description. Closest was 'Figure 2. Progress in labour productivity has been slow' at 57% similarity, below the threshold for a match."
World Nuclear Industry Status Report,web,bibliographic,,World Atomic Output Falls by Record in Fukushima's Aftermath,not_found,crossref+openalex,"no indexed record matches this description. Closest was 'Serum Levels of Uric Acid and Diabetes Mellitus Influence Survival after Surgery for Primary Hyperparathyroidism: A Prospective Cohort Study' at 38% similarity, below the threshold for a match."
World Nuclear Industry Status Report,web,bibliographic,,World Nuclear Industry Status Report 2010-2011: Nuclear Power in a Post-Fukushima World,verified,crossref,matched a Crossref record by title search (100% similarity); no DOI given in document
Parnaibaia,journal,doi,10.2517/prpsj.12.329,"A new Mesozoic coelacanth from Brazil (Sarcopterygii, Actinistia)",verified,crossref,title matches record (100% similarity)
Parnaibaia,book,bibliographic,,Mesozoic fishes,verified,crossref,matched a Crossref record by title search (100% similarity); no DOI given in document
Parnaibaia,journal,doi,10.2517/prpsj.12.329,"A new Mesozoic coelacanth from Brazil (Sarcopterygii, Actinistia)",verified,crossref,title matches record (100% similarity)
Minnie Braithwaite Jenkins,news,bibliographic,,Light Of Learning To Shine In Teacher's Memory,not_found,crossref+openalex,"no work matching this description appears in either Crossref or OpenAlex. Note that coverage of books, government reports and grey literature is incomplete even in OpenAlex, so this is evidence, not proof."
Minnie Braithwaite Jenkins,news,bibliographic,,W&m Hails Woman's Effort,not_found,crossref+openalex,"no indexed record matches this description. Closest was 'For the last woman on earth' at 59% similarity, below the threshold for a match."
Minnie Braithwaite Jenkins,book,bibliographic,,"Federal Fathers and Mothers A Social History of the United States Indian Service, 1869-1933",not_found,crossref+openalex,"no indexed record matches this description. Closest was 'Gender and Politics among Federal Indian Service Employees, 1880–1930' at 59% similarity, below the threshold for a match."
Minnie Braithwaite Jenkins,journal,doi,10.2307/3346785,"Completely Discouraged': Women Teachers' Resistance in the Bureau of Indian Affairs Schools, 1900-1910.",verified,crossref,title matches record (100% similarity)
Minnie Braithwaite Jenkins,journal,doi,10.2307/41169900,The Clan System of the Fort Mojave Indians: A Contemporary Survey.,verified,crossref,title matches record (100% similarity)
Minnie Braithwaite Jenkins,book,bibliographic,,Girl From Williamsburg,not_found,crossref+openalex,"no indexed record matches this description. Closest was ""Feminism, Nationalism, and the 1960s' Slender Spies: A Look at Get Smart and The Girl from U.N.C.L.E."" at 58% similarity, below the threshold for a match."
Minnie Braithwaite Jenkins,web,bibliographic,,Braithwaite Lecture,not_found,crossref+openalex,"no indexed record matches this description. Closest was 'Braithwaite, Nicholas' at 73% similarity, below the threshold for a match."
Minnie Braithwaite Jenkins,web,bibliographic,,"Bucktrout-Braithwaite Papers, 1780-1996",not_found,crossref+openalex,"no indexed record matches this description. Closest was 'MARCH 1780' at 57% similarity, below the threshold for a match."
Carlill v Carbolic Smoke Ball Co,web,bibliographic,,BAILII - 1892 England and Wales Court of Appeal (Civil Division) Decisions,not_found,crossref+openalex,"no indexed record matches this description. Closest was 'Court of Appeal (Civil Division) (England and Wales) : P-S (Children)' at 88% similarity, below the threshold for a match."
Carlill v Carbolic Smoke Ball Co,web,bibliographic,,Inflation calculator,verified,crossref,matched a Crossref record by title search (100% similarity); no DOI given in document
Carlill v Carbolic Smoke Ball Co,book,bibliographic,,The Law of Contract: Law in Context,verified,crossref,matched a Crossref record by title search (78% similarity); no DOI given in document
Carlill v Carbolic Smoke Ball Co,book,bibliographic,,Casebook on Contract Law,verified,crossref,matched a Crossref record by title search (100% similarity); no DOI given in document
Carlill v Carbolic Smoke Ball Co,journal,doi,10.1086/467776,Quackery and Contract Law: The Case of the Carbolic Smoke Ball,verified,crossref,title matches record (100% similarity)
Kadayif,book,bibliographic,,Sherbet and Spice: The Complete Story of Turkish Sweets and Desserts,verified,crossref,matched a Crossref record by title search (79% similarity); no DOI given in document
Kadayif,web,bibliographic,,Sherbet and Spice excerpt,verified,crossref,matched a Crossref record by title search (100% similarity); no DOI given in document
Kadayif,journal,bibliographic,,Foods spreading from Turkish cuisine to the world,verified,crossref,matched a Crossref record by title search (100% similarity); no DOI given in document
Kadayif,journal,bibliographic,,Geçmişten Günümüze Türk Tatlı Tarihi,verified,crossref,matched a Crossref record by title search (100% similarity); no DOI given in document
Kadayif,book,bibliographic,,Istanbul and Beyond: Exploring the Diverse Cuisines of Turkey,not_found,crossref+openalex,"no indexed record matches this description. Closest was 'Associations beyond the City: Jews, Actors and Empire in the Roman Period' at 54% similarity, below the threshold for a match."
Kadayif,journal,doi,10.31338/2657-599x.ph.2022-4.7,Turkish Borrowings in Bulgarian Lexis Related to Cuisine and Cooking,verified,crossref,title matches record (100% similarity)
Kadayif,book,bibliographic,,Sweet Invention: A History of Dessert,not_found,crossref+openalex,"no indexed record matches this description. Closest was 'Food Systems: Pepper, Herring, and Beer' at 42% similarity, below the threshold for a match."
Kadayif,journal,doi,10.15666/aeer/1702_40074017,Determination of acrylamide and hydroxymethylfurfural (HMF) values as affected by frying duration and temperature levels during the preparation of tray kadayif dessert,verified,crossref,title matches record (100% similarity)
List of largest fires of the 21st century,web,bibliographic,,How big are the fires burning in Australia's north? Interactive map shows they've burned an area larger than Spain,not_found,crossref+openalex,"no work matching this description appears in either Crossref or OpenAlex. Note that coverage of books, government reports and grey literature is incomplete even in OpenAlex, so this is evidence, not proof."
List of largest fires of the 21st century,web,bibliographic,,GWIS - Statistics Portal,verified,crossref,matched a Crossref record by title search (100% similarity); no DOI given in document
List of largest fires of the 21st century,news,bibliographic,,"Wildfires affecting 30 cities in Brazil's Sao Paulo state, leave 2 dead",not_found,crossref+openalex,"no indexed record matches this description. Closest was 'Measurement of the Surface Electrical Resistance of SnO2:F Thin Films' at 41% similarity, below the threshold for a match."
List of largest fires of the 21st century,web,bibliographic,,Chile arrests firefighter for blaze that killed 137 people,not_found,crossref+openalex,"no indexed record matches this description. Closest was 'Firefighter killed by the collapse of the porch roof at a residential structure fire - Pennsylvania.' at 54% similarity, below the threshold for a match."
List of largest fires of the 21st century,news,bibliographic,,Peru calls on farmers to halt burns amid deadly fire season,not_found,crossref+openalex,"no indexed record matches this description. Closest was 'A contribuição da ferramenta de corpus para o ensino das PMs denn, doch, halt e wohl' at 48% similarity, below the threshold for a match."
List of largest fires of the 21st century,web,bibliographic,,"National Inquiry on Bushfire Mitigation and Management, Council of Australian Governments",not_found,crossref+openalex,"no indexed record matches this description. Closest was 'Inquiries following the 2002–2003 Australian bushfires: common themes and future directions for Australian bushfire mitigation and management' at 68% similarity, below the threshold for a match."
List of largest fires of the 21st century,news,bibliographic,,Australia fires: A visual guide to the bushfire crisis,not_found,crossref+openalex,"no indexed record matches this description. Closest was 'Fires in Australia Must Serve as Wake-Up Call to Climate Crisis' at 66% similarity, below the threshold for a match."
List of largest fires of the 21st century,news,bibliographic,,It's official: every bushfire in NSW has either been extinguished or is under control,not_found,crossref+openalex,"no indexed record matches this description. Closest was 'Stent thrombosis: has the firestorm been extinguished?' at 58% similarity, below the threshold for a match."
African carbon market,journal,doi,10.1016/j.gloenvcha.2016.04.015,Bridging organizations in agricultural carbon markets and poverty alleviation: An analysis of pro-Poor carbon market projects in East Africa,verified,crossref,title matches record (100% similarity)
African carbon market,web,bibliographic,,UNEP - UN Environment Programme,not_found,crossref+openalex,"no indexed record matches this description. Closest was 'UNEP at work' at 50% similarity, below the threshold for a match."
African carbon market,journal,bibliographic,,Microsoft buys first carbon credits in Africa,not_found,crossref+openalex,"no indexed record matches this description. Closest was 'A Strategic Planning Framework for High-Speed Rail Technology in Southern Africa' at 42% similarity, below the threshold for a match."
African carbon market,journal,doi,10.1007/s00267-025-02155-9,Assessing CREMAs’ Capacity to Govern Landscape Resources in the Western Wildlife Corridor of Northern Ghana,verified,crossref,title matches record (100% similarity)
African carbon market,journal,doi,10.1016/j.gloenvcha.2016.04.015,Bridging organizations in agricultural carbon markets and poverty alleviation: An analysis of pro-Poor carbon market projects in East Africa,verified,crossref,title matches record (100% similarity)
African carbon market,journal,doi,10.1080/17565529.2012.762332,Conceptualizations of sustainability in carbon markets,verified,crossref,title matches record (100% similarity)
African carbon market,journal,doi,10.1080/17565529.2014.998602,Voices from the field – carbon markets and rural poverty as seen from Madagascar and Mali,verified,crossref,title matches record (100% similarity)
African carbon market,journal,doi,10.1016/j.cosust.2014.12.004,The potentials of carbon markets for infrastructure investment in sub-Saharan urban Africa,verified,crossref,title matches record (100% similarity)
Wulfila (spider),book,bibliographic,,Arachnida. Araneida.,verified,crossref,matched a Crossref record by title search (100% similarity); no DOI given in document
Wulfila (spider),journal,bibliographic,,The spider family Anyphaenidae in America north of Mexico,not_found,crossref+openalex,"no indexed record matches this description. Closest was 'The Goblin Spider Genus<i>Oonopoides</i>in North and Central America (Araneae, Oonopidae)' at 64% similarity, below the threshold for a match."
Wulfila (spider),web,bibliographic,,"Gen. Wulfila O. Pickard-Cambridge, 1895",not_found,crossref+openalex,"no indexed record matches this description. Closest was 'Pickard-Cambridge, William Adair, (14 Dec. 1879–4 March 1957)' at 65% similarity, below the threshold for a match."
Wulfila (spider),book,bibliographic,,Common Spiders of North America,not_found,crossref+openalex,"no indexed record matches this description. Closest was 'Spiders: An Introduction' at 56% similarity, below the threshold for a match."
Wulfila (spider),book,bibliographic,,Spiders of North America: An Identification Manual,not_found,crossref+openalex,"no indexed record matches this description. Closest was 'A Revision of the North American Spiders of the New Genus Socalchemmis (Araneae, Tengellidae)' at 58% similarity, below the threshold for a match."
Wulfila (spider),journal,doi,10.3897/zookeys.570.6095,Catalogue of Texas spiders,verified,crossref,title matches record (100% similarity)
Teretiopsis nodicarinatus,journal,bibliographic,,Catalog of recent and fossil turrids (Mollusca: Gastropoda),verified,crossref,matched a Crossref record by title search (100% similarity); no DOI given in document
Roxochampsa,journal,doi,10.1371/journal.pone.0199984,"Reassessment of the enigmatic crocodyliform ""Goniopholis"" paulistanus Roxo, 1936: Historical approach, systematic, and description by new materials.",verified,crossref,title matches record (100% similarity)
Roxochampsa,journal,bibliographic,,"On a new species of fossil Crocodilia from Brazil, Goniopholis paulistanus sp. n.",not_found,crossref+openalex,"no indexed record matches this description. Closest was 'A new species of Parotocinclus (Loricariidae: Hypoptopomatinae) from Rio Tocantins basin, Brazil' at 59% similarity, below the threshold for a match."
Roxochampsa,journal,doi,10.1111/j.1096-3642.2011.00709.x,"A new Berriasian species of Goniopholis (Mesoeucrocodylia, Neosuchia) from England, and a review of the genus.",verified,crossref,title matches record (100% similarity)
Roxochampsa,journal,doi,10.1080/08912963.2022.2139179,"New Itasuchidae (Sebecia, Ziphosuchia) remains and the radiation of an elusive Mesoeucrocodylia clade",verified,crossref,title matches record (100% similarity)
Roxochampsa,journal,doi,10.1002/ar.25559,"A new Peirosauridae (Crocodyliformes, Notosuchia) from the Adamantina Formation (Bauru Group, Late Cretaceous), with a revised phylogenetic analysis of Sebecia",verified,crossref,title matches record (100% similarity)
Roxochampsa,journal,doi,10.1080/02724634.2025.2505473,"A new itasuchid (Crocodyliformes, Notosuchia) from the Early Cretaceous of Mali and the ancient Paleo-Tegama river system of Gondwana",verified,crossref,title matches record (100% similarity)
Roxochampsa,journal,doi,10.1016/j.jsames.2025.105718,"Crocodyliforms of the São José do Rio Preto Formation (Bauru Basin, Upper Cretaceous), taxonomic and preservational aspects",verified,crossref,title matches record (100% similarity)
Roxochampsa,journal,doi,10.1080/08912963.2021.2000603,"Dino on the menu: tooth traces in a sauropod epiphysis from the Presidente Prudente Formation (Campanian-Maastrichtian), Bauru Group, Brazil - palaeobiological and palaeoecological implications",verified,crossref,title matches record (100% similarity)
Nativar,journal,doi,10.17660/actahortic.2010.866.72,Chestnut Production in Michigan,verified,crossref,title matches record (100% similarity)
Nativar,journal,doi,10.1111/csp2.12801,The bee fauna associated with Pacific Northwest (USA) native plants for gardens,verified,crossref,title matches record (100% similarity)
Nativar,journal,doi,10.2478/fhort-2019-0015,Nectar and pollen production in ornamental cultivars of Prunus serrulata (Rosaceae),verified,crossref,title matches record (100% similarity)
Nativar,journal,doi,10.7717/peerj.9823,Suitability of native milkweed (Asclepias) species versus cultivars for supporting monarch butterflies and bees in urban gardens,verified,crossref,title matches record (100% similarity)
Nativar,journal,doi,10.21273/hortsci.42.6.1396,"Effects of New Cultivars of Ninebark on Feeding and Ovipositional Behavior of the Specialist Ninebark Beetle, Calligrapha spiraeae (Coleoptera: Chrysomelidae)",verified,crossref,title matches record (100% similarity)
Nativar,journal,doi,10.1111/eva.13243,Eight generations of native seed cultivation reduces plant fitness relative to the wild progenitor population,verified,crossref,title matches record (100% similarity)
Nativar,journal,doi,10.1016/j.ecoleng.2013.09.036,"From nursery into nature: A study on performance of cultivated varieties of native plants used in re-vegetation, their wild relatives and evolving wild×cultivar hybrids",verified,crossref,title matches record (100% similarity)
GRIK4,journal,doi,10.1073/pnas.91.25.11849,"The genes encoding the glutamate receptor subunits KA1 and KA2 (GRIK4 and GRIK5) are located on separate chromosomes in human, mouse, and rat",verified,crossref,title matches record (100% similarity)
GRIK4,web,bibliographic,,"Entrez Gene: GRIK3 glutamate receptor, ionotropic, kainate 4",not_found,crossref+openalex,"no indexed record matches this description. Closest was 'Glutamate receptor, ionotropic, kainate 4 (GRIK4; KA1)' at 89% similarity, below the threshold for a match."
GRIK4,journal,doi,10.1176/appi.ajp.2007.06111790,Association of GRIK4 with outcome of antidepressant treatment in the STAR*D cohort,verified,crossref,title matches record (100% similarity)
GRIK4,journal,doi,10.1073/pnas.0800643105,A common variant in the 3′UTR of the GRIK4 glutamate receptor gene affects transcript abundance and protects against bipolar disorder,verified,crossref,title matches record (100% similarity)
GRIK4,web,bibliographic,,Discovery Could Help Scientists Stop 'Death Cascade' Of Neurons After A Stroke,not_found,crossref+openalex,"no indexed record matches this description. Closest was ""Breast Cancer Discovery Could Help Stop Disease's Deadly Spread"" at 66% similarity, below the threshold for a match."
GRIK4,journal,doi,10.1083/jcb.200803107,Proteolytic fragments of laminin promote excitotoxic neurodegeneration by up-regulation of the KA1 subunit of the kainate receptor,verified,crossref,title matches record (100% similarity)
GRIK4,web,bibliographic,,"GRIK4, HTR2A markers indicate reduced risk of nonresponse to citalopram",not_found,crossref+openalex,"no indexed record matches this description. Closest was 'Bone turnover markers indicate risk of fracture' at 68% similarity, below the threshold for a match."
GRIK4,journal,doi,10.1016/j.cell.2004.11.040,Accelerated evolution of nervous system genes in the origin of Homo sapiens,verified,crossref,title matches record (100% similarity)
Mohammad Hussein Fadlallah,book,bibliographic,,Ayatollah Sayyid Muhammad Husayn Fadlallah and the Political Rise of Shias in Lebanon,not_found,crossref+openalex,"no indexed record matches this description. Closest was 'Sectarian relations from below: The case study of the Druze in Lebanon' at 48% similarity, below the threshold for a match."
Mohammad Hussein Fadlallah,web,bibliographic,,Sayyed Nasrallah re-elected for another term. - Free Online Library,verified,crossref,matched a Crossref record by title search (100% similarity); no DOI given in document
Mohammad Hussein Fadlallah,news,bibliographic,,"Grand Ayatollah Fadlallah, Shiite Cleric, Dies at 75",not_found,crossref+openalex,"no indexed record matches this description. Closest was 'Stable processes: moving averages versus fourier transforms' at 33% similarity, below the threshold for a match."
Mohammad Hussein Fadlallah,news,bibliographic,,MESS Report / The Late Ayatollah Fadlallah Was an Islamist Cleric Unlike Any Other,verified,crossref,matched a Crossref record by title search (100% similarity); no DOI given in document
Mohammad Hussein Fadlallah,web,bibliographic,,The Lebanese Armageddon in the New Iraq,not_found,crossref+openalex,"no indexed record matches this description. Closest was 'Why Has Lebanon Become a Failing State?' at 52% similarity, below the threshold for a match."
Mohammad Hussein Fadlallah,journal,doi,10.1080/00263206.2012.743887,Islamist Perspectives on International Relations: The Discourse of Sayyid Muhammad Hussein Fadlallah (1935–2010),verified,crossref,title matches record (100% similarity)
Mohammad Hussein Fadlallah,web,bibliographic,,Sayyed Fadlullah's Contributions to the Civil Society and the Downtrodden,not_found,crossref+openalex,"no indexed record matches this description. Closest was 'Civil Society Contributions to Policy Innovation in the PRC' at 73% similarity, below the threshold for a match."
Mohammad Hussein Fadlallah,journal,doi,10.1080/13530194.2015.1067159,The Islamic Realism of Sheikh Yusuf Qaradawi (1926–) and Sayyid Mohammad Hussein Fadlallah (1935–2010),verified,crossref,title matches record (100% similarity)
Necropolis,web,bibliographic,,Definition of NECROPOLIS,verified,crossref,matched a Crossref record by title search (100% similarity); no DOI given in document
Necropolis,web,bibliographic,,Iran: Time for travelers to return?,not_found,crossref+openalex,"no indexed record matches this description. Closest was 'Life Style Descriptors for Travelers' at 64% similarity, below the threshold for a match."
Necropolis,web,bibliographic,,"Bin Tepe, The Tumulus of Alyattes, and Karnıyarık Tepe",verified,crossref,matched a Crossref record by title search (100% similarity); no DOI given in document
Necropolis,web,bibliographic,,Myra – Ocean Necropolis,not_found,crossref+openalex,"no indexed record matches this description. Closest was 'Effect of Marine Sediments Associated with the Orange County, California, Ocean Outfall on the Survival and Growth of Juvenile <i>Neanthes arenaceodentata</i> (Annelida: Polychaeta)' at 38% similarity, below the threshold for a match."
Necropolis,journal,bibliographic,,"""Landscapes of life” and “landscapes of death”: the potential of funerary remains for the reconstruction of Roman topography",not_found,crossref+openalex,"no indexed record matches this description. Closest was '‘Landscapes of Life’ and ‘Landscapes of Death’: The Contribution of\n                        Funerary Evidence to the Understanding of the Perception and Organisation of\n                        Roman Rural Landscapes in Northern Italy' at 67% similarity, below the threshold for a match."
Necropolis,web,bibliographic,,List of Tombs Along the Appian Way - Madain Project (en),verified,crossref,matched a Crossref record by title search (100% similarity); no DOI given in document
Necropolis,journal,doi,10.1371/journal.pone.0271296,Food for the soul and food for the body. Studying dietary patterns and funerary meals in the Western Roman Empire: An anthropological and archaeozoological approach,verified,crossref,title matches record (100% similarity)
Necropolis,web,bibliographic,,"The town of Colma, where San Francisco's dead live",not_found,crossref+openalex,"no indexed record matches this description. Closest was 'Clemens of the ""Call"": Mark Twain in San Francisco' at 67% similarity, below the threshold for a match."
Mkia wa Ng'ombe,web,bibliographic,,Antiquities Division,verified,crossref,matched a Crossref record by title search (100% similarity); no DOI given in document
Mkia wa Ng'ombe,journal,doi,10.2307/220649,Early Swahili History Reconsidered,verified,crossref,title matches record (100% similarity)
Mkia wa Ng'ombe,thesis,bibliographic,,The economic basis and the location of same 'iron age' settlement on pemba and zanzibar,verified,crossref,matched a Crossref record by title search (81% similarity); no DOI given in document
Mkia wa Ng'ombe,journal,doi,10.1179/009346910x12707321358919,"Swahili Synoecism: Rural Settlements and Town Formation on the Central East African Coast, A.D. 750–1500",verified,crossref,title matches record (100% similarity)
Mkia wa Ng'ombe,book,bibliographic,,Zanzibar: Its History and Its People,verified,crossref,matched a Crossref record by title search (100% similarity); no DOI given in document
Cephaloleia aequilata,web,bibliographic,,Hispines of the World: Tribe Imatidiini,not_found,crossref+openalex,"no indexed record matches this description. Closest was 'Timing the Radiations of Leaf Beetles: Hispines on Gingers from Latest Cretaceous to Recent' at 57% similarity, below the threshold for a match."
Cephaloleia aequilata,journal,bibliographic,,"The genus Cephaloleia Chevrolat, 1836 (Coleoptera, Chrysomelidae, Cassidinae)",verified,crossref,matched a Crossref record by title search (100% similarity); no DOI given in document
Accessory pigment,journal,doi,10.1080/01140671.2009.9687587,Physiological role of carotenoids and other antioxidants in plants and application to turfgrass stress management,verified,crossref,title matches record (100% similarity)
Accessory pigment,book,bibliographic,,Aquatic Photosynthesis,verified,crossref,matched a Crossref record by title search (100% similarity); no DOI given in document
Accessory pigment,book,doi,10.1007/978-94-007-1038-2,Photosynthesis in Algae,verified,crossref,title matches record (100% similarity)
Accessory pigment,journal,doi,10.1038/ismej.2007.59,Colorful niches of phototrophic microorganisms shaped by vibrations of the water molecule,verified,crossref,title matches record (100% similarity)
Hyperamoeba,journal,doi,10.1111/j.1550-7408.2004.tb00391.x,A molecular biological approach to the phylogenetic position of the genus Hyperamoeba,verified,crossref,title matches record (100% similarity)
Hyperamoeba,journal,doi,10.1111/j.1550-7408.2009.00466.x,Invalidation of Hyperamoeba by transferring its species to other genera of Myxogastria,verified,crossref,title matches record (100% similarity)
Spillover of the Soviet–Afghan War in Pakistan,web,bibliographic,,Campaign for the caves of Zhawar,verified,crossref,matched a Crossref record by title search (95% similarity); no DOI given in document
Spillover of the Soviet–Afghan War in Pakistan,web,bibliographic,,Pakistan's F-16s Battled Soviet Jets – and Shot Down the Future Vice President of Russia,not_found,crossref+openalex,"no work matching this description appears in either Crossref or OpenAlex. Note that coverage of books, government reports and grey literature is incomplete even in OpenAlex, so this is evidence, not proof."
Spillover of the Soviet–Afghan War in Pakistan,book,bibliographic,,BACKLASH TO TODAY,not_found,crossref+openalex,"no indexed record matches this description. Closest was 'Obituary of Thiru Thirunamachandran' at 31% similarity, below the threshold for a match."
Spillover of the Soviet–Afghan War in Pakistan,news,bibliographic,,"AFGHANS DOWN A PAKISTANI F-16, SAYING FIGHTER JET CROSSED BORDER",not_found,crossref+openalex,"no indexed record matches this description. Closest was 'Elements of Political Satire in Koheleth 4,13–16; 9,13–16' at 41% similarity, below the threshold for a match."
Spillover of the Soviet–Afghan War in Pakistan,journal,doi,10.2307/2657738,The Stinger missile and U.S. intervention in Afghanistan,verified,crossref,title matches record (100% similarity)
Spillover of the Soviet–Afghan War in Pakistan,book,bibliographic,,The Making of Terrorism in Pakistan: Historical and Social Roots of Extremism,verified,crossref,matched a Crossref record by title search (100% similarity); no DOI given in document
Spillover of the Soviet–Afghan War in Pakistan,journal,doi,10.31703/girr.2020(iii-i).01,Pakistan – U.S. Relations and its Impact on Afghanistan,verified,crossref,title matches record (100% similarity)
Spillover of the Soviet–Afghan War in Pakistan,news,bibliographic,,Soviets twist Pakistan's arm over aid to Afghan guerrillas,not_found,crossref+openalex,"no indexed record matches this description. Closest was 'Annual report 2004 / Danish Committee for Aid to Afghan Refugees to Pakistan and Afghanistan (DACAAR).' at 55% similarity, below the threshold for a match."
Carphurus,journal,doi,10.1111/j.1096-0031.2011.00368.x,Molecular phylogenetics of the melyrid lineage (Coleoptera: Cleroidea),verified,crossref,title matches record (100% similarity)
Carphurus,journal,doi,10.1111/syen.12338,Comprehensive phylogeny of the Cleroidea (Coleoptera: Cucujiformia),verified,crossref,title matches record (100% similarity)
Bill Bamberger,web,bibliographic,,Hoop! Bill Bamberger Jr Visits the School – The Andrew Grene Foundation,not_found,crossref+openalex,"no indexed record matches this description. Closest was 'Mace, Andrew Stephen, (born 31 Dec. 1973), Senior UK Government Relations Officer, Bill &amp; Melinda Gates Foundation, since 2014' at 52% similarity, below the threshold for a match."
Bill Bamberger,web,bibliographic,,"Bill Bamberger, Author",not_found,crossref+openalex,"no indexed record matches this description. Closest was 'Emmott, William John, (Bill), (born 6 Aug. 1956), author and consultant' at 69% similarity, below the threshold for a match."
Bill Bamberger,news,bibliographic,,Flint Central's Other Yearbook,not_found,crossref+openalex,"no indexed record matches this description. Closest was 'Other Crustacean Species' at 48% similarity, below the threshold for a match."
Bill Bamberger,news,bibliographic,,UNC-CH Students Will Tour State,not_found,crossref+openalex,"no indexed record matches this description. Closest was 'More medical students for England' at 50% similarity, below the threshold for a match."
Bill Bamberger,web,bibliographic,,Bill Bamberger Discusses 'Hoops' Photo Series,not_found,crossref+openalex,"no indexed record matches this description. Closest was 'Bragg scattering of surface waves by a photo-induced array' at 50% similarity, below the threshold for a match."
Bill Bamberger,web,bibliographic,,Closing: The Life and Death of an American Factory,not_found,crossref+openalex,"no indexed record matches this description. Closest was 'George Scarborough: The Life and Death of a Lawman on the Closing Frontier.' at 74% similarity, below the threshold for a match."
Bill Bamberger,web,bibliographic,,'Photography is a really wonderful means of connecting with people': Q&A with photographer Bill Bamberger,not_found,crossref+openalex,"no indexed record matches this description. Closest was 'How People Change' at 52% similarity, below the threshold for a match."
Bill Bamberger,web,bibliographic,,Closing: The Life and Death of an American Factory,not_found,crossref+openalex,"no indexed record matches this description. Closest was 'George Scarborough: The Life and Death of a Lawman on the Closing Frontier.' at 74% similarity, below the threshold for a match."
Novo Nordisk Foundation,news,bibliographic,,Form 6-K NOVO NORDISK A S For: Mar 31,not_found,crossref+openalex,"no indexed record matches this description. Closest was 'ISO 9002 : NOVO Nordisk A/S' at 78% similarity, below the threshold for a match."
Novo Nordisk Foundation,web,bibliographic,,Novo Holdings Fact Sheet 2025-2026,not_found,crossref+openalex,"no work matching this description appears in either Crossref or OpenAlex. Note that coverage of books, government reports and grey literature is incomplete even in OpenAlex, so this is evidence, not proof."
Novo Nordisk Foundation,web,bibliographic,,August Krogh and the Nobel Prize to Banting and Macleod,not_found,crossref+openalex,"no indexed record matches this description. Closest was 'A mysterious something: The discovery of insulin and the 1923 Nobel Prize for Frederick G. Banting (1891–1941) and John J.R. Macleod (1876–1935)' at 81% similarity, below the threshold for a match."
Novo Nordisk Foundation,web,bibliographic,,"Novo Nordisk A/S (NVO): History, Ownership, Mission, How It Works & Makes Money",not_found,crossref+openalex,"no work matching this description appears in either Crossref or OpenAlex. Note that coverage of books, government reports and grey literature is incomplete even in OpenAlex, so this is evidence, not proof."
Novo Nordisk Foundation,web,bibliographic,,Novo Nordisk (NVO) Deep Dive,not_found,crossref+openalex,"no indexed record matches this description. Closest was 'Walmart–Novo Nordisk insulin offers deep discounts to select few' at 79% similarity, below the threshold for a match."
Novo Nordisk Foundation,web,bibliographic,,Novo Nordisk Fonden: The largest foundation in the world you've probably never heard of,not_found,crossref+openalex,"no work matching this description appears in either Crossref or OpenAlex. Note that coverage of books, government reports and grey literature is incomplete even in OpenAlex, so this is evidence, not proof."
Novo Nordisk Foundation,web,bibliographic,,Top 10 Foundations in the World Leading Global Change in 2025 — Biggest Charitable Foundations,verified,crossref,matched a Crossref record by title search (100% similarity); no DOI given in document
Novo Nordisk Foundation,web,bibliographic,,Novo Holdings - Novo Group,not_found,crossref+openalex,"no indexed record matches this description. Closest was 'Novo Holdings invests in fungi firms' at 81% similarity, below the threshold for a match."
Corruption in Uganda,web,bibliographic,,Uganda Corruption Profile,verified,crossref,matched a Crossref record by title search (100% similarity); no DOI given in document
Corruption in Uganda,journal,doi,10.1080/14662040802005336,Elite Corruption and Politics in Uganda,verified,crossref,title matches record (100% similarity)
Corruption in Uganda,journal,doi,10.2307/20039917,Human Rights and Economic Power: The United States versus Idi Amin,verified,crossref,title matches record (100% similarity)
Corruption in Uganda,journal,doi,10.1080/01436599913668,The state of corruption: A case study of Uganda,verified,crossref,title matches record (100% similarity)
Corruption in Uganda,book,bibliographic,,Political Corruption: Concepts and Contexts,verified,crossref,matched a Crossref record by title search (86% similarity); no DOI given in document
Corruption in Uganda,web,bibliographic,,Scandal: Leaked Document Exposes Hidden Secrets in OPM,not_found,crossref+openalex,"no indexed record matches this description. Closest was 'nothing' at 0% similarity, below the threshold for a match."
Corruption in Uganda,web,bibliographic,,The ABCs of the CPI: How the Corruption Perceptions Index is calculated,verified,crossref,matched a Crossref record by title search (100% similarity); no DOI given in document
Corruption in Uganda,web,bibliographic,,Corruption Perceptions Index 2025: Global scores,verified,crossref,matched a Crossref record by title search (92% similarity); no DOI given in document
British Rail Class 142,book,bibliographic,,Vehicle Diagram Book No. 220 for Diesel Multiple Unit Trains (Railcars),not_found,crossref+openalex,"no indexed record matches this description. Closest was 'Specification for electrical control couplers for diesel locomotives and diesel multiple unit trains' at 63% similarity, below the threshold for a match."
British Rail Class 142,book,bibliographic,,British Railways Pocket Book No. 3: DMUs & Channel Tunnel Stock,not_found,crossref+openalex,"no indexed record matches this description. Closest was 'BOOK REVIEW' at 53% similarity, below the threshold for a match."
British Rail Class 142,web,bibliographic,,Passenger Focus response to Network Rail's North West Route Utilisation Strategy,not_found,crossref+openalex,"no indexed record matches this description. Closest was 'Figure 11.11. Rail network utilisation (2015)' at 76% similarity, below the threshold for a match."
British Rail Class 142,book,bibliographic,,British Railways Pocket Book No. 3: Diesel Multiple Units 2010,not_found,crossref+openalex,"no indexed record matches this description. Closest was 'Book Reviews' at 50% similarity, below the threshold for a match."
British Rail Class 142,book,bibliographic,,Leyland Titan Technical Data,not_found,crossref+openalex,"no indexed record matches this description. Closest was 'The Leyland Titan' at 87% similarity, below the threshold for a match."
British Rail Class 142,book,bibliographic,,Engine Performance Curve LTA10-G2,not_found,crossref+openalex,"no indexed record matches this description. Closest was 'Modeling a Yield Curve under G2++' at 50% similarity, below the threshold for a match."
British Rail Class 142,web,bibliographic,,Regional Passenger Trains: Class 142,not_found,crossref+openalex,"no indexed record matches this description. Closest was 'Ergonomic Intervention in Passenger Seat Design: Case Study on Economy Class Trains' at 77% similarity, below the threshold for a match."
British Rail Class 142,book,bibliographic,,British Railways Locomotives & Coaching Stock 2018,not_found,crossref+openalex,"no indexed record matches this description. Closest was 'Wheel/rail adhesion: its relation to rail contamination on british railways' at 55% similarity, below the threshold for a match."
Rickets,web,bibliographic,,"Rickets, Vitamin D Deficiency",verified,crossref,matched a Crossref record by title search (100% similarity); no DOI given in document
Rickets,journal,doi,10.1080/20469047.2016.1248170,Nutritional rickets around the world: an update,verified,crossref,title matches record (100% similarity)
Rickets,web,bibliographic,,Rickets - OrthoInfo - AAOS,not_found,crossref+openalex,"no indexed record matches this description. Closest was 'AAOS OrthoInfo provides more accessible information regarding femoroacetabular impingement than ChatGPT-4 while information accuracy is comparable' at 78% similarity, below the threshold for a match."
Rickets,book,bibliographic,,Netter's Pediatrics E-Book,not_found,crossref+openalex,"no indexed record matches this description. Closest was 'Book review' at 53% similarity, below the threshold for a match."
Rickets,journal,doi,10.5435/jaaosglobal-d-19-00009,Growth Modulation for Knee Coronal Plane Deformities in Children With Nutritional Rickets: A Prospective Series With Treatment Algorithm,verified,crossref,title matches record (100% similarity)
Rickets,web,bibliographic,,Evidence in the bones reveals rickets in Roman times,verified,crossref,matched a Crossref record by title search (100% similarity); no DOI given in document
Rickets,journal,doi,10.1542/peds.112.2.e132,"Vitamin D, cod-liver oil, sunlight, and rickets: a historical perspective",verified,crossref,title matches record (100% similarity)
Rickets,web,bibliographic,,Cod Liver Oil: History,verified,crossref,matched a Crossref record by title search (100% similarity); no DOI given in document
Bogong moth,book,bibliographic,,"Faune Entomologique de l'Océan Pacifique, Avec l'Illustration des Insectes Nouveaux Recueillis Pendant le Voyage",verified,crossref,matched a Crossref record by title search (100% similarity); no DOI given in document
Bogong moth,book,bibliographic,,"Faune Entomologique de l'Océan Pacifique, Avec l'Illustration des Insectes Nouveaux Recueillis Pendant le Voyage",verified,crossref,matched a Crossref record by title search (100% similarity); no DOI given in document
Bogong moth,journal,doi,10.1071/zo9540223,"A study of the ecology of the adult bogong moth, Agrotis infusa (Boisd) (Lepidoptera: Noctuidae), with special reference to its behaviour during migration and aestivation.",verified,crossref,title matches record (100% similarity)
Bogong moth,journal,doi,10.3389/fnbeh.2016.00077,The Australian Bogong Moth Agrotis infusa: A Long-Distance Nocturnal Navigator,verified,crossref,title matches record (100% similarity)
Bogong moth,web,bibliographic,,Mount Bogong: 2958: Historical Information,not_found,crossref+openalex,"no indexed record matches this description. Closest was 'bogong, n.' at 86% similarity, below the threshold for a match."
Bogong moth,web,bibliographic,,ParlInfo - Bogong moths and Parliament House,verified,crossref,matched a Crossref record by title search (100% similarity); no DOI given in document
Bogong moth,web,bibliographic,,Mount Bogong: 2957: Historical Information,not_found,crossref+openalex,"no indexed record matches this description. Closest was 'bogong, n.' at 86% similarity, below the threshold for a match."
Bogong moth,book,bibliographic,,Taungurung: liwik-nganjin-al ngula-dhan yaawinbu yananinon,not_found,crossref+openalex,"no indexed record matches this description. Closest was 'An overview of Taungurung history since invasion' at 50% similarity, below the threshold for a match."
Recollects,book,bibliographic,,Pour La Gloire De Dieu Et Du Roi: Les Récollets En Nouvelle-France Au XVII Et XVIII Siècles,verified,crossref,matched a Crossref record by title search (75% similarity); no DOI given in document
Recollects,book,bibliographic,,"Voyages of Samuel de Champlian, 1604–1618",verified,crossref,matched a Crossref record by title search (78% similarity); no DOI given in document
Recollects,book,bibliographic,,Pour La Gloire De Dieu Et Du Roi: Les Récollets En Nouvelle-France Au XVII Et XVIII Siècles.,verified,crossref,matched a Crossref record by title search (75% similarity); no DOI given in document
Recollects,book,bibliographic,,Pour La Gloire De Dieu Et Du Roi: Les Récollets En Nouvelle-France Au XVII Et XVIII Siècles.,verified,crossref,matched a Crossref record by title search (75% similarity); no DOI given in document
Recollects,book,bibliographic,,Pour La Gloire De Dieu Et Du Roi: Les Récollets En Nouvelle-France Au XVII Et XVIII Siècles.,verified,crossref,matched a Crossref record by title search (75% similarity); no DOI given in document
Recollects,web,bibliographic,,Les Récollets Au Québec.,verified,crossref,matched a Crossref record by title search (77% similarity); no DOI given in document
Recollects,book,bibliographic,,"Voyages of Samuel de Champlian, 1604–1618",verified,crossref,matched a Crossref record by title search (78% similarity); no DOI given in document
Recollects,web,bibliographic,,Les Récollets Au Québec.,verified,crossref,matched a Crossref record by title search (77% similarity); no DOI given in document
Psychrobacter pygoscelis,journal,bibliographic,,Species: Psychrobacter pygoscelis,not_found,crossref+openalex,"no indexed record matches this description. Closest was 'Exemplar Abstract for Psychrobacter pygoscelis Kämpfer et al. 2020.' at 86% similarity, below the threshold for a match."
Psychrobacter pygoscelis,journal,doi,10.1099/ijsem.0.003739,Psychrobacter pygoscelis sp. nov. isolated from the penguin Pygoscelis papua,verified,crossref,title matches record (100% similarity)
Psychrobacter pygoscelis,journal,bibliographic,,www.uniprot.org,not_found,crossref+openalex,"no indexed record matches this description. Closest was 'Uncovering protein function with UniProt' at 64% similarity, below the threshold for a match."
Eudesmia arida,web,bibliographic,,Species Eudesmia arida - Arid Eudesmia - Hodges#8096,not_found,crossref+openalex,"no indexed record matches this description. Closest was 'On the occurrence of a new species of Garnet at Port Cygnet' at 42% similarity, below the threshold for a match."
Eudesmia arida,journal,doi,10.5519/s93616qw,Search results Family: Arctiidae,mismatch,openalex,"not in Crossref, but OpenAlex holds it (dataset): identifier resolves to a DIFFERENT work. Document claims 'Search results Family: Arctiidae'; record holds 'Butterflies and Moths of the World' (37% similarity)"
Čiovo,journal,doi,10.15291/geoadria.127,Coastline lengths and areas of islands in the Croatian part of the Adriatic Sea determined from the topographic maps at the scale of 1 : 25 000,verified,crossref,title similarity low (44%) but authors agree (100%) — likely the same work recorded differently
Čiovo,web,bibliographic,,Službeno ime čiovskog mosta izazvalo šok i nevjericu u Trogiru ...,not_found,crossref+openalex,"no indexed record matches this description. Closest was 'KONCEPCIJA UREĐENJA REKE JUŽNE MORAVE U ZONI MOSTA GRAOVO U GRDELIČKOJ KLISURI' at 43% similarity, below the threshold for a match."
Čiovo,web,bibliographic,,Otvoren je novi čiovski most! ...,not_found,crossref+openalex,"no indexed record matches this description. Closest was 'Impact of Climate Change on the Soil Water Balance Components in the Area of Sanski Most (Bosnia and Herzegovina)' at 30% similarity, below the threshold for a match."
Čiovo,book,bibliographic,,Most Kopno - otok Čiovo,not_found,crossref+openalex,"no indexed record matches this description. Closest was 'Kopno, kopno na vidiku!' at 50% similarity, below the threshold for a match."
Čiovo,web,bibliographic,,Je li konačno stiže kraj gužvama od Trogira do Čiova? ...,not_found,crossref+openalex,"no indexed record matches this description. Closest was 'OD PRINCA DO MONAHA: PREDSTAVE MLADOSTI SVETOG SAVE U SRPSKOM POSTVIZANTIJSKOM SLIKARSTVU' at 41% similarity, below the threshold for a match."
Čiovo,book,bibliographic,,Most kopno - otok Čiovo s pristupnim cestama u Trogiru,not_found,crossref+openalex,"no indexed record matches this description. Closest was 'The impact of earthquakes on the frequency and prognosis of the most common emergency cardiac conditions' at 44% similarity, below the threshold for a match."
Čiovo,web,bibliographic,,:: About Okrug - A Few Facts About its History:: The Official Website of the Tourist Board of the Municipality of Okrug :: As Part of the Tourist Board of the Split - Dalmatia County,not_found,crossref+openalex,"no indexed record matches this description. Closest was 'Tourist pediatric morbidity during their visit to Split-Dalmatia County' at 58% similarity, below the threshold for a match."
Čiovo,journal,bibliographic,,Prilog poznavanju starih naziva naših otoka,not_found,crossref+openalex,"no work matching this description appears in either Crossref or OpenAlex. Note that coverage of books, government reports and grey literature is incomplete even in OpenAlex, so this is evidence, not proof."
Leonard B. Strang,web,bibliographic,,Professor Leonard B. Strang - RCPCH,not_found,crossref+openalex,"no indexed record matches this description. Closest was 'James Spence Medallist 1990. Professor Leonard B. Strang.' at 90% similarity, below the threshold for a match."
Leonard B. Strang,web,bibliographic,,Obituary: Professor Leonard Strang,verified,crossref,matched a Crossref record by title search (100% similarity); no DOI given in document
Leonard B. Strang,journal,bibliographic,,Leonard Birnie Strang,not_found,crossref+openalex,"no indexed record matches this description. Closest was 'Birnie, F.' at 86% similarity, below the threshold for a match."
Leonard B. Strang,journal,doi,10.1136/adc.65.10.1101,Professor Leonard B Strang,verified,crossref,title matches record (100% similarity)
Thomas T. Allsen,web,bibliographic,,Thomas T. Allsen (1940–2019),not_found,crossref+openalex,"no indexed record matches this description. Closest was 'Thomas v National Union of Mineworkers [1986] Ch 20' at 46% similarity, below the threshold for a match."
Thomas T. Allsen,news,bibliographic,,Thomas T. Allsen,verified,crossref,matched a Crossref record by title search (100% similarity); no DOI given in document
Thomas T. Allsen,journal,bibliographic,,Festschrift for Thomas T. Allsen in Celebration of His 75th Birthday,not_found,crossref+openalex,"no indexed record matches this description. Closest was 'Notes on Contributors' at 36% similarity, below the threshold for a match."
Thomas T. Allsen,news,bibliographic,,Thomas T. Allsen – Obituary,not_found,crossref+openalex,"no indexed record matches this description. Closest was 'Thomas T. Allsen. Culture and Conquest in Mongol Eurasia.' at 77% similarity, below the threshold for a match."
Thomas T. Allsen,book,bibliographic,,Culture and Conquest in Mongol Eurasia,verified,crossref,matched a Crossref record by title search (100% similarity); no DOI given in document
Thomas T. Allsen,web,bibliographic,,"Mongol Imperialism: The Policies of the Grand Qan Möngke in China, Russia, and the Islamic Lands, 1251-1259",verified,crossref,matched a Crossref record by title search (100% similarity); no DOI given in document
Thomas T. Allsen,web,bibliographic,,Archivum Eurasiae Medii Aevi III 1983,not_found,crossref+openalex,"no indexed record matches this description. Closest was 'Conjecturae in poetas aliquot medii aevi' at 57% similarity, below the threshold for a match."
Nebuchadnezzar Chronicle,web,bibliographic,,ABC 5 (Jerusalem Chronicle),not_found,crossref+openalex,"no work matching this description appears in either Crossref or OpenAlex. Note that coverage of books, government reports and grey literature is incomplete even in OpenAlex, so this is evidence, not proof."
Nebuchadnezzar Chronicle,web,bibliographic,,ABC 4 ( Late Years of Nabopolassar),not_found,crossref+openalex,"no work matching this description appears in either Crossref or OpenAlex. Note that coverage of books, government reports and grey literature is incomplete even in OpenAlex, so this is evidence, not proof."
Nebuchadnezzar Chronicle,web,bibliographic,,ABC 5 (Jerusalem Chronicle),not_found,crossref+openalex,"no work matching this description appears in either Crossref or OpenAlex. Note that coverage of books, government reports and grey literature is incomplete even in OpenAlex, so this is evidence, not proof."
Nebuchadnezzar Chronicle,journal,doi,10.1086/666831,The Babylonian Chronicles: Classification and Provenance,verified,crossref,title matches record (100% similarity)
Nebuchadnezzar Chronicle,web,bibliographic,,"Wiseman, 1956, pages 1+2",not_found,crossref+openalex,"no indexed record matches this description. Closest was 'Mr. Max Wiseman' at 67% similarity, below the threshold for a match."
Nebuchadnezzar Chronicle,web,bibliographic,,"Chronicle Concerning the Early Years of Nebuchadnezzar II. Retrieved July 18, 2010.",not_found,crossref+openalex,"no indexed record matches this description. Closest was 'The Samaritan Chronicle No. II (or: Sepher Ha-Yamim)' at 50% similarity, below the threshold for a match."
Stephen Graham Jones,web,bibliographic,,"Stephen Graham Jones on writing horror and its inverse, romance",verified,crossref,matched a Crossref record by title search (100% similarity); no DOI given in document
Stephen Graham Jones,web,bibliographic,,Interview: Stephen Graham Jones on The Weird - Weird Fiction Review,not_found,crossref+openalex,"no indexed record matches this description. Closest was 'Weird Flora:' at 62% similarity, below the threshold for a match."
Stephen Graham Jones,web,bibliographic,,Stephen Graham Jones – doesn't understand milk-drinking,not_found,crossref+openalex,"no indexed record matches this description. Closest was 'Treating High-Risk Offenders with Personality Disorder' at 43% similarity, below the threshold for a match."
Stephen Graham Jones,web,bibliographic,,Stephen Graham Jones,verified,crossref,matched a Crossref record by title search (100% similarity); no DOI given in document
Stephen Graham Jones,web,bibliographic,,Texas Archival Resources Online,not_found,crossref+openalex,"no indexed record matches this description. Closest was 'The Texas Consortium to Microfilm Mexican Archival Resources' at 87% similarity, below the threshold for a match."
Stephen Graham Jones,web,bibliographic,,"Jones, Stephen Graham 1972-",verified,crossref,matched a Crossref record by title search (100% similarity); no DOI given in document
Stephen Graham Jones,web,bibliographic,,Texas Book Festival names Midland native Stephen Graham Jones winner of the Texas Writer Award,not_found,crossref+openalex,"no work matching this description appears in either Crossref or OpenAlex. Note that coverage of books, government reports and grey literature is incomplete even in OpenAlex, so this is evidence, not proof."
Stephen Graham Jones,web,bibliographic,,Rez Gothic: Stephen Graham Jones,not_found,crossref+openalex,"no indexed record matches this description. Closest was 'PROFILE: Stephen Hearns' at 57% similarity, below the threshold for a match."
Animals' Party,web,bibliographic,,Konsult startar Djurens parti,not_found,crossref+openalex,"no indexed record matches this description. Closest was 'Kuratorn som konsult och behandlare i primärvården' at 51% similarity, below the threshold for a match."
Animals' Party,web,bibliographic,,Animal Welfare Parties in Europe - ESDAW-EU,verified,crossref,matched a Crossref record by title search (91% similarity); no DOI given in document
Animals' Party,web,bibliographic,,Djurens parti - Party for the Animals,not_found,crossref+openalex,"no indexed record matches this description. Closest was 'Party of Hardship: The Evolution of Malaysia’s Parti Keadilan Rakyat' at 60% similarity, below the threshold for a match."
Animals' Party,journal,doi,10.1080/13569775.2018.1434450,‘Animals first!’ The rise of animal advocacy parties in the EU: a new party family,verified,crossref,title matches record (100% similarity)
Animals' Party,journal,doi,10.1080/13569775.2018.1434450,‘Animals first!’ The rise of animal advocacy parties in the EU: a new party family,verified,crossref,title matches record (100% similarity)
Animals' Party,web,bibliographic,,Konsult startar Djurens parti,not_found,crossref+openalex,"no indexed record matches this description. Closest was 'Kuratorn som konsult och behandlare i primärvården' at 51% similarity, below the threshold for a match."
Animals' Party,journal,doi,10.1080/13569775.2018.1434450,‘Animals first!’ The rise of animal advocacy parties in the EU: a new party family,verified,crossref,title matches record (100% similarity)
Animals' Party,web,bibliographic,,"Hej! Vi hoppas att ni alla har en bra sommar. ☀️ Som ni säkert märkt så har det varit tyst från oss en längre tid. Vi vill bekräfta att partiet är satt på paus och att vi därmed inte deltager i höstens val. Vi återkommer med mer information gällande framtiden efter valet. Med vänlig hälsning, Styrelsen",not_found,crossref+openalex,"no indexed record matches this description. Closest was '”Det har inte bara att göra med teknik i sig, utan det är även ett sätt att arbeta”' at 59% similarity, below the threshold for a match."
Dorothy Okello,book,bibliographic,,"Internet management for nonprofits : strategies, tools & trade secrets",not_found,crossref+openalex,"no indexed record matches this description. Closest was 'Tools for Effective Management of Disposal of Dredged Material in an Ocean Environment' at 53% similarity, below the threshold for a match."
Dorothy Okello,book,bibliographic,,Social and Economic Effects of Community Wireless Networks and Infrastructures,not_found,crossref+openalex,"no indexed record matches this description. Closest was 'Introduction to Social and Economic Effects of Community Wireless Networks' at 89% similarity, below the threshold for a match."
Dorothy Okello,web,bibliographic,,Engineer Dr. Dorothy Okello sparkles in male-dominated profession,not_found,crossref+openalex,"no work matching this description appears in either Crossref or OpenAlex. Note that coverage of books, government reports and grey literature is incomplete even in OpenAlex, so this is evidence, not proof."
Dorothy Okello,web,bibliographic,,Eng. Dr. Dorothy Okello – UCC: Uganda Communications Commission,not_found,crossref+openalex,"no indexed record matches this description. Closest was 'Relationship between budget information gathering and the financial performance of uganda communications commission. A cross-sectional study.' at 71% similarity, below the threshold for a match."
Dorothy Okello,web,bibliographic,,Dr. Dorothy Okello – Short Profile,verified,crossref,matched a Crossref record by title search (100% similarity); no DOI given in document
Dorothy Okello,book,bibliographic,,"African Women and ICTs: Investigating Technology, Gender and Empowerment",verified,crossref,matched a Crossref record by title search (100% similarity); no DOI given in document
Dorothy Okello,web,bibliographic,,African Digital Woman Announced,not_found,crossref+openalex,"no indexed record matches this description. Closest was 'Extra funding announced for digital care records initiative' at 71% similarity, below the threshold for a match."
Dorothy Okello,web,bibliographic,,Dr Dorothy Okello wins Women Achievers Award,not_found,crossref+openalex,"no indexed record matches this description. Closest was 'DR. SZCZESNIAK WINS ANOTHER AWARD' at 58% similarity, below the threshold for a match."
STX11,web,bibliographic,,Entrez Gene: STX11 syntaxin 11,verified,crossref,matched a Crossref record by title search (100% similarity); no DOI given in document
STX11,journal,doi,10.1038/nature04209,Towards a proteome-scale map of the human protein–protein interaction network,verified,crossref,title matches record (100% similarity)
STX11,journal,doi,10.1016/j.cell.2005.08.029,A human protein–protein interaction network: a resource for annotating the proteome,verified,crossref,title matches record (100% similarity)
STX11,journal,doi,10.1242/jcs.112.6.845,Syntaxin 11 is associated with SNAP-23 on late endosomes and the trans-Golgi network,verified,crossref,title matches record (100% similarity)
STX11,journal,doi,10.1074/jbc.273.17.10317,Seven novel mammalian SNARE proteins localize to distinct membrane compartments,verified,crossref,title matches record (100% similarity)
STX11,journal,doi,10.1006/bbrc.1998.8490,Syntaxin 11: a member of the syntaxin family without a carboxyl terminal transmembrane domain,verified,crossref,title matches record (100% similarity)
STX11,journal,doi,10.1242/jcs.112.6.845,Syntaxin 11 is associated with SNAP-23 on late endosomes and the trans-Golgi network,verified,crossref,title matches record (100% similarity)
STX11,journal,doi,10.1002/jlb.65.3.397,Co-expression of several human syntaxin genes in neutrophils and differentiating HL-60 cells: variant isoforms and detection of syntaxin 1,verified,crossref,title matches record (100% similarity)
"Gnalta, New South Wales",journal,doi,10.5194/hess-11-1633-2007,Updated world map of the Köppen–Geiger climate classification,verified,crossref,title matches record (100% similarity)
Kristine Jarinovska,web,bibliographic,,"Dr. iur. Ivans Jānis Mihailovs, Mg. iur., Bc. paed. Rihards Erdmanis ""The Doctrine of “in Loco Parentis” in Anglo-Saxon Legal Systems and in the Republic of Latvia"", Journal of the University of Latvia. Law, No. 15, 2022 pp. 293–308",verified,crossref,matched a Crossref record by title search (100% similarity); no DOI given in document
Kristine Jarinovska,web,bibliographic,,NEWLY ADMITTED ADVOCATES GIVE OATH ON 11TH DECEMBER 2020 &#124; Latvijas Zvērinātu advokātu kolēģija,not_found,crossref+openalex,"no indexed record matches this description. Closest was 'advocates-international-newsletter-december' at 59% similarity, below the threshold for a match."
Kristine Jarinovska,web,bibliographic,,Čekas mājā atvērs jaunāko VDK komisijas pētījumu,verified,crossref,matched a Crossref record by title search (100% similarity); no DOI given in document
Kristine Jarinovska,web,bibliographic,,Latvia Ministers,verified,crossref,matched a Crossref record by title search (100% similarity); no DOI given in document
Kristine Jarinovska,web,bibliographic,,"""Popular Initiatives as Means of Altering the Core of the Republic of Latvia"", Juridica International, 2013.",verified,crossref,matched a Crossref record by title search (100% similarity); no DOI given in document
Kristine Jarinovska,web,bibliographic,,Juridica International: HOME,verified,crossref,matched a Crossref record by title search (100% similarity); no DOI given in document
Kristine Jarinovska,web,bibliographic,,Juridiskās fakultātes studentu panākumi pasaules lielākajā tiesu izspēlē,not_found,crossref+openalex,"no indexed record matches this description. Closest was 'Tiesu kalendāri - 19. gadsimta latviešu juridiskās kultūras straujā lēciena spogulis' at 55% similarity, below the threshold for a match."
Kristine Jarinovska,web,bibliographic,,"Muižnieks, I. Chairman of the RGSL Board, 2004-2015, Rector of the University of Latvia. RGSL. p. 31, 32",not_found,crossref+openalex,"no indexed record matches this description. Closest was 'Denham, Henry George, (1880–15 Feb. 1943), Professor of Chemistry, Canterbury University College, Christchurch, NZ, since 1923, Chairman of Professorial Board and Rector of the College since 1941' at 65% similarity, below the threshold for a match."
Xala (novel),journal,doi,10.17159/tl.v57i2.7967,La femme et le mariage: Du mot à l'image—Xala d'Ousmane Sembene,verified,crossref,title matches record (100% similarity)
Xala (novel),journal,bibliographic,,"Ousmane Sembène's ""Xala:"" the Novel, the Film, and Their Audiences",not_found,crossref+openalex,"no indexed record matches this description. Closest was ""African Writing Projected onto the Screen: Sambizanga, Xala, and Kongi's Harvest"" at 58% similarity, below the threshold for a match."
Elizabeth Gould (illustrator),book,bibliographic,,Australian Dictionary of Biography,verified,crossref,matched a Crossref record by title search (100% similarity); no DOI given in document
Elizabeth Gould (illustrator),web,bibliographic,,Botany in the Breakfast Room,not_found,crossref+openalex,"no work matching this description appears in either Crossref or OpenAlex. Note that coverage of books, government reports and grey literature is incomplete even in OpenAlex, so this is evidence, not proof."
Elizabeth Gould (illustrator),web,bibliographic,,Elizabeth Gould,verified,crossref,matched a Crossref record by title search (100% similarity); no DOI given in document
Elizabeth Gould (illustrator),book,bibliographic,,The natural history of Edward Lear (1812-1888),verified,crossref,matched a Crossref record by title search (87% similarity); no DOI given in document
Elizabeth Gould (illustrator),web,bibliographic,,Elizabeth Gould · John Gould: Bird Illustration in the Age of Darwin · KU Libraries Exhibits,verified,crossref,matched a Crossref record by title search (100% similarity); no DOI given in document
Elizabeth Gould (illustrator),book,bibliographic,,Birds of the World: The Art of Elizabeth Gould,not_found,crossref+openalex,"no indexed record matches this description. Closest was '&lt;em&gt;The Manchester Art Treasures Exhibition of 1857: Entrepreneurs, Connoisseurs and the Public&lt;/em&gt;, by Elizabeth A. Pergam' at 69% similarity, below the threshold for a match."
Elizabeth Gould (illustrator),web,bibliographic,,John Gould (1804-81) - A Century of birds from the Himalaya Mountains,verified,crossref,matched a Crossref record by title search (92% similarity); no DOI given in document
Elizabeth Gould (illustrator),book,bibliographic,,A century of birds from the Himalaya Mountains.,verified,crossref,matched a Crossref record by title search (100% similarity); no DOI given in document
The Religion of India,journal,doi,10.1177/0038038582016004004,"Max Weber, Capitalism and the Religion of India",verified,crossref,title matches record (100% similarity)
The Religion of India,journal,doi,10.15543/maxweberstudies.18.1.122,Revisiting Max Weber's Religion of India,not_found,crossref+openalex,Neither Crossref nor OpenAlex holds a record for this DOI. Two independent indexes have no registration for it.
The Religion of India,journal,bibliographic,,Review of The Religion of India: The Sociology of Hinduism and Buddhism,verified,crossref,matched a Crossref record by title search (94% similarity); no DOI given in document
The Religion of India,journal,doi,10.2307/2096180,Review of The Religion of India: The Sociology of Hinduism and Buddhism.,verified,crossref,title matches record (100% similarity)
The Religion of India,web,bibliographic,,General References,verified,crossref,matched a Crossref record by title search (100% similarity); no DOI given in document
Salvia chicamochae,journal,doi,10.2307/4110799,The Genus Salvia (Labiatae) in Colombia,verified,crossref,title matches record (100% similarity)
Strontium-90,web,bibliographic,,Strontium &#124; Radiation Protection &#124; US EPA,not_found,crossref+openalex,"no indexed record matches this description. Closest was 'Radiation protection - 1975, annual EPA review of radiation protection activities' at 74% similarity, below the threshold for a match."
Strontium-90,web,bibliographic,,Livechart - Table of Nuclides - Nuclear structure and decay data,not_found,crossref+openalex,"no indexed record matches this description. Closest was 'Nuclear structure effects in the proton decay of odd-odd nuclides' at 74% similarity, below the threshold for a match."
Strontium-90,journal,doi,10.1289/ehp.119-a244,HAZARDOUS WASTE: Pond Algae Sequester Strontium-90,verified,crossref,title matches record (100% similarity)
Strontium-90,journal,doi,10.3390/ijerph110606099,Biosorption of Strontium from Simulated Nuclear Wastewater by Scenedesmus spinosus under Culture Conditions: Adsorption and Bioaccumulation Processes and Models,verified,crossref,title matches record (100% similarity)
Strontium-90,web,bibliographic,,NRC: Glossary -- Bone seeker,verified,crossref,matched a Crossref record by title search (100% similarity); no DOI given in document
Strontium-90,web,bibliographic,,Freshwater Ecology and Human Influence,not_found,crossref+openalex,"no indexed record matches this description. Closest was 'The Influence of Altered Habitat: Landscape Ecology of Freshwater Turtles in Rhode Island' at 85% similarity, below the threshold for a match."
Strontium-90,web,bibliographic,,Radioisotopes That May Impact Food Resources,not_found,crossref+openalex,"no indexed record matches this description. Closest was 'Radioisotopes May Sterilize Food, Power Flashlights' at 67% similarity, below the threshold for a match."
Strontium-90,web,bibliographic,,Human Health Fact Sheet: Strontium,not_found,crossref+openalex,"no indexed record matches this description. Closest was 'The environment and human health; USGS science for solutions' at 57% similarity, below the threshold for a match."
Borde–Guth–Vilenkin theorem,book,bibliographic,,Cosmology for the Curious,verified,crossref,matched a Crossref record by title search (100% similarity); no DOI given in document
Borde–Guth–Vilenkin theorem,journal,doi,10.1103/physrevlett.90.151301,Inflationary space-times are incomplete in past directions,verified,crossref,title matches record (99% similarity)
Borde–Guth–Vilenkin theorem,book,bibliographic,,Cosmology for the Curious,verified,crossref,matched a Crossref record by title search (100% similarity); no DOI given in document
Borde–Guth–Vilenkin theorem,book,bibliographic,,"The Kalam Cosmological Argument, Volume 2: Scientific Evidence for the Beginning of the Universe",verified,crossref,matched a Crossref record by title search (80% similarity); no DOI given in document
Borde–Guth–Vilenkin theorem,book,bibliographic,,Scientific Approaches to the Philosophy of Religion,not_found,crossref+openalex,"no indexed record matches this description. Closest was 'Global Philosophy of Religion and its Challenges' at 63% similarity, below the threshold for a match."
Borde–Guth–Vilenkin theorem,book,bibliographic,,Classical and Quantum Cosmology,verified,crossref,matched a Crossref record by title search (83% similarity); no DOI given in document
Borde–Guth–Vilenkin theorem,web,bibliographic,,Post-Debate Reflections,not_found,crossref+openalex,"no indexed record matches this description. Closest was 'Reflections on the Reflections' at 76% similarity, below the threshold for a match."
Borde–Guth–Vilenkin theorem,journal,doi,10.1103/physrevd.88.043516,Arrows of time and the beginning of the universe,verified,crossref,title matches record (100% similarity)
1857 Atlantic hurricane season,report,bibliographic,,North Atlantic Hurricane Basin (1851-2018) Comparison of Original and Revised HURDAT,not_found,crossref+openalex,"no indexed record matches this description. Closest was 'Hurricane Alex (North Atlantic, January 2016)' at 73% similarity, below the threshold for a match."
1857 Atlantic hurricane season,book,bibliographic,,"Hurricanes and Typhoons: Past, Present and Future",not_found,crossref+openalex,"no indexed record matches this description. Closest was 'Hurricanes and global warming' at 65% similarity, below the threshold for a match."
1857 Atlantic hurricane season,report,bibliographic,,Documentation of Atlantic Tropical Cyclones Changes in HURDAT,not_found,crossref+openalex,"no indexed record matches this description. Closest was 'Changes in the Seasonality of North Atlantic Tropical Cyclones' at 79% similarity, below the threshold for a match."
1857 Atlantic hurricane season,report,bibliographic,,Atlantic basin Comparison of Original and Revised HURDAT,not_found,crossref+openalex,"no indexed record matches this description. Closest was 'Revised original article' at 80% similarity, below the threshold for a match."
1857 Atlantic hurricane season,journal,doi,10.1175/jcli-d-13-00771.1,"A New Compilation of North Atlantic Tropical Cyclones, 1851–98",verified,crossref,title matches record (100% similarity)
1857 Atlantic hurricane season,report,bibliographic,,Tropical cyclones affecting North Carolina since 1586 - An Historical Perspective,not_found,crossref+openalex,"no indexed record matches this description. Closest was 'The Batesville Meeting of the Arkansas Historical Association -- 1967' at 50% similarity, below the threshold for a match."
1857 Atlantic hurricane season,report,bibliographic,,Documentation of Atlantic Tropical Cyclones Changes in HURDAT,verified,crossref,matched a Crossref record by title search (76% similarity); no DOI given in document
1857 Atlantic hurricane season,report,bibliographic,,"The Deadliest Atlantic Tropical Cyclones, 1492–1996: Cyclones with 25+ deaths",verified,crossref,matched a Crossref record by title search (76% similarity); no DOI given in document
Deal or No Deal,web,bibliographic,,Deal or No Deal,verified,crossref,matched a Crossref record by title search (100% similarity); no DOI given in document
Deal or No Deal,web,bibliographic,,Formula for offers in the NBC online version of Deal or No Deal,verified,crossref,matched a Crossref record by title search (100% similarity); no DOI given in document
Deal or No Deal,news,bibliographic,,"""Deal or No Deal"": Glücksspiel auf afghanisch",not_found,crossref+openalex,"no indexed record matches this description. Closest was 'A Fair Deal or a Raw Deal?' at 56% similarity, below the threshold for a match."
Deal or No Deal,web,bibliographic,,Photo from the official Facebook page of Tolo TV,not_found,crossref+openalex,"no indexed record matches this description. Closest was 'The official Facebook page of the Legend Lin Dance Theatre' at 75% similarity, below the threshold for a match."
Deal or No Deal,news,bibliographic,,"خميستي من ورقلة.. أول الفائزين بالجائزة الكبرى لبرنامج ""أدي ولا خلي"" في موسمه الثاني",not_found,crossref+openalex,"no indexed record matches this description. Closest was 'من معالم منهجية البيهقي في التعليل في سننه الكبرى : دراسة نظرية و تطبيقية في النصف الثاني من المجلد العاشر' at 58% similarity, below the threshold for a match."
Deal or No Deal,news,bibliographic,,"حسين العباس من السعودية أول من يفوز بجائزة الـ 250,000 دولار على شاشة LBC",not_found,crossref+openalex,"no indexed record matches this description. Closest was 'مو يان.. أول روائي صيني يفوز بجائزة نوبل للآداب' at 52% similarity, below the threshold for a match."
Deal or No Deal,web,bibliographic,,"Belize's First Game Show – ""Tek It or Leave It""",verified,crossref,matched a Crossref record by title search (90% similarity); no DOI given in document
Deal or No Deal,web,bibliographic,,18-godishen specheli 100 000 lv. v Sdelka ili ne,not_found,crossref+openalex,"no indexed record matches this description. Closest was 'PR-000-073850-R02 Development of an ILI Performance Test Loop for Liquid Coupled Technologies' at 43% similarity, below the threshold for a match."
Oxanorbornadiene,journal,doi,10.1021/jo00222a028,7-Oxabicyclo&#91;2.2.1&#93;hept-2-ene and related materials by reductive elimination,verified,crossref,title matches record (100% similarity)
Oxanorbornadiene,journal,doi,10.1002/jlac.19314900110,"Synthesen in der hydroaromatischen Reihe. XII. Mitteilung. (""Dien-Synthesen"" sauerstoffhaltiger Heteroringe. 2. Dien-Synthesen des Furans.)",verified,crossref,title matches record (100% similarity)
Oxanorbornadiene,journal,doi,10.1002/cbic.200700278,Metal-Free Triazole Formation as a Tool for Bioconjugation,verified,crossref,title matches record (100% similarity)
Oxanorbornadiene,journal,doi,10.1021/ja809345d,Thiol-Selective Fluorogenic Probes for Labeling and Release,verified,crossref,title matches record (100% similarity)
Oxanorbornadiene,journal,doi,10.1021/ja301491h,Degradable Conjugates from Oxanorbornadiene Reagents,verified,crossref,title matches record (100% similarity)
Oxanorbornadiene,journal,doi,10.1016/s0040-4020(01)92451-2,"Site selectivity in the reactions of 1,3-dipoles with norbornadiene derivatives",verified,crossref,title matches record (100% similarity)
Electrons and Holes in Semiconductors with Applications to Transistor Electronics,journal,doi,10.1002/j.1538-7305.1949.tb03645.x,The Theory of p-n Junctions in Semiconductors and p-n Junction Transistors,verified,crossref,title matches record (100% similarity)
P. Pardha Saradhi,web,bibliographic,,"DU plagiarism case: It feels like fighting against my son, says Saradhi",not_found,crossref+openalex,"no indexed record matches this description. Closest was 'My Skin Feels Like It Is on Fire' at 67% similarity, below the threshold for a match."
P. Pardha Saradhi,web,bibliographic,,They asked me to withdraw my court case,not_found,crossref+openalex,"no indexed record matches this description. Closest was 'When my father asked me…' at 65% similarity, below the threshold for a match."
P. Pardha Saradhi,web,bibliographic,,Court Grants Exemption to Former Delhi University Vice Chancellor in Plagiarism Row,not_found,crossref+openalex,"no indexed record matches this description. Closest was 'Cooke, Prof. Sir Ronald Urwick, (born 1 Sept. 1941), Vice-Chancellor, University of York, 1993–2002 (Member, Court, since 2003)' at 57% similarity, below the threshold for a match."
P. Pardha Saradhi,web,bibliographic,,Plagiarism Complaint Places Indian Professor in Jail,not_found,crossref+openalex,"no indexed record matches this description. Closest was 'iii. Complaint about plagiarism' at 80% similarity, below the threshold for a match."
P. Pardha Saradhi,web,bibliographic,,Faculty Profile,verified,crossref,matched a Crossref record by title search (100% similarity); no DOI given in document
P. Pardha Saradhi,web,bibliographic,,On Google Scholar,verified,crossref,matched a Crossref record by title search (90% similarity); no DOI given in document
P. Pardha Saradhi,web,bibliographic,,On ResearchGate,verified,crossref,matched a Crossref record by title search (100% similarity); no DOI given in document
P. Pardha Saradhi,book,bibliographic,,Biophysical Processes in Living Systems,not_found,crossref+openalex,"no indexed record matches this description. Closest was 'Proline Suppresses Rubisco Activity in Higher Plants' at 46% similarity, below the threshold for a match."
Tacharanite,journal,doi,10.1180/mgm.2021.43,IMA–CNMNC approved mineral symbols,verified,crossref,title matches record (100% similarity)
Tacharanite,web,bibliographic,,Tacharanite Mineral Data,not_found,crossref+openalex,"no indexed record matches this description. Closest was 'Evidence for a Canonical GRB Afterglow Light Curve in the Swift/XRT Data' at 35% similarity, below the threshold for a match."
Tacharanite,journal,doi,10.1180/minmag.1961.032.253.01,"Tacharanite and other hydrated calcium silicates from Portree, Isle of Skye",verified,crossref,title matches record (100% similarity)
Tacharanite,journal,doi,10.3103/s1062873807050115,Structural model of the rare mineral tacharanite and a possible process of its formation,verified,crossref,title matches record (100% similarity)
Tacharanite,book,bibliographic,,Das große lapis mineralienverzeichnis. Alle mineralien von A – Z und ihre eigenschaften,not_found,crossref+openalex,"no indexed record matches this description. Closest was 'Das Gesundheitssystem in Afrika: Knappe Mittel und große Probleme' at 52% similarity, below the threshold for a match."
Tacharanite,journal,doi,10.1180/minmag.1976.040.316.10,"Tacharanite from Tasmania, Australia",verified,crossref,title matches record (100% similarity)
Tacharanite,report,bibliographic,,"A natural analogue study of cement buffered, hyperalkaline groundwaters and their interaction with a repository host rock IV: an examination of the Khushaym Matruk (central Jordan) and Maqarin (northern Jordan) sites. An international project jointly funded by NDA-RWMD, ANDRA, CEA, JAEA, Nagra and SKB. Bedrock Geosciences Technical Report 11-02 (BG-TR-11-02)",not_found,crossref+openalex,"no indexed record matches this description. Closest was 'Hyperalkaline Cement Leachate-Rock Interaction and Radionuclide Transport in a Fractured Host Rock (HPF Project)' at 70% similarity, below the threshold for a match."
Tacharanite,journal,doi,10.1134/s1028334x14100122,"Clastic dikes of the Hatrurim basin (western flank of the Dead Sea) as natural analogues of alkaline concretes: Mineralogy, solution chemistry, and durability",verified,crossref,title matches record (100% similarity)
Berel kurgan,journal,doi,10.1017/rdc.2015.15,"Calendar Age of the Baigetobe Kurgan from the Iron Age Saka Cemetery in Shilikty Valley, Kazakhstan",verified,crossref,title matches record (100% similarity)
Berel kurgan,journal,bibliographic,,Royal Mound Baygetobe from the Burial Ground Shilikty,not_found,crossref+openalex,"no indexed record matches this description. Closest was 'Reconstruction of the Costume Elements of the Shilikty “Golden Man”' at 50% similarity, below the threshold for a match."
Berel kurgan,news,bibliographic,,Artifacts Show Sophistication of Ancient Nomads,not_found,crossref+openalex,"no indexed record matches this description. Closest was 'Hegel on the Trial of Socrates and the End of Aesthetic Democracy' at 46% similarity, below the threshold for a match."
Berel kurgan,journal,bibliographic,,Images du combat contre le sanglier en Asie centrale (3 ème au 1 er millénaire av. J.-C.),not_found,crossref+openalex,"no indexed record matches this description. Closest was 'Les vestiges et les représentations du Camelus bactrianus en Asie centrale entre le IIIe et le Ier\xa0millénaire av. J.‑C.' at 69% similarity, below the threshold for a match."
Berel kurgan,journal,doi,10.1080/1362704x.2021.1991133,Glittering Bodies: The Politics of Mortuary Self-Fashioning in Eurasian Nomadic Cultures (700 BCE-200 BCE),verified,crossref,title matches record (100% similarity)
Berel kurgan,journal,bibliographic,,International exhibition of original artifacts «Scythian gold»,not_found,crossref+openalex,"no indexed record matches this description. Closest was 'Scythian Gold and the Gold-Standard : Soviet Attitudes To Gold and the International Monetary System' at 62% similarity, below the threshold for a match."
Berel kurgan,book,bibliographic,,People with animals: perspectives & studies in ethnozooarchaeology,verified,crossref,matched a Crossref record by title search (100% similarity); no DOI given in document
Berel kurgan,web,bibliographic,,"황금인간의 땅, 카자흐스탄:국립중앙박물관",not_found,crossref+openalex,"no indexed record matches this description. Closest was '카자흐스탄 권위주의의 길' at 58% similarity, below the threshold for a match."
Books in Spain,web,bibliographic,,Instituto Nacional del Libro Español,not_found,crossref+openalex,"no indexed record matches this description. Closest was 'Libro de Resúmenes del VII Congreso Ibérico y XXIV Español de Ornitología.' at 64% similarity, below the threshold for a match."
Books in Spain,book,bibliographic,,List of Bibliographical Works in the Reading Room of the British Museum,verified,crossref,matched a Crossref record by title search (100% similarity); no DOI given in document
Books in Spain,book,bibliographic,,Early Printers of Spain and Portugal,not_found,crossref+openalex,"no work matching this description appears in either Crossref or OpenAlex. Note that coverage of books, government reports and grey literature is incomplete even in OpenAlex, so this is evidence, not proof."
Books in Spain,book,bibliographic,,Index to the Early Printed Books in the British Museum,not_found,crossref+openalex,"no indexed record matches this description. Closest was 'The Google Art Project: A New Generation of Museums on the Web?' at 49% similarity, below the threshold for a match."
Books in Spain,journal,bibliographic,,Output of Spanish Books in the Sixteenth Century,verified,crossref,matched a Crossref record by title search (100% similarity); no DOI given in document
Books in Spain,journal,doi,10.1086/pbsa.53.2.24299724,Earliest Books Printed in Spain,verified,crossref,title matches record (100% similarity)
Books in Spain,book,bibliographic,,Printing in Spain 1501-1520,verified,crossref,matched a Crossref record by title search (100% similarity); no DOI given in document
Books in Spain,journal,bibliographic,,Some Aspects of Spanish Book-Production in the Golden Age,verified,crossref,matched a Crossref record by title search (100% similarity); no DOI given in document
Mad at the World: A Life of John Steinbeck,book,bibliographic,,Mad at the World: A Life of John Steinbeck,not_found,crossref+openalex,"no indexed record matches this description. Closest was 'Travails with Charley: On the Road to Understanding Steinbeck’s Beloved Book: Article Review of\n                    <i>Steinbeck’s Uneasy America: Rereading</i>\n                    Travels with Charley' at 56% similarity, below the threshold for a match."
Mad at the World: A Life of John Steinbeck,journal,doi,10.5325/steinbeckreview.18.1.0093,Mad at the World: A Life of John Steinbeck by William Souder (review),verified,crossref,title matches record (98% similarity)
Mad at the World: A Life of John Steinbeck,web,bibliographic,,'Mad at the World: A Life of John Steinbeck' Review: The Poison Cup of Gold,not_found,crossref+openalex,"no indexed record matches this description. Closest was 'A World Cup of opportunities for junk food companies' at 52% similarity, below the threshold for a match."
Mad at the World: A Life of John Steinbeck,web,bibliographic,,"REVIEW: 'Mad at the World: A Life of John Steinbeck,' by William Souder",not_found,crossref+openalex,"no indexed record matches this description. Closest was 'Battle of the Genomes: The Struggle for Survival in a Microbial World' at 52% similarity, below the threshold for a match."
Mad at the World: A Life of John Steinbeck,news,bibliographic,,"John Steinbeck, Bard of the American Worker",not_found,crossref+openalex,"no indexed record matches this description. Closest was 'Mourning Becomes Biography' at 29% similarity, below the threshold for a match."
Mad at the World: A Life of John Steinbeck,journal,doi,10.1525/ch.2021.98.4.126,"Review: Mad at the World: A Life of John Steinbeck, by William Souder",verified,crossref,title matches record (100% similarity)
Mad at the World: A Life of John Steinbeck,news,bibliographic,,John Steinbeck and biographer William Souder make a perfect pair,not_found,crossref+openalex,"no indexed record matches this description. Closest was 'John Maynard Keynes: To mark the centenary of the birth of a great economist' at 44% similarity, below the threshold for a match."
Mad at the World: A Life of John Steinbeck,web,bibliographic,,Reconsidering John Steinbeck in 'Mad at the World',not_found,crossref+openalex,"no indexed record matches this description. Closest was 'Mad Resilience, Mad Kinship' at 49% similarity, below the threshold for a match."
Criticism of multiculturalism,web,bibliographic,,Backlash against multiculturalism?,not_found,crossref+openalex,"no indexed record matches this description. Closest was 'Muslim Women and Gender Stereotypes in ‘New Times’: From Multiculturalism to Islamophobia' at 65% similarity, below the threshold for a match."
Criticism of multiculturalism,web,bibliographic,,The trouble with multiculturalism,verified,crossref,matched a Crossref record by title search (75% similarity); no DOI given in document
Criticism of multiculturalism,news,bibliographic,,Report attacks multiculturalism,not_found,crossref+openalex,"no indexed record matches this description. Closest was 'What do the Norway attacks mean for multiculturalism?' at 87% similarity, below the threshold for a match."
Criticism of multiculturalism,journal,bibliographic,,The Failure of Multiculturalism,verified,crossref,matched a Crossref record by title search (78% similarity); no DOI given in document
Criticism of multiculturalism,journal,doi,10.1111/j.1467-9477.2007.00176.x,E Pluribus Unum: Diversity and community in the twenty-first century,verified,crossref,title matches record (100% similarity)
Criticism of multiculturalism,journal,doi,10.1080/13207870120081479,"Racism, Ethnicity and Hate Crime",verified,crossref,title matches record (100% similarity)
Criticism of multiculturalism,book,bibliographic,,Hate Speech and Freedom of Speech in Australia,not_found,crossref+openalex,"no indexed record matches this description. Closest was 'Australian History Beyond Australia' at 51% similarity, below the threshold for a match."
Criticism of multiculturalism,web,bibliographic,,"Pauline Hanson's One Nation:Immigration, Population and Social Cohesion Policy 1998",not_found,crossref+openalex,"no indexed record matches this description. Closest was 'Pauline Hanson, One Nation (PHON) and Right-Wing Protective Popular Nationalism: Monocultural Tendencies at the Expense of Social Cohesion' at 71% similarity, below the threshold for a match."
Alabama literature,book,bibliographic,,The DeSoto Chronicles: the Expedition of Hernando de Soto to North America 1539–1543,not_found,crossref+openalex,"no indexed record matches this description. Closest was 'ACKNOWLEDGMENTS' at 21% similarity, below the threshold for a match."
Alabama literature,web,bibliographic,,"Pénigaut, André",not_found,crossref+openalex,"no indexed record matches this description. Closest was 'André Malraux' at 59% similarity, below the threshold for a match."
Alabama literature,book,bibliographic,,Fleur de Lys and Calumet: Being the Penicaut Narrative of French Adventure in Louisiana,not_found,crossref+openalex,"no work matching this description appears in either Crossref or OpenAlex. Note that coverage of books, government reports and grey literature is incomplete even in OpenAlex, so this is evidence, not proof."
Alabama literature,web,bibliographic,,The Mobile Centinel,verified,crossref,matched a Crossref record by title search (77% similarity); no DOI given in document
Alabama literature,book,bibliographic,,First Books: The Printed Word and Cultural Formation in Early Alabama,verified,crossref,matched a Crossref record by title search (100% similarity); no DOI given in document
Alabama literature,book,bibliographic,,Reading Harper Lee: understanding To Kill a Mockingbird and Go Set a Watchman,verified,crossref,matched a Crossref record by title search (100% similarity); no DOI given in document
Alabama literature,journal,bibliographic,,The Watsons Go to Birmingham – 1963,not_found,crossref+openalex,"no work matching this description appears in either Crossref or OpenAlex. Note that coverage of books, government reports and grey literature is incomplete even in OpenAlex, so this is evidence, not proof."
Alabama literature,journal,bibliographic,,"History for our children: an interview with Christopher Paul Curtis, a contemporary voice in African American Young Adult fiction",verified,crossref,matched a Crossref record by title search (100% similarity); no DOI given in document
Nonna Kopystianska,journal,doi,10.30970/fpl.2024.137.4512,Пам'ять наукової творчості (До 100-річчя від дня народження професорки Нонни Копистянської),verified,crossref,title matches record (100% similarity)
Nonna Kopystianska,journal,doi,10.31861/pytlit2015.92.181,Наукова школа професора Нонни Копистянської: методологічні передумови та наукові здобутки,verified,crossref,title similarity low (10%) but authors agree (100%) — likely the same work recorded differently
Nonna Kopystianska,web,bibliographic,,Honoured Professors of the University,not_found,crossref+openalex,"no indexed record matches this description. Closest was 'State University Professors Meet the State' at 82% similarity, below the threshold for a match."
Nonna Kopystianska,journal,bibliographic,,Методологічні параметри літературознавчих практик Нонни Копистянської,not_found,crossref+openalex,"no work matching this description appears in either Crossref or OpenAlex. Note that coverage of books, government reports and grey literature is incomplete even in OpenAlex, so this is evidence, not proof."
Nonna Kopystianska,journal,bibliographic,,Наукова конференція «In memoriam». На пошану пам'яті професора Нонни Копистянської,not_found,crossref+openalex,"no work matching this description appears in either Crossref or OpenAlex. Note that coverage of books, government reports and grey literature is incomplete even in OpenAlex, so this is evidence, not proof."
Nonna Kopystianska,journal,bibliographic,,Пам'яті Романа Степановича Копистянського,not_found,crossref+openalex,"no indexed record matches this description. Closest was 'ІСТОРИЧНА ПАМ ’ЯТЬ ТА ПОЛІТИКА ПАМ ’ЯТІ ЄС ТА КРАЇН ЄВРОПИ' at 53% similarity, below the threshold for a match."
Nonna Kopystianska,book,bibliographic,,Жанровые модификации в чешской литературе: период становления социалистического реализма,not_found,crossref+openalex,"no work matching this description appears in either Crossref or OpenAlex. Note that coverage of books, government reports and grey literature is incomplete even in OpenAlex, so this is evidence, not proof."
Nonna Kopystianska,book,bibliographic,,"Иван Ольбрахт — человек, писатель, публицист",not_found,crossref+openalex,"no work matching this description appears in either Crossref or OpenAlex. Note that coverage of books, government reports and grey literature is incomplete even in OpenAlex, so this is evidence, not proof."
Maronea (lichen),book,doi,10.3372/epolist2022,Eine Enzyklopädie zu eponymischen Pflanzennamen,verified,crossref,title matches record (100% similarity)
Maronea (lichen),journal,doi,10.5943/mycosphere/11/1/8,Outline of Fungi and fungus-like taxa,verified,crossref,title matches record (100% similarity)
Protosticta monticola,journal,doi,10.11609/jott.3226.8.14.9648-9652,"A new species of Protosticta Selys, 1885 (Odonata: Zygoptera: Platystictidae) from Western Ghats, Kerala, India.",verified,crossref,title matches record (100% similarity)
Protosticta monticola,news,bibliographic,,New damselfly species identified,not_found,crossref+openalex,"no indexed record matches this description. Closest was 'Taxonomic study of damselfly nymphs and new species records from the Syrian coast' at 79% similarity, below the threshold for a match."
Protosticta monticola,book,bibliographic,,"Atlas of Odonata (Insecta) of the Western Ghats, India",not_found,crossref+openalex,"no work matching this description appears in either Crossref or OpenAlex. Note that coverage of books, government reports and grey literature is incomplete even in OpenAlex, so this is evidence, not proof."
Protosticta monticola,book,bibliographic,,"The Fauna of British India, including Ceylon and Burma, Odonata Vol. I",not_found,crossref+openalex,"no indexed record matches this description. Closest was 'NEW AND RARE ODONATA FROM THE BURMA‐SIAMESE FRONTIER' at 58% similarity, below the threshold for a match."
Protosticta monticola,book,bibliographic,,Dragonflies and Damselflies of Peninsular India - A Field Guide,verified,crossref,matched a Crossref record by title search (82% similarity); no DOI given in document
NGC 107,journal,doi,10.1086/498708,The Two Micron All Sky Survey (2MASS),verified,crossref,title matches record (100% similarity)
NGC 107,web,bibliographic,,NED results for object NGC 0107,not_found,crossref+openalex,"no indexed record matches this description. Closest was 'Object: Galaxy NGC 1052-DF2' at 60% similarity, below the threshold for a match."
NGC 107,web,bibliographic,,NGC Objects: NGC 100 - 149,not_found,crossref+openalex,"no indexed record matches this description. Closest was 'NGC (New General Catalogue) Objects' at 73% similarity, below the threshold for a match."
TXTMob,web,bibliographic,,TXT MOB technology unites social networks,not_found,crossref+openalex,"no indexed record matches this description. Closest was 'test2.txt' at 50% similarity, below the threshold for a match."
TXTMob,web,bibliographic,,How Twitter Was Born,not_found,crossref+openalex,"no work matching this description appears in either Crossref or OpenAlex. Note that coverage of books, government reports and grey literature is incomplete even in OpenAlex, so this is evidence, not proof."
TXTMob,web,bibliographic,,"Twitter was first created by adapting status-sharing service TXTmob for mainstream use, founder claims",not_found,crossref+openalex,"no work matching this description appears in either Crossref or OpenAlex. Note that coverage of books, government reports and grey literature is incomplete even in OpenAlex, so this is evidence, not proof."
TXTMob,book,bibliographic,,Disobedient Objects,verified,crossref,matched a Crossref record by title search (100% similarity); no DOI given in document
TXTMob,web,bibliographic,,TXTmob and Twitter: A Reply to Nick Bilton,verified,crossref,matched a Crossref record by title search (75% similarity); no DOI given in document
TXTMob,journal,doi,10.21428/6ffd8432.fec9fd40,In the open: TXTmob and Twitter,verified,crossref,title matches record (100% similarity)
ROCK2,web,bibliographic,,Entrez Gene: Rho associated coiled-coil containing protein kinase 2,verified,crossref,matched a Crossref record by title search (90% similarity); no DOI given in document
ROCK2,journal,doi,10.1021/bi0258243,Kinetic mechanism for human Rho-Kinase II (ROCK-II),verified,crossref,title matches record (100% similarity)
CNC plunge milling,journal,doi,10.1007/s00170-014-5608-y,Optimal CNC plunge cutter selection and tool path generation for multi-axis roughing free-form surface impeller channel,verified,crossref,title matches record (100% similarity)
CNC plunge milling,book,bibliographic,,"CNC Machining Handbook: Basic Theory, Production Data, and Machining Procedures",not_found,crossref+openalex,"no indexed record matches this description. Closest was 'Commons at the Intersection of Peer Production, Citizen Science, and Big Data:' at 61% similarity, below the threshold for a match."
CNC plunge milling,journal,doi,10.1016/j.proeng.2013.08.213,Cutting Conditions and Surface Integrity During Dry Plunge-milling of a Wrought Magnesium Alloy,verified,crossref,title matches record (100% similarity)
CNC plunge milling,journal,doi,10.1016/j.procir.2014.03.077,Time Domain Prediction of Side and Plunge Milling Stability Considering Edge Radius Effect,verified,crossref,title matches record (100% similarity)
CNC plunge milling,journal,doi,10.1016/j.jmatprotec.2013.03.007,On cutting parameters selection for plunge milling of heat-resistant-super-alloys based on precise cutting geometry,verified,crossref,title matches record (100% similarity)
CNC plunge milling,journal,doi,10.1016/j.jmatprotec.2014.07.010,Research on manufacturing method of CNC plunge milling for spur face-gear,verified,crossref,title matches record (100% similarity)
Psammorygma aculeatum,web,bibliographic,,"Psammorygma aculeatum (Karsch, 1878)",not_found,crossref+openalex,"no indexed record matches this description. Closest was 'Apion aculeatum' at 75% similarity, below the threshold for a match."
Psammorygma aculeatum,book,doi,10.5281/zenodo.14568995,The Zodariidae of South Africa. Part 2 (H-T) version 1,verified,openalex,"not in Crossref, but OpenAlex holds it (dataset): title matches record (89% similarity)"
Psammorygma aculeatum,journal,bibliographic,,Exotisch-araneologisches,verified,crossref,matched a Crossref record by title search (77% similarity); no DOI given in document
Pleurotomella hypermnestra,journal,doi,10.11646/zootaxa.682.1.1,Catalog of recent and fossil turrids (Mollusca: Gastropoda),verified,crossref,title matches record (100% similarity)
Interlining,book,bibliographic,,"Travel Perspectives: A Guide to Becoming a Travel Professional - Ginger Todd, Susan Rice - Google Boeken",not_found,crossref+openalex,"no indexed record matches this description. Closest was 'Navigating necessity: professional authorship and travel writing in the career of Bayard Taylor' at 50% similarity, below the threshold for a match."
Interlining,web,bibliographic,,"Air NZ not wanting subsidies or fewer regional routes, minister says",not_found,crossref+openalex,"no indexed record matches this description. Closest was 'South Africa: Little hope in green transition in town with “the dirtiest air in the world”' at 44% similarity, below the threshold for a match."
Interlining,web,bibliographic,,ITA Airways e il Gruppo Ferrovie dello Stato insieme per l'intermodalità,not_found,crossref+openalex,"no work matching this description appears in either Crossref or OpenAlex. Note that coverage of books, government reports and grey literature is incomplete even in OpenAlex, so this is evidence, not proof."
Interlining,journal,doi,10.1186/s12544-022-00551-4,The time cost of saving money: detouring and connecting time losses in the virtually interlined European airport network,verified,crossref,title matches record (100% similarity)
Interlining,web,bibliographic,,Virtual Interline: Considerations for Airlines,not_found,crossref+openalex,"no indexed record matches this description. Closest was 'interline, n.¹' at 82% similarity, below the threshold for a match."
Interlining,journal,doi,10.1016/j.jairtraman.2021.102073,Virtual interlining within the European airport network: An airfare analysis,verified,crossref,title matches record (100% similarity)
Interlining,web,bibliographic,,Low-cost carriers seek new distribution models,not_found,crossref+openalex,"no indexed record matches this description. Closest was 'Price Discrimination Strategies of Low-cost Carriers' at 71% similarity, below the threshold for a match."
Interlining,web,bibliographic,,Travel Tech Report 2023,not_found,crossref+openalex,"no indexed record matches this description. Closest was '2023 State of Tech Talent Report: Acquiring and Retaining Technical Talent in 2023' at 82% similarity, below the threshold for a match."
"Hawkwood, London",book,bibliographic,,The Place Names of Essex,verified,crossref,matched a Crossref record by title search (83% similarity); no DOI given in document
"Hawkwood, London",book,bibliographic,,Chingford's Water Supply,not_found,crossref+openalex,"no indexed record matches this description. Closest was 'Risks of cyber attack to supervisory control and data acquisition for water supply' at 67% similarity, below the threshold for a match."
"Hawkwood, London",web,bibliographic,,Hawkwood Lodge and Richard Hodgson plaque in London,verified,crossref,matched a Crossref record by title search (100% similarity); no DOI given in document
"Hawkwood, London",web,bibliographic,,The parish and borough of Chingford – British History Online,verified,crossref,matched a Crossref record by title search (100% similarity); no DOI given in document
"Hawkwood, London",web,bibliographic,,FofEF Autumn 2002.p65,not_found,crossref+openalex,"no indexed record matches this description. Closest was 'Bright ideas from designers of the future' at 29% similarity, below the threshold for a match."
"Hawkwood, London",book,bibliographic,,Waltham Forest through time – Chingford,not_found,crossref+openalex,"no indexed record matches this description. Closest was 'Crater Lake: blue through time' at 59% similarity, below the threshold for a match."
"Hawkwood, London",web,bibliographic,,ORGANICLEA LIMITED - Filing history (free information from Companies House),not_found,crossref+openalex,"no indexed record matches this description. Closest was 'Filing Financial Statements with Companies House' at 63% similarity, below the threshold for a match."
"Hawkwood, London",book,bibliographic,,Chingford in 1891,not_found,crossref+openalex,"no indexed record matches this description. Closest was 'THE NATIONAL TEMPERANCE HOSPITAL.Read before the National Medical Temperance Convention, Staten Island, N. Y., July 16, 1891.' at 38% similarity, below the threshold for a match."
Varman dynasty,book,bibliographic,,Vakataka – Gupta Age Circa 200-550 A.D.,not_found,crossref+openalex,"no indexed record matches this description. Closest was 'Vakataka Kingdom' at 67% similarity, below the threshold for a match."
Varman dynasty,book,bibliographic,,Ancient Indian History and Civilization,not_found,crossref+openalex,"no indexed record matches this description. Closest was 'The Whole and the Particular: Negotiating Difference in Indian Civilization' at 74% similarity, below the threshold for a match."
Varman dynasty,book,bibliographic,,Corpus Of Bengal Inscriptions Bearing On History And Civilization Of Bengal,not_found,crossref+openalex,"no indexed record matches this description. Closest was 'Inscriptions and Coastal Life' at 71% similarity, below the threshold for a match."
Varman dynasty,journal,bibliographic,,Political Status of Assam in the Gupta Age,not_found,crossref+openalex,"no indexed record matches this description. Closest was 'Constellations of Power and Authority in the Political Economy of Illegal Timber Extraction in BTAD, Assam' at 75% similarity, below the threshold for a match."
Varman dynasty,book,bibliographic,,Corpus Inscriptionum Indicarum Vol. 3,not_found,crossref+openalex,"no indexed record matches this description. Closest was 'Oestrogen metabolism in the endometrium, corpus luteum and ovarian residual tissue of the rabbit' at 36% similarity, below the threshold for a match."
Varman dynasty,book,bibliographic,,Readings in the History and Culture of Assam,not_found,crossref+openalex,"no work matching this description appears in either Crossref or OpenAlex. Note that coverage of books, government reports and grey literature is incomplete even in OpenAlex, so this is evidence, not proof."
Varman dynasty,book,bibliographic,,Historical Archaeology of Central Assam,not_found,crossref+openalex,"no indexed record matches this description. Closest was 'India and Central Europe: From the Margins to the Centre in Three Stages' at 45% similarity, below the threshold for a match."
Varman dynasty,book,bibliographic,,Early History of Kamarupa: From the Earliest Times to the End of the Sixteenth Century,not_found,crossref+openalex,"no indexed record matches this description. Closest was 'Kindness, in the Times of Guerrilla Altruism:  The Twin Grammars of Infrastructural Residual Space' at 51% similarity, below the threshold for a match."
Flora and fauna of Greenland,news,bibliographic,,Warming Revives Flora and Fauna in Greenland,not_found,crossref+openalex,"no indexed record matches this description. Closest was 'An Early Devonian arthropod fauna from the Windyfield cherts, Aberdeenshire, Scotland' at 39% similarity, below the threshold for a match."
Flora and fauna of Greenland,journal,bibliographic,,A phytogeographical study of the vascular plants of northern Greenland - north of 74°00 northern latitude,verified,crossref,matched a Crossref record by title search (100% similarity); no DOI given in document
Flora and fauna of Greenland,web,bibliographic,,Vikings grew barley in Greenland,not_found,crossref+openalex,"no work matching this description appears in either Crossref or OpenAlex. Note that coverage of books, government reports and grey literature is incomplete even in OpenAlex, so this is evidence, not proof."
Flora and fauna of Greenland,journal,doi,10.7557/2.27.4.347,West Greenland caribou explosion: What happened? What about the future?,verified,crossref,title matches record (100% similarity)
Flora and fauna of Greenland,journal,doi,10.1023/a:1020523303815,Population genetics of the native caribou (Rangifer tarandus groenlandicus) and the semi-domestic reindeer (Rangifer tarandus tarandus) in Southwestern Greenland: Evidence of introgression,verified,crossref,title matches record (100% similarity)
Flora and fauna of Greenland,journal,bibliographic,,"Feeding ecology of the West Greenland caribou (Rangifer tarandus groenlandicus) in the Sisimiut-Kangerlussuaq region [vegetation, food selection, forage quality, rumen samples, chemical analysis, migration] [1984]",not_found,crossref+openalex,"no indexed record matches this description. Closest was 'Structure and annual increase in a population of West Greenland caribou (Rangifer tarandus groenlandicus)' at 74% similarity, below the threshold for a match."
Flora and fauna of Greenland,web,bibliographic,,Animal life in Greenland &ndash; an introduction by the tourist board,verified,crossref,matched a Crossref record by title search (100% similarity); no DOI given in document
Edward F. Fritsch,web,bibliographic,,Synthesis and structure of avian retrovirus DNA,not_found,crossref+openalex,"no indexed record matches this description. Closest was 'Relationship of Avian Retrovirus DNA Synthesis to Integration In Vitro' at 82% similarity, below the threshold for a match."
Edward F. Fritsch,journal,doi,10.1172/jci66476,Gene pioneers: Donald Brown and Thomas Maniatis win the 2012 Lasker~Koshland Special Achievement Award in Medical Science,verified,crossref,title matches record (100% similarity)
Edward F. Fritsch,journal,doi,10.1016/0092-8674(78)90043-0,The isolation and characterization of linked δ- and β-globin genes from a cloned library of human DNA,verified,crossref,title matches record (100% similarity)
Edward F. Fritsch,web,bibliographic,,"Molecular Cloning (AKA Maniatis, AKA The Bible) at 25",not_found,crossref+openalex,"no indexed record matches this description. Closest was 'CONCEPTION DU LEXIQUE FRANÇAIS-AKA' at 50% similarity, below the threshold for a match."
Edward F. Fritsch,web,bibliographic,,Recipes for Recombining DNA. A History of Molecular Cloning: A Laboratory Manual,not_found,crossref+openalex,"no indexed record matches this description. Closest was 'A laboratory manual in practical botany; by Charles H. Clark.' at 58% similarity, below the threshold for a match."
Edward F. Fritsch,journal,doi,10.1038/313806a0,Isolation and characterization of genomic and cDNA clones of human erythropoietin,verified,crossref,title matches record (100% similarity)
Edward F. Fritsch,journal,bibliographic,,Protein Scaffolds for Novel Anti-Cancer Agents,not_found,crossref+openalex,"no indexed record matches this description. Closest was 'Murine models for in\xa0vivo evaluation of new biomaterials for skin scaffolds' at 55% similarity, below the threshold for a match."
Edward F. Fritsch,journal,doi,10.1158/2326-6066.cir-13-0022,Getting Personal with Neoantigen-Based Therapeutic Cancer Vaccines,verified,crossref,title matches record (100% similarity)
Harold Krikke,web,bibliographic,,"Krikke, International Expert in Closed Loop Supply Chains",not_found,crossref+openalex,"no indexed record matches this description. Closest was 'Learning-based dynamic capabilities in closed-loop supply chains: an expert study' at 77% similarity, below the threshold for a match."
Harold Krikke,journal,bibliographic,,Design Principles for Closed Loop Supply Chains,verified,crossref,matched a Crossref record by title search (100% similarity); no DOI given in document
Harold Krikke,web,bibliographic,,Experts - Tilburg University,not_found,crossref+openalex,"no indexed record matches this description. Closest was 'TILBURG FOREIGN LAW REVIEW TILBURG UNIVERSITY FACULTY OF LAW' at 82% similarity, below the threshold for a match."
Harold Krikke,web,bibliographic,,Open University (English),verified,crossref,matched a Crossref record by title search (100% similarity); no DOI given in document
Harold Krikke,web,bibliographic,,Reverse Logistics Association and Prof.Dr.Ir Krikke,not_found,crossref+openalex,"no indexed record matches this description. Closest was 'Foreword by Prof. Dr. Raimund Klinkner, President, German Logistics Association (BVL), Bremen' at 72% similarity, below the threshold for a match."
Harold Krikke,web,bibliographic,,"Professor Dr.Ir Krikke, Open University Netherlands",not_found,crossref+openalex,"no indexed record matches this description. Closest was 'Hendrie, Dr Gerald Mills, (born 28 Oct. 1935), musicologist, composer, harpsichordist and organist; Professor of Music, The Open University, 1969–90' at 72% similarity, below the threshold for a match."
Harold Krikke,web,bibliographic,,Expertise Professor Dr.Ir Krikke,not_found,crossref+openalex,"no indexed record matches this description. Closest was 'In memoriam Professor Dr. Ir. C. Coolhaas' at 64% similarity, below the threshold for a match."
Harold Krikke,journal,doi,10.2307/41166208,"Design of Closed-Loop Supply Chains, Erasmus University Rotterdam The Netherlands",verified,crossref,partial title match (77%); author overlap 100%
Pfaffia glomerata,journal,doi,10.1002/ptr.1500,Psychopharmacological assessment of Pfaffia glomerata roots (extract BNT-08) in rodents,verified,crossref,title matches record (100% similarity)
Pfaffia glomerata,journal,doi,10.1016/j.jep.2024.118003,"A comprehensive review of Pfaffia glomerata botany, ethnopharmacology, phytochemistry, biological activities, and biotechnology",verified,crossref,title matches record (100% similarity)
Stingray (1964 TV series),book,bibliographic,,The Penguin TV Companion,not_found,crossref+openalex,"no indexed record matches this description. Closest was 'The Book of Margery Kempe' at 45% similarity, below the threshold for a match."
Stingray (1964 TV series),news,bibliographic,,Hank Says He Was The First,not_found,crossref+openalex,"no indexed record matches this description. Closest was 'HE SAYS, SHE SAYS' at 78% similarity, below the threshold for a match."
Stingray (1964 TV series),book,bibliographic,,Script To Screen,not_found,crossref+openalex,"no indexed record matches this description. Closest was 'Big screen - First Man' at 56% similarity, below the threshold for a match."
Stingray (1964 TV series),book,bibliographic,,The Encyclopaedia of Cult Children's TV,not_found,crossref+openalex,"no indexed record matches this description. Closest was 'Under the Radar: How Embedded Commercial Messages in TV and the New Media Influence Children Without their Conscious Awareness' at 56% similarity, below the threshold for a match."
Stingray (1964 TV series),book,bibliographic,,Sylvia Anderson: My Fab Years!,not_found,crossref+openalex,"no indexed record matches this description. Closest was 'My grandfather kept his rejected degree for 50 years. Decades later, Canada still deskills immigrants' at 44% similarity, below the threshold for a match."
Stingray (1964 TV series),web,bibliographic,,Stingray: The Complete Collection,not_found,crossref+openalex,"no indexed record matches this description. Closest was 'Rethinking Photographic Histories: Indigenous Representation in the Byron Harmon Collection' at 61% similarity, below the threshold for a match."
Stingray (1964 TV series),book,bibliographic,,Thunderbirds – A Complete Guide to the Classic Series,not_found,crossref+openalex,"no indexed record matches this description. Closest was 'Amazons, Konane, and Cross Purposes are PSPACE-complete' at 46% similarity, below the threshold for a match."
Stingray (1964 TV series),book,bibliographic,,Collins Telly Guide,not_found,crossref+openalex,"no indexed record matches this description. Closest was 'Ischemic Colitis' at 46% similarity, below the threshold for a match."
Savitri Vrata,book,bibliographic,,The Illustrated Encyclopedia of Hinduism: N-Z,not_found,crossref+openalex,"no indexed record matches this description. Closest was 'New Wine, Old Skins: The Sangh Parivār and the Transformation of Hinduism' at 54% similarity, below the threshold for a match."
Savitri Vrata,book,bibliographic,,The Divine Hierarchy: Popular Hinduism in Central India,verified,crossref,matched a Crossref record by title search (100% similarity); no DOI given in document
Savitri Vrata,book,bibliographic,,Hinduism: An Alphabetical Guide,not_found,crossref+openalex,"no indexed record matches this description. Closest was 'Hinduism and its basic texts' at 55% similarity, below the threshold for a match."
Savitri Vrata,journal,doi,10.2307/592513,"The Vaṭa-Sāvitrī-Vrata, According to Hemādri and the Vratārka",verified,crossref,title matches record (100% similarity)
Savitri Vrata,book,bibliographic,,"Hindu Holidays and Ceremonials: With Dissertations on Origin, Folklore and Symbols",not_found,crossref+openalex,"no indexed record matches this description. Closest was 'Iron status of Hindu brahmin, Jain and Muslim communities in Surat, Gujarat' at 48% similarity, below the threshold for a match."
Savitri Vrata,book,bibliographic,,"Marriage Customs of the World: An Encyclopedia of Dating Customs and Wedding Traditions, 2nd Edition [2 volumes]",verified,crossref,matched a Crossref record by title search (100% similarity); no DOI given in document
Savitri Vrata,journal,bibliographic,,Medicinal Plants Used In Various Indian Traditional Customs,not_found,crossref+openalex,"no indexed record matches this description. Closest was 'Traditional Medicinal Plants Used by the Tribals of Darjeeling District, West Bengal, India' at 72% similarity, below the threshold for a match."
Savitri Vrata,news,bibliographic,,"Vat Savitri Vrat, Know the method of worship and the auspicious time.",not_found,crossref+openalex,"no indexed record matches this description. Closest was 'Worship in a Time of Pandemic' at 68% similarity, below the threshold for a match."
Marston Bates,web,bibliographic,,BHL: Marston Bates Papers,verified,crossref,matched a Crossref record by title search (100% similarity); no DOI given in document
Marston Bates,book,doi,10.1093/anb/9780198606697.article.1302195,"Bates, Marston (1906-1974), naturalist and educator",verified,crossref,title matches record (100% similarity)
Marston Bates,web,bibliographic,,"""From Mosquitoes to People"": Marston Bates and the Rockefeller Foundation International Health Division",not_found,crossref+openalex,"no indexed record matches this description. Closest was 'In Search of the Audit Society: Some Evidence from Health Care, Police and Schools' at 52% similarity, below the threshold for a match."
Marston Bates,web,bibliographic,,List of ESA Fellows,not_found,crossref+openalex,"no indexed record matches this description. Closest was 'APA Division 34: List of Division Fellows' at 88% similarity, below the threshold for a match."
Marston Bates,web,bibliographic,,"Book of Members, 1780-2010: Chapter B",not_found,crossref+openalex,"no indexed record matches this description. Closest was 'Chapter 5' at 88% similarity, below the threshold for a match."
Marston Bates,journal,doi,10.2307/4439481,Reviewed work: The Forest and the Sea by Marston Bates,verified,crossref,title matches record (90% similarity)
Marston Bates,journal,doi,10.1086/397396,Review of The Natural History of Mosquitoes by Marston Bates,verified,crossref,title matches record (98% similarity)
Marston Bates,journal,bibliographic,,Review of The Nature of Natural History by Marston Bates,verified,crossref,matched a Crossref record by title search (98% similarity); no DOI given in document
Pilling–Bedworth ratio,journal,doi,10.1007/s100190050008,Pilling–Bedworth ratio for oxidation of alloys,verified,crossref,title matches record (100% similarity)
Pilling–Bedworth ratio,web,bibliographic,,Pilling–Bedworth ratios (PBRs) for metals and their oxides,not_found,crossref+openalex,"no indexed record matches this description. Closest was 'Pilling-Bedworth ratio for oxidation of alloys' at 71% similarity, below the threshold for a match."
Pilling–Bedworth ratio,journal,doi,10.1007/s13632-018-0493-7,Oxidation Behavior of Tungsten Carbide-6% Cobalt Cemented Carbide,verified,crossref,title matches record (100% similarity)
Pilling–Bedworth ratio,journal,doi,10.1016/j.corsci.2017.09.014,"The corrosion of Zr(Fe, Cr)2 and Zr2Fe secondary phase particles in Zircaloy-4 under 350 °C pressurised water conditions",verified,crossref,title matches record (100% similarity)
Western Wall Plaza,journal,doi,10.70190/jq.i7.p6,The Moroccan Quarter: A History of the Present,verified,crossref,title matches record (100% similarity)
Western Wall Plaza,web,bibliographic,,The Mughrabi Quarter Digital Archive and the Virtual Illés Relief Initiative,verified,crossref,matched a Crossref record by title search (100% similarity); no DOI given in document
Western Wall Plaza,news,bibliographic,,How a Small Group of Israelis Made the Western Wall Jewish Again,not_found,crossref+openalex,"no indexed record matches this description. Closest was 'The Paradox of South African Jewish Emigration in the Post-Apartheid Era' at 53% similarity, below the threshold for a match."
Western Wall Plaza,web,bibliographic,,ABROAD AT HOME; The Israeli Tragedy,not_found,crossref+openalex,"no indexed record matches this description. Closest was 'The American Adam: Innocence, Tragedy, and Tradition in the Nineteenth Century' at 50% similarity, below the threshold for a match."
Western Wall Plaza,news,bibliographic,,"Weight, weight: Western wall dig uncovers flubbed 2,700-year-old 2-shekel stone",not_found,crossref+openalex,"no indexed record matches this description. Closest was 'Variations and controlling factors of the coccolith weight in the Western Pacific Warm Pool over the last 200 ka' at 51% similarity, below the threshold for a match."
Pseudostilpnaspis costaricana,journal,bibliographic,,Review of Imatidiini genera (Coleoptera: Chrysomelidae: Cassidinae).,verified,crossref,matched a Crossref record by title search (84% similarity); no DOI given in document
Pseudostilpnaspis costaricana,web,bibliographic,,Hispines of the World: Tribe Imatidiini,not_found,crossref+openalex,"no indexed record matches this description. Closest was 'Timing the Radiations of Leaf Beetles: Hispines on Gingers from Latest Cretaceous to Recent' at 57% similarity, below the threshold for a match."
Pseudostilpnaspis costaricana,journal,bibliographic,,"Notes on the genus Stilpnaspis WEISE, with a description of Pseudostilpnaspis, new genus and eleven new species of the tribe Imatidiini (Coleoptera: Chrysomelidae: cassidoid Hispinae)",not_found,crossref+openalex,"no indexed record matches this description. Closest was 'On the genus Limnocassis Spaeth, with description of two new species from South Africa (Coleoptera: Chrysomelidae: Cassidinae)' at 73% similarity, below the threshold for a match."
Phoenix petrel,book,bibliographic,,"Systema naturae per regna tria naturae: secundum classes, ordines, genera, species, cum characteribus, differentiis, synonymis, locis",verified,crossref,matched a Crossref record by title search (100% similarity); no DOI given in document
Phoenix petrel,book,bibliographic,,A General Synopsis of Birds,verified,crossref,matched a Crossref record by title search (100% similarity); no DOI given in document
Phoenix petrel,book,bibliographic,,Check-List of Birds of the World,verified,crossref,matched a Crossref record by title search (100% similarity); no DOI given in document
Phoenix petrel,journal,bibliographic,,"Espèces nouvelles d'oiseaux d'Asie et d'Amérique, et tableaux paralléliques des Pélagiens ou Gaviae",not_found,crossref+openalex,"no indexed record matches this description. Closest was 'Tableaux paralléliques des oiseaux Praecoces ou Autophages (Gallinacés, Échassiers, Palmipèdes et Rudipennes)' at 68% similarity, below the threshold for a match."
Phoenix petrel,web,bibliographic,,"Petrels, albatrosses",not_found,crossref+openalex,"no indexed record matches this description. Closest was 'Albatrosses: Diomedeidae' at 73% similarity, below the threshold for a match."
Phoenix petrel,book,bibliographic,,The Helm Dictionary of Scientific Bird Names,not_found,crossref+openalex,"no indexed record matches this description. Closest was 'An Illustrated Dictionary of Fish and Shellfish (CD-Rom) C. Frimodt' at 50% similarity, below the threshold for a match."
Phoenix petrel,journal,doi,10.2307/4072962,On Procellaria alba Gmelin,verified,crossref,title matches record (100% similarity)
Phoenix petrel,book,bibliographic,,Catalogue of the Birds in the British Museum: Gaviæ and Tubinares,verified,crossref,matched a Crossref record by title search (95% similarity); no DOI given in document
Wadsworth E. Pohl,web,bibliographic,,Method of making colored pictures,not_found,crossref+openalex,"no indexed record matches this description. Closest was 'Colored Shadow Pictures' at 82% similarity, below the threshold for a match."
Wadsworth E. Pohl,web,bibliographic,,Traveling matte,verified,crossref,matched a Crossref record by title search (75% similarity); no DOI given in document
Wadsworth E. Pohl,web,bibliographic,,Cinematography in Colors,not_found,crossref+openalex,"no work matching this description appears in either Crossref or OpenAlex. Note that coverage of books, government reports and grey literature is incomplete even in OpenAlex, so this is evidence, not proof."
Wadsworth E. Pohl,web,bibliographic,,Index of Patents Issued from the United States Patent Office,verified,crossref,matched a Crossref record by title search (100% similarity); no DOI given in document
Wadsworth E. Pohl,web,bibliographic,,Google Patents search for Wadsworth E. Pohl,not_found,crossref+openalex,"no indexed record matches this description. Closest was 'Chapter 13 Google Custom Search' at 59% similarity, below the threshold for a match."
Wadsworth E. Pohl,journal,doi,10.5594/j07161,Scientific-Technical Academy Awards Won by SMPTE Members,verified,crossref,title matches record (100% similarity)
Wadsworth E. Pohl,web,bibliographic,,Academy Awards Acceptance Speech,not_found,crossref+openalex,"no indexed record matches this description. Closest was 'IEEE Control Systems Technical Field Award Acceptance Speech [Awards]' at 86% similarity, below the threshold for a match."
Izatha metadelta,web,bibliographic,,New Zealand Land Invertebrates,verified,crossref,matched a Crossref record by title search (91% similarity); no DOI given in document
Izatha metadelta,journal,bibliographic,,Izatha (Insecta: Lepidoptera: Gelechioidea: Oecophoridae),not_found,crossref+openalex,"no indexed record matches this description. Closest was 'A new species of<i>Hierodoris</i>Meyrick (Lepidoptera: Oecophoridae) with a telescopic ovipositor, from granite sand plains in Fiordland' at 63% similarity, below the threshold for a match."
Izatha metadelta,journal,doi,10.1111/j.1365-2311.1905.tb02451.x,Notes on New Zealand Lepidoptera.,verified,crossref,title matches record (100% similarity)
Izatha metadelta,journal,bibliographic,,"Lepidoptera — annotated catalogue, and keys to family-group taxa",verified,crossref,matched a Crossref record by title search (100% similarity); no DOI given in document
Izatha metadelta,book,bibliographic,,The Butterflies and Moths of New Zealand,verified,crossref,matched a Crossref record by title search (90% similarity); no DOI given in document
Toxomerus marginatus,journal,doi,10.1080/00222930802610576,"Pollen feeding larvae in the presumed predatory syrphine genus Toxomerus Macquart (Diptera, Syrphidae)",verified,crossref,title matches record (100% similarity)
Toxomerus marginatus,journal,doi,10.1080/14888386.2008.9712892,Pollinating Flies (Diptera): A major contribution to plant diversity and agricultural production,verified,crossref,title matches record (100% similarity)
Toxomerus marginatus,journal,doi,10.1603/0022-0493(2007)100[39:asospo]2.0.co;2,A Survey of Syrphid Predators of Nasonovia ribisnigri in Organic Lettuce on the Central Coast of California,verified,crossref,title matches record (100% similarity)
Toxomerus marginatus,journal,bibliographic,,Descriptions of dipterous insects of the United States,not_found,crossref+openalex,"no indexed record matches this description. Closest was 'Descriptions of new species of North American insects, and observations on some of the species already described /' at 69% similarity, below the threshold for a match."
Toxomerus marginatus,book,bibliographic,,"The Flower Flies of the Subfamily Syrphinae of Canada, Alaska, and Greenland (Diptera: Syrphidae). Part 18. The Insects and Arachnids of Canada",not_found,crossref+openalex,"no indexed record matches this description. Closest was 'Cytotaxonomy of South American Syrphinae (Diptera: Syrphidae)' at 68% similarity, below the threshold for a match."
Richea × curtisiae,web,bibliographic,,Richea Xcurtisiae (Ericaceae) not in the Students Flora,not_found,crossref+openalex,"no indexed record matches this description. Closest was 'American Students Meet German Students' at 54% similarity, below the threshold for a match."
Richea × curtisiae,web,bibliographic,,Species Information: Richea curtisiae,not_found,crossref+openalex,"no indexed record matches this description. Closest was 'Lepidosperma curtisiae (Cyperaceae), a new Australian species' at 64% similarity, below the threshold for a match."
Richea × curtisiae,journal,doi,10.5962/p.171871,A new species of Mountain Heath from Tasmania,verified,crossref,title matches record (100% similarity)
Richea × curtisiae,web,bibliographic,,Honours - Dr Winifred Mary Curtis - University of Tasmania Library,not_found,crossref+openalex,"no indexed record matches this description. Closest was 'Winifred Mary Curtis 1905–2005' at 80% similarity, below the threshold for a match."
Clonazepam,news,bibliographic,,Clonazepam International,verified,crossref,matched a Crossref record by title search (100% similarity); no DOI given in document
Clonazepam,web,bibliographic,,Clonazepam Use During Pregnancy,verified,crossref,matched a Crossref record by title search (100% similarity); no DOI given in document
Clonazepam,journal,bibliographic,,"Addiction: Part I. Benzodiazepines--side effects, abuse risk and alternatives",verified,crossref,matched a Crossref record by title search (100% similarity); no DOI given in document
Clonazepam,book,bibliographic,,Contemporary Oral and Maxillofacial Surgery - E-Book,verified,crossref,matched a Crossref record by title search (100% similarity); no DOI given in document
Clonazepam,web,bibliographic,,Paxam Datasheet,not_found,crossref+openalex,"no indexed record matches this description. Closest was 'DataSheet-1.docx' at 75% similarity, below the threshold for a match."
Clonazepam,web,bibliographic,,Klonopin- clonazepam tablet,verified,crossref,matched a Crossref record by title search (100% similarity); no DOI given in document
Clonazepam,journal,bibliographic,,[Studies on the detection of clonazepam and its main metabolites considering in particular thin-layer chromatography discrimination of nitrazepam and its major metabolic products (author's transl)],verified,crossref,matched a Crossref record by title search (91% similarity); no DOI given in document
Clonazepam,journal,doi,10.1016/j.forsciint.2008.12.004,Blood concentrations of clonazepam and 7-aminoclonazepam in forensic cases in Denmark for the period 2002-2007,verified,crossref,title matches record (100% similarity)
James Edmund Harting,journal,doi,10.2307/4074833,James Edmund Harting,mismatch,crossref,identifier resolves to a DIFFERENT work. Document claims 'James Edmund Harting'; record holds 'Notes and News' (41% similarity)
James Edmund Harting,news,bibliographic,,Mr. J. E. Harting (transcription),verified,crossref,matched a Crossref record by title search (100% similarity); no DOI given in document
Sarah Millin,news,bibliographic,,THE JORDANS; THE JORDANS. By Sarah Gertrude. Millin. 242 pages. New York: Boni Liveright. $2.,verified,crossref,matched a Crossref record by title search (100% similarity); no DOI given in document
Sarah Millin,news,bibliographic,,Library Adventures. Works of Sarah Gertrude Millin,verified,crossref,matched a Crossref record by title search (100% similarity); no DOI given in document
Sarah Millin,book,bibliographic,,God's Stepchildren,not_found,crossref+openalex,"no work matching this description appears in either Crossref or OpenAlex. Note that coverage of books, government reports and grey literature is incomplete even in OpenAlex, so this is evidence, not proof."
Sarah Millin,news,bibliographic,,Library Adventures. Works of Sarah Gertrude Millin,verified,crossref,matched a Crossref record by title search (100% similarity); no DOI given in document
Sarah Millin,web,bibliographic,,"Book Reviews, Sites, Romance, Fantasy, Fiction",not_found,crossref+openalex,"no indexed record matches this description. Closest was '‘Never love a cowboy’: romance fiction and fantasy families' at 71% similarity, below the threshold for a match."
Sarah Millin,book,bibliographic,,The Wizard Bird,not_found,crossref+openalex,"no indexed record matches this description. Closest was 'Azithromycin in patients admitted to hospital with COVID-19 (RECOVERY): a randomised, controlled, open-label, platform trial' at 17% similarity, below the threshold for a match."
Sarah Millin,book,bibliographic,,The South Africans,verified,crossref,matched a Crossref record by title search (100% similarity); no DOI given in document
Sarah Millin,journal,doi,10.2307/1838881,Review of General Smuts,verified,crossref,title matches record (100% similarity)
Hypochaetopsis,journal,doi,10.5479/si.00963801.2115.405,New Neotropical muscoid flies,verified,crossref,title matches record (100% similarity)
Hypochaetopsis,web,bibliographic,,Preliminary Checklist of the Tachinidae (Diptera) of the World,not_found,crossref+openalex,"no indexed record matches this description. Closest was 'EARWIG PARASITOIDS OF THE GENUS<i>TRIARTHRIA</i>STEPHENS (DIPTERA: TACHINIDAE) IN THE NEW WORLD' at 74% similarity, below the threshold for a match."
Sumlinia,web,bibliographic,,"Sumlinia Cassola & Werner, 2001",not_found,crossref+openalex,"no indexed record matches this description. Closest was 'Werner, Fritz' at 67% similarity, below the threshold for a match."
Sumlinia,journal,doi,10.1111/syen.12440,"Validation of tiger beetles as distinct family (Coleoptera: Cicindelidae), review and reclassification of tribal relationships",verified,crossref,title matches record (100% similarity)
Walter Gellhorn,news,bibliographic,,Alfred Gellhorn,not_found,crossref+openalex,"no indexed record matches this description. Closest was 'Driver-Assisted Bus Interview' at 32% similarity, below the threshold for a match."
Walter Gellhorn,book,bibliographic,,Current Biography Yearbook 1967,verified,crossref,matched a Crossref record by title search (91% similarity); no DOI given in document
Walter Gellhorn,news,bibliographic,,Social Activities,verified,crossref,matched a Crossref record by title search (100% similarity); no DOI given in document
Walter Gellhorn,journal,doi,10.2307/1121682,Walter Gellhorn,verified,crossref,title matches record (100% similarity)
Walter Gellhorn,news,bibliographic,,"Walter Gellhorn, Law Authority, Is Dead at 89",verified,crossref,matched a Crossref record by title search (100% similarity); no DOI given in document
Walter Gellhorn,news,bibliographic,,Leary Speech Schedules Law Expert,not_found,crossref+openalex,"no indexed record matches this description. Closest was 'Ethiopia hate speech law risks selective prosecutions' at 53% similarity, below the threshold for a match."
Walter Gellhorn,journal,bibliographic,,Walter Gellhorn (18 September 1906-9 December 1995),not_found,crossref+openalex,"no indexed record matches this description. Closest was '„Nationality“ at the Turn of the Century' at 31% similarity, below the threshold for a match."
Walter Gellhorn,journal,doi,10.2307/1121678,Resolution of the Faculty,verified,crossref,title matches record (100% similarity)
Acyl halide,journal,doi,10.15227/orgsyn.009.0032,n-Butyrl chloride,verified,crossref,title matches record (97% similarity)
Acyl halide,journal,doi,10.15227/orgsyn.003.0075,p-Nitrobenzoyl chloride,verified,crossref,title matches record (100% similarity)
Acyl halide,journal,doi,10.15227/orgsyn.009.0034,o-Chlorobenzoyl chloride,verified,crossref,title matches record (100% similarity)
Acyl halide,journal,doi,10.1002/047084289x.rt370.pub2,Triphenylphosphine Dibromide,not_found,crossref+openalex,Neither Crossref nor OpenAlex holds a record for this DOI. Two independent indexes have no registration for it.
Acyl halide,journal,doi,10.1021/jo00299a042,"Diiodosilane. 3. Direct synthesis of acyl iodides from carboxylic acids, esters, lactones, acyl chlorides and anhydrides",verified,crossref,title matches record (100% similarity)
Acyl halide,journal,doi,10.15227/orgsyn.026.0001,Acid Anhydrides,verified,crossref,title matches record (100% similarity)
2026 Colombia earthquake,journal,doi,10.1016/s0012-821x(03)00535-1,Recent crustal deformation and the earthquake cycle along the Ecuador-Colombia subduction zone,verified,crossref,title matches record (100% similarity)
2026 Colombia earthquake,journal,doi,10.1029/2005jb004239,Thermal regime from bottom simulating reflectors along the north Ecuador-south Colombia margin: Relation to margin segmentation and great subduction earthquakes,verified,crossref,title matches record (100% similarity)
2026 Colombia earthquake,journal,bibliographic,,Variable rupture model of the subduction zone along the Ecuador-Colombia coast,not_found,crossref+openalex,"no indexed record matches this description. Closest was 'Rupture Process of Subduction-Zone Earthquakes' at 72% similarity, below the threshold for a match."
2026 Colombia earthquake,journal,doi,10.1029/2025gl118610,Subducting Slab Thermo-Petrologic Structure and Intermediate-Depth Supra-Slab Earthquakes Beneath Southern Colombia,verified,crossref,title matches record (100% similarity)
2026 Colombia earthquake,journal,doi,10.1007/s00531-022-02227-9,The present-day tectonic regimes of the Colombian Andes and the role of slab geometry in intraplate seismicity,verified,crossref,title matches record (100% similarity)
2026 Colombia earthquake,web,bibliographic,,Global CMT Catalog Search,not_found,crossref+openalex,"no indexed record matches this description. Closest was 'Spatio-temporal clustering of successive earthquakes: analysis of a global CMT catalog.' at 84% similarity, below the threshold for a match."
2026 Colombia earthquake,web,bibliographic,,"San José del Palmar – Chocó, Colombia",not_found,crossref+openalex,"no indexed record matches this description. Closest was 'Capítulo III. De las políticas a las poéticas del cuidado en educación: una mirada sobre la subjetividad de jóvenes desplazados en San José del Palmar (Chocó)' at 85% similarity, below the threshold for a match."
2026 Colombia earthquake,news,bibliographic,,"Un fuerte terremoto de magnitud 7,4 golpea el occidente de Colombia, causando numerosos daños humanos y materiales",not_found,crossref+openalex,"no work matching this description appears in either Crossref or OpenAlex. Note that coverage of books, government reports and grey literature is incomplete even in OpenAlex, so this is evidence, not proof."
Squalius carolitertii,journal,doi,10.23818/limn.28.15,International standardization of Common Names for Iberian Endemic Freshwater Fishes,verified,crossref,title matches record (100% similarity)
Squalius carolitertii,web,bibliographic,,Family LEUCISCIDAE: Subfamily LEUCISCINAE Bonaparte 1835 (European Minnows),not_found,crossref+openalex,"no indexed record matches this description. Closest was 'Community and autonomy: Multi‐level policy‐making in the European Union' at 44% similarity, below the threshold for a match."
Squalius carolitertii,book,bibliographic,,Atlas y libro rojo de los peces continentales de España,not_found,crossref+openalex,"no indexed record matches this description. Closest was 'Atlas provisional de los peces continentales de la provincia de Alicante' at 76% similarity, below the threshold for a match."
Squalius carolitertii,journal,bibliographic,,New distribution data on Spanish autochthonous species of freshwater fish,not_found,crossref+openalex,"no work matching this description appears in either Crossref or OpenAlex. Note that coverage of books, government reports and grey literature is incomplete even in OpenAlex, so this is evidence, not proof."
Squalius carolitertii,journal,bibliographic,,Summer food resource partitioning between four sympatric fish species in Central Spain (River Tormes),not_found,crossref+openalex,"no work matching this description appears in either Crossref or OpenAlex. Note that coverage of books, government reports and grey literature is incomplete even in OpenAlex, so this is evidence, not proof."
Squalius carolitertii,journal,bibliographic,,"Ontogenetic dietary shifts and food selection of endemic Squalius carolitertii (Actinopterygii: Cypriniformes: Cyprinidae) in River Tormes, Central Spain, in summer",not_found,crossref+openalex,"no work matching this description appears in either Crossref or OpenAlex. Note that coverage of books, government reports and grey literature is incomplete even in OpenAlex, so this is evidence, not proof."
Squalius carolitertii,journal,doi,10.1016/j.ympev.2007.05.011,Reading the history of a hybrid fish complex from its molecular record,verified,crossref,title matches record (100% similarity)
Atmospheric tide,news,bibliographic,,Tides found in atmosphere,not_found,crossref+openalex,"no indexed record matches this description. Closest was 'On the evaluation of the phase relation between temperature and\nwind tides based on ground-based measurements and reanalysis\ndata in the middle atmosphere' at 86% similarity, below the threshold for a match."
Atmospheric tide,book,bibliographic,,Atmospheric Tides,verified,crossref,matched a Crossref record by title search (100% similarity); no DOI given in document
Atmospheric tide,journal,bibliographic,,The Dynamic Meteorology of the Stratosphere and Mesosphere,verified,crossref,matched a Crossref record by title search (78% similarity); no DOI given in document
Atmospheric tide,journal,doi,10.1098/rsta.1968.0003,The eigenfunctions of Laplace's tidal equation over a sphere,verified,crossref,title matches record (99% similarity)
Atmospheric tide,book,doi,10.1007/978-94-009-2861-9,Atmospheric Tidal and Planetary Waves,verified,crossref,title matches record (100% similarity)
Atmospheric tide,journal,doi,10.1029/2007ja012737,Tidal variability in the ionospheric dynamo region,verified,crossref,title matches record (100% similarity)
Atmospheric tide,journal,doi,10.1016/0021-9169(67)90139-0,Atmospheric winds between 100 and 700 km and their effects on the ionosphere,verified,crossref,title matches record (100% similarity)
Atmospheric tide,journal,doi,10.1029/jz071i013p03211,Diurnal atmospheric oscillation: 2. Thermal excitation in the upper atmosphere,verified,crossref,title matches record (100% similarity)
Qin Ming (forensic doctor),web,bibliographic,,“法医秦明”所在单位被公安部记集体一等功,not_found,crossref+openalex,"no indexed record matches this description. Closest was '公安法医鉴定在刑事案件中的应用与挑战研究' at 21% similarity, below the threshold for a match."
Qin Ming (forensic doctor),journal,doi,10.37155/2811-0625-0213-82,关于机电工程施工质量提高的方法创新浅谈,verified,crossref,title matches record (100% similarity)
Qin Ming (forensic doctor),web,bibliographic,,网络书源 - 维基百科，自由的百科全书,not_found,crossref+openalex,"no indexed record matches this description. Closest was '基于网络安全维护的计算机网络安全技术' at 29% similarity, below the threshold for a match."
Uruyiella,journal,doi,10.1111/j.1475-4983.2007.00645.x,A new temnospondyl from the Permo-Triassic Buena Vista Formation of Uruguay,verified,crossref,title matches record (100% similarity)
Uruyiella,journal,doi,10.1080/14772019.2010.492664,"Phylogenetic reappraisal of Rhytidosteidae (Stereospondyli: Trematosauria), temnospondyl amphibians from the Permian and Triassic",verified,crossref,title matches record (100% similarity)
Uruyiella,journal,doi,10.1080/14772019.2012.699006,The evolution of major temnospondyl clades: an inclusive phylogenetic analysis,verified,crossref,title matches record (100% similarity)
Uruyiella,journal,doi,10.1080/02724634.2023.2216260,A new lapillopsid from Antarctica and a reappraisal of the phylogenetic relationships of early diverging stereospondyls,verified,crossref,title matches record (100% similarity)
Uruyiella,journal,doi,10.1093/zoolinnean/zlw032,The Rhinesuchidae and early history of the Stereospondyli (Amphibia: Temnospondyli) at the end of the Palaeozoic,verified,crossref,title matches record (100% similarity)
Plea bargain,journal,bibliographic,,From legal transplants to legal translations: The globalization of plea bargaining and the Americanization thesis in criminal procedure,not_found,crossref+openalex,"no indexed record matches this description. Closest was 'Plea bargaining in Latin America' at 72% similarity, below the threshold for a match."
Plea bargain,journal,doi,10.1146/annurev-criminol-032317-092255,"Plea Bargaining, Conviction Without Trial, and the Global Administratization of Criminal Convictions",verified,crossref,title matches record (100% similarity)
Plea bargain,web,bibliographic,,Reduction in Sentence for a Guilty Plea,verified,crossref,matched a Crossref record by title search (100% similarity); no DOI given in document
Plea bargain,journal,bibliographic,,Bargaining in the Shadow of the Law-The Relationship between Plea Bargaining and Criminal Code Structure,verified,crossref,matched a Crossref record by title search (100% similarity); no DOI given in document
Plea bargain,journal,bibliographic,,Plea bargaining and social welfare,not_found,crossref+openalex,"no indexed record matches this description. Closest was 'Sequential Bargaining Under Asymmetric Information' at 52% similarity, below the threshold for a match."
Plea bargain,news,bibliographic,,Analysis: the Natwest Three plea bargain,not_found,crossref+openalex,"no indexed record matches this description. Closest was 'On the gaining of understanding; syntheses, themes and information analysis' at 54% similarity, below the threshold for a match."
Plea bargain,book,bibliographic,,Presumed Guilty: When Innocent People Are Wrongly Convicted,not_found,crossref+openalex,"no indexed record matches this description. Closest was 'When two is a crowd: mitochondrial genome merger and its aftermath' at 42% similarity, below the threshold for a match."
Plea bargain,web,bibliographic,,Code for Crown Prosecutors – Selection of Charges,verified,crossref,matched a Crossref record by title search (100% similarity); no DOI given in document
Melioration theory,journal,doi,10.1901/jeab.1961.4-267,"Relative and absolute strength of response as a function of frequency of reinforcement, 12",verified,crossref,title matches record (98% similarity)
Melioration theory,journal,doi,10.1901/jeab.1970.13-243,On the law of effect1,verified,crossref,title matches record (85% similarity)
Melioration theory,journal,doi,10.1257/jep.5.3.137,Melioration: A Theory of Distributed Choice,verified,crossref,title matches record (100% similarity)
Melioration theory,journal,doi,10.1901/jeab.1981.36-141,"Melioration, matching, and maximization",verified,crossref,title matches record (100% similarity)
Société d'électronique et d'automatisme,journal,doi,10.1109/mahc.1989.10042,History of Computing in France,verified,crossref,title matches record (100% similarity)
Société d'électronique et d'automatisme,journal,bibliographic,,"La SEA, matrice des grands DSI français",not_found,crossref+openalex,"no indexed record matches this description. Closest was ""Les débuts de l'informatique dans les universités: Un moment de la différenciation géographique des pôles scientifiques français"" at 57% similarity, below the threshold for a match."
Société d'électronique et d'automatisme,news,bibliographic,,Les Opérateurs Mathématiques Electroniques de la SEA,not_found,crossref+openalex,"no indexed record matches this description. Closest was 'Chapitre I. La Ramée et les mathématiques' at 67% similarity, below the threshold for a match."
Société d'électronique et d'automatisme,journal,bibliographic,,Exposition sur la naissance de l'informatique française,not_found,crossref+openalex,"no indexed record matches this description. Closest was 'La naissance du numérique' at 65% similarity, below the threshold for a match."
Société d'électronique et d'automatisme,web,bibliographic,,Scientific furniture from Grenoble that has become Historic Monuments: The SAE's OME P2 analog computer,not_found,crossref+openalex,"no indexed record matches this description. Closest was 'Has China become a scientific superpower?' at 69% similarity, below the threshold for a match."
Société d'électronique et d'automatisme,journal,bibliographic,,Electronic calculators and new weapon systems: Military / Industry / Academic interactions in France (1946-1959),not_found,crossref+openalex,"no indexed record matches this description. Closest was 'France and the ‘New Media’' at 74% similarity, below the threshold for a match."
Société d'électronique et d'automatisme,journal,doi,10.1109/mahc.1989.10049,An Adventure with a Sad Ending: The SEA,verified,crossref,title matches record (100% similarity)
Société d'électronique et d'automatisme,book,bibliographic,,"Informatique non américaine, volume V, section Informatique française",not_found,crossref+openalex,"no indexed record matches this description. Closest was '<i>Grammaire non sexiste de la langue française</i>, de Michaël Lessard et Suzanne Zaccour' at 50% similarity, below the threshold for a match."
Limonia triocellata,web,bibliographic,,Limonia triocellata Report,verified,crossref,matched a Crossref record by title search (100% similarity); no DOI given in document
Limonia triocellata,web,bibliographic,,Limonia triocellata Species Information,verified,crossref,matched a Crossref record by title search (100% similarity); no DOI given in document
Limonia triocellata,journal,doi,10.1134/s0013873812080118,Analysis of the taxonomic structure of the crane fly family Limoniidae (Diptera) based on the larval characters,verified,crossref,title matches record (100% similarity)
Limonia triocellata,web,bibliographic,,Catalogue of the Craneflies of the World,not_found,crossref+openalex,"no indexed record matches this description. Closest was 'On the Catalogue' at 90% similarity, below the threshold for a match."
Limonia triocellata,web,bibliographic,,Limonia triocellata Observations (inaturalist.org),not_found,crossref+openalex,"no indexed record matches this description. Closest was 'Recording your observations using iNaturalist' at 70% similarity, below the threshold for a match."
Limonia triocellata,web,bibliographic,,Limonia triocellata Observations (gbif.org),not_found,crossref+openalex,"no indexed record matches this description. Closest was 'Figure 1: Occurrence of\n                      <i>S. watsoni</i>\n                      in Europe based on observations and records from the GBIF database (GBIF, 2015).' at 59% similarity, below the threshold for a match."
Limonia triocellata,web,bibliographic,,The Crane Flies of Pennsylvania: Limoniinae,not_found,crossref+openalex,"no indexed record matches this description. Closest was 'New Limoniinae crane flies (Diptera: Limoniidae) of Korea' at 75% similarity, below the threshold for a match."
Limonia triocellata,web,bibliographic,,The Crane Flies of Pennsylvania: Crane Fly Morphology,not_found,crossref+openalex,"no indexed record matches this description. Closest was 'The crane-flies of New York' at 80% similarity, below the threshold for a match."
The Ghost of Heritage,book,bibliographic,,"Metal Music and the Re-imagining of Masculinity, Place, Race and Nation",verified,crossref,matched a Crossref record by title search (100% similarity); no DOI given in document
The Ghost of Heritage,news,bibliographic,,Winterfylleth: The Ghost of Heritage,verified,crossref,matched a Crossref record by title search (100% similarity); no DOI given in document
The Ghost of Heritage,book,bibliographic,,"Heavy Fundametalisms: Music, Metal and Politics",not_found,crossref+openalex,"no indexed record matches this description. Closest was 'The European comic published in\n                    <i>Heavy Metal</i>\n                    (1977–1990) and the “mascots” of heavy music: a proposal for an intermedial iconographic Atlas' at 64% similarity, below the threshold for a match."
The Ghost of Heritage,journal,doi,10.1080/03007766.2012.724605,The Construction of Heavy Metal Identity through Heritage Narratives: A Case Study of Extreme Metal Bands in the North of England,verified,crossref,title matches record (100% similarity)
Error correction code,journal,bibliographic,,Forward Error-Correction Coding,verified,crossref,matched a Crossref record by title search (100% similarity); no DOI given in document
Error correction code,book,bibliographic,,Practical Error Correction Design For Engineers,not_found,crossref+openalex,"no indexed record matches this description. Closest was 'Quantum Error Correction' at 80% similarity, below the threshold for a match."
Error correction code,journal,doi,10.1002/j.1538-7305.1950.tb00463.x,Error Detecting and Error Correcting Codes,verified,crossref,title matches record (100% similarity)
Error correction code,web,bibliographic,,Overview of Channel Coding,not_found,crossref+openalex,"no indexed record matches this description. Closest was 'Two-Dimensional Iterative Source-Channel Decoding for Distributed Video Coding' at 70% similarity, below the threshold for a match."
Error correction code,journal,doi,10.1155/2008/957846,A Simple Scheme for Belief Propagation Decoding of BCH and RS Codes in Multimedia Transmissions,verified,crossref,title matches record (100% similarity)
Error correction code,web,bibliographic,,What Types of ECC Should Be Used on Flash Memory?,not_found,crossref+openalex,"no indexed record matches this description. Closest was 'What Types of Public Health Proposals Should Agencies Be Funding and What Types of Evidence Should Matter?: Scientific and Ethical Considerations' at 65% similarity, below the threshold for a match."
Error correction code,web,bibliographic,,The Inconvenient Truths of NAND Flash Memory,not_found,crossref+openalex,"no indexed record matches this description. Closest was 'Memory: The Long and the Short of It; Testing Your Memory: A Self-Evaluation' at 51% similarity, below the threshold for a match."
Error correction code,web,bibliographic,,Keyboards and covert channels,verified,crossref,matched a Crossref record by title search (100% similarity); no DOI given in document
Bijoaraneus komachi,web,bibliographic,,"Bijoaraneus komachi Tanikawa, Yamasaki & Petcharad, 2021",not_found,crossref+openalex,"no indexed record matches this description. Closest was 'A new species of &lt;I&gt;Larinia&lt;/I&gt; (Araneae: Araneidae) from Thailand' at 40% similarity, below the threshold for a match."
Bijoaraneus komachi,journal,doi,10.2476/asjaa.70.87,Two new genera of Araneidae (Arachnida: Araneae),verified,crossref,title matches record (100% similarity)
Founder takes all,journal,doi,10.1016/j.tree.2012.08.024,Founder takes all: density-dependent processes structure biodiversity,verified,crossref,title matches record (100% similarity)
Founder takes all,journal,doi,10.1016/j.tree.2012.08.024,Founder takes in: density-dependent processes structure biodiversity,verified,crossref,title matches record (98% similarity)
Founder takes all,web,bibliographic,,Population Limiting Factors,not_found,crossref+openalex,"no indexed record matches this description. Closest was 'An assessment of the role of buffalo manure for pond culture of tilapia. III. Limiting factors' at 74% similarity, below the threshold for a match."
Founder takes all,journal,doi,10.1111/ecog.07117,First genomic snapshots of recolonising lineages following a devastating earthquake,verified,crossref,title matches record (100% similarity)
Founder takes all,journal,doi,10.1111/mec.16535,Parallel recolonisations generate distinct genomic sectors in kelp following high magnitude earthquake disturbance?,verified,crossref,title matches record (99% similarity)
Founder takes all,journal,doi,10.1016/j.tree.2008.04.004,Surfing during population expansions promotes genetic revolutions and structuration,verified,crossref,title matches record (100% similarity)
Founder takes all,journal,doi,10.1038/hdy.1996.142,Spatial patterns of genetic variation generated by different forms of dispersal during range expansion,verified,crossref,title matches record (100% similarity)
Founder takes all,journal,doi,10.1016/s1146-609x(02)01145-1,The Monopolization Hypothesis and the dispersal-gene flow paradox in aquatic organisms,verified,crossref,title matches record (100% similarity)
Alan M. Steinman,news,bibliographic,,Gay Ex-Officers Say 'Don't Ask' Doesn't Work,not_found,crossref+openalex,"no indexed record matches this description. Closest was ""If You Don't Ask Her, She Won't Tell You: Fecal Incontinence in Women"" at 48% similarity, below the threshold for a match."
Alan M. Steinman,web,bibliographic,,Interview with Alan M. Steinman,not_found,crossref+openalex,"no indexed record matches this description. Closest was 'Interview with Walt Wolfram' at 68% similarity, below the threshold for a match."
Alan M. Steinman,book,bibliographic,,Ask and Tell:Gay and Lesbian Veterans Speak Out,verified,crossref,matched a Crossref record by title search (80% similarity); no DOI given in document
Alan M. Steinman,journal,doi,10.1177/0095327x14545625,Medical Aspects of Transgender Military Service,verified,crossref,title matches record (100% similarity)
Alan M. Steinman,journal,bibliographic,,Arnold D. Tuttle Award—1989,not_found,crossref+openalex,"no indexed record matches this description. Closest was '1989 Arnold J. Lehman award' at 81% similarity, below the threshold for a match."
Alan M. Steinman,web,bibliographic,,Special Oversight Board,verified,crossref,matched a Crossref record by title search (100% similarity); no DOI given in document
Alan M. Steinman,web,bibliographic,,ACPM Fellowship Directory,not_found,crossref+openalex,"no indexed record matches this description. Closest was 'Minority fellowship directory available' at 89% similarity, below the threshold for a match."
Alan M. Steinman,web,bibliographic,,Alan Steinman - Recipient - Military Times Hall Of Valor,not_found,crossref+openalex,"no indexed record matches this description. Closest was 'US Military Aid and Recipient State Cooperation' at 65% similarity, below the threshold for a match."
Eric French (economist),web,bibliographic,,Professor Eric French,not_found,crossref+openalex,"no indexed record matches this description. Closest was 'Clive, Eric Mccredie, (born 24 July 1938), Honorary Professor, University of Edinburgh, since 2014 (Visiting Professor, 1999–2014)' at 80% similarity, below the threshold for a match."
Eric French (economist),web,bibliographic,,IFS - Eric French,not_found,crossref+openalex,"no indexed record matches this description. Closest was 'Perspectives on French Colonial Madagascar by Eric T. Jennings' at 85% similarity, below the threshold for a match."
Eric French (economist),web,bibliographic,,Eric French Iris Profile,not_found,crossref+openalex,"no indexed record matches this description. Closest was 'Les Iris' at 67% similarity, below the threshold for a match."
Eric French (economist),web,bibliographic,,Federal Reserve Bank of Chicago - Eric French,not_found,crossref+openalex,"no indexed record matches this description. Closest was 'The Intensity of Job Search and Search Duration' at 46% similarity, below the threshold for a match."
Eric French (economist),web,bibliographic,,Eric French MRDRC,not_found,crossref+openalex,"no indexed record matches this description. Closest was 'Perspectives on French Colonial Madagascar by Eric T. Jennings' at 79% similarity, below the threshold for a match."
Eric French (economist),web,bibliographic,,Journal of Labor Economics - Editorial Board,not_found,crossref+openalex,"no indexed record matches this description. Closest was 'Editorial Advisory Board' at 77% similarity, below the threshold for a match."
Eric French (economist),web,bibliographic,,Eric Baird French/RePEc,not_found,crossref+openalex,"no indexed record matches this description. Closest was 'Baird, (Eric) Anthony (Bamber), (born 11 Dec. 1920), Director, Institute for Complementary Medicine, 1980–2002' at 61% similarity, below the threshold for a match."
Eric French (economist),journal,doi,10.1111/iere.12262,Industry Dynamics and the Minimum Wage: A Putty-Clay Approach,verified,crossref,title matches record (100% similarity)
Intention,book,doi,10.1093/oxfordhb/9780199262618.003.0041,The Oxford Handbook of Philosophy of Mind,verified,crossref,title similarity low (31%) but authors agree (100%) — likely the same work recorded differently
Intention,book,bibliographic,,Conscious Will and Responsibility: A Tribute to Benjamin Libet,not_found,crossref+openalex,"no indexed record matches this description. Closest was 'Conscious Intentions' at 62% similarity, below the threshold for a match."
Intention,book,bibliographic,,Intentionality: An essay in the philosophy of mind,verified,crossref,matched a Crossref record by title search (100% similarity); no DOI given in document
Intention,book,bibliographic,,The child's discovery of the mind,verified,crossref,matched a Crossref record by title search (79% similarity); no DOI given in document
Intention,book,bibliographic,,Understanding the representational mind,verified,crossref,matched a Crossref record by title search (100% similarity); no DOI given in document
Intention,journal,doi,10.1006/jesp.1996.1314,The Folk Concept of Intentionality,verified,crossref,title matches record (100% similarity)
Intention,web,bibliographic,,Propositional attitudes - Routledge Encyclopedia of Philosophy,verified,crossref,matched a Crossref record by title search (100% similarity); no DOI given in document
Intention,web,bibliographic,,Britannica: intentionality,not_found,crossref+openalex,"no indexed record matches this description. Closest was 'Defining Pax Britannica' at 67% similarity, below the threshold for a match."
Nebelivka (archaeological site),journal,bibliographic,,"The planning of the earliest European proto-towns: a new geophysical plan of the Trypillia mega-site of Nebelivka, Kirovograd Domain, Ukraine",verified,crossref,matched a Crossref record by title search (100% similarity); no DOI given in document
Nebelivka (archaeological site),book,bibliographic,,ETERNITATEA ARHEOLOGIEI,not_found,crossref+openalex,"no indexed record matches this description. Closest was 'Un decupaj analitic al arheologiei paleoliticului în România' at 65% similarity, below the threshold for a match."
Nebelivka (archaeological site),journal,doi,10.1017/s0959774319000301,Trypillia Megasites in Context: Independent Urban Development in Chalcolithic Eastern Europe,verified,crossref,title matches record (100% similarity)
Nebelivka (archaeological site),book,bibliographic,,Trypillia Mega-Sites and European Prehistory: 4100-3400 BCE,not_found,crossref+openalex,"no indexed record matches this description. Closest was 'Trypillia mega-sites: a social levelling concept?' at 61% similarity, below the threshold for a match."
Nebelivka (archaeological site),news,bibliographic,,Ancient 'megasites' may reshape the history of the first cities,not_found,crossref+openalex,"no indexed record matches this description. Closest was ""Florida 'Circles' May Be Ancient Fisheries"" at 60% similarity, below the threshold for a match."
Nebelivka (archaeological site),book,bibliographic,,Early Urbanism in Europe: The Trypillia Megasites of the Ukrainian Forest-Steppe,verified,crossref,matched a Crossref record by title search (100% similarity); no DOI given in document
Strickeria,journal,bibliographic,,Outline of Ascomycota &ndash; 2007,not_found,crossref+openalex,"no indexed record matches this description. Closest was 'Outline Maps, Historical' at 55% similarity, below the threshold for a match."
Strickeria,book,doi,10.3372/epolist2022,Eine Enzyklopädie zu eponymischen Pflanzennamen,verified,crossref,title matches record (100% similarity)
Strickeria,web,bibliographic,,Strickeria - Search Page,not_found,crossref+openalex,"no indexed record matches this description. Closest was 'A taxonomic search engine' at 60% similarity, below the threshold for a match."
Arginine,web,bibliographic,,Nomenclature and Symbolism for Amino Acids and Peptides,not_found,crossref+openalex,"no indexed record matches this description. Closest was 'Amino-Acid Nomenclature' at 88% similarity, below the threshold for a match."
Arginine,web,bibliographic,,Nomenclature and Symbolism for Amino Acids and Peptides,not_found,crossref+openalex,"no indexed record matches this description. Closest was 'IUPAC-IUB [International Union of Pure and Applied Chemistry-International Union of Biochemistry] Commission of Biochemical Nomenclature. Abbreviated nomenclature of synthetic polypeptides (polymerized amino acids). Revised recommendations (1971)' at 71% similarity, below the threshold for a match."
Arginine,book,bibliographic,,Nitric Oxide: Biology and Pathobiology,verified,crossref,matched a Crossref record by title search (94% similarity); no DOI given in document
Arginine,journal,doi,10.1016/s0021-9258(19)34176-6,IUPAC-IUB Commission on Biochemical Nomenclature A One-Letter Notation for Amino Acid Sequences,verified,crossref,title matches record (98% similarity)
Arginine,web,bibliographic,,Biographie von Ernst Schulze,not_found,crossref+openalex,"no indexed record matches this description. Closest was 'Biographie über Ernst Rudolf von Trautvetter' at 83% similarity, below the threshold for a match."
Arginine,journal,bibliographic,,Ueber das Arginin,verified,crossref,matched a Crossref record by title search (100% similarity); no DOI given in document
Arginine,web,bibliographic,,BIOETYMOLOGY: ORIGIN IN BIO-MEDICAL TERMS: arginine (Arg R),not_found,crossref+openalex,"no indexed record matches this description. Closest was 'The Origin of Medical Terms' at 85% similarity, below the threshold for a match."
Arginine,journal,doi,10.1002/cber.18970300389,Ueber ein Spaltungs-product des Arginins,verified,crossref,title matches record (100% similarity)
Choline oxidase,journal,doi,10.1074/jbc.m210970200,Isolation and functional characterization of N-methyltransferases that catalyze betaine synthesis from glycine in a halotolerant photosynthetic organism Aphanothece halophytica,verified,crossref,title matches record (99% similarity)
Choline oxidase,journal,doi,10.1128/jb.173.2.472-478.1991,"Choline oxidase, a catabolic enzyme in Arthrobacter pascens, facilitates adaptation to osmotic stress in Escherichia coli",verified,crossref,title matches record (100% similarity)
Choline oxidase,journal,doi,10.1021/bi0274266,Structural characterization and mapping of the covalently linked FAD cofactor in choline oxidase from Arthrobacter globiformis,verified,crossref,title matches record (100% similarity)
Choline oxidase,journal,doi,10.1016/j.abb.2004.07.011,The trimethylammonium headgroup of choline is a major determinant for substrate binding and specificity in choline oxidase,verified,crossref,title matches record (100% similarity)
Choline oxidase,journal,doi,10.1021/ja044541q,On the catalytic mechanism of choline oxidase,verified,crossref,title matches record (100% similarity)
1880s Pacific typhoon seasons,report,bibliographic,,The Selga Chronology Part I: 1348-1900,not_found,crossref+openalex,"no indexed record matches this description. Closest was 'Reseña: Morin y el pensamiento complejo' at 40% similarity, below the threshold for a match."
1880s Pacific typhoon seasons,journal,doi,10.1002/wea.882,The 'terrific Tongking typhoon' of October 1881 - implications for the Red River Delta (northern Vietnam) in modern times,verified,crossref,title matches record (100% similarity)
1880s Pacific typhoon seasons,web,bibliographic,,"World: Highest Mortality, Tropical Cyclone",not_found,crossref+openalex,"no indexed record matches this description. Closest was 'Extreme Weather: World-Record Rainfalls During Tropical Cyclone Gamede' at 71% similarity, below the threshold for a match."
1880s Pacific typhoon seasons,web,bibliographic,,IBTrACS - International Best Track Archive for Climate Stewardship,verified,crossref,matched a Crossref record by title search (100% similarity); no DOI given in document
1880s Pacific typhoon seasons,web,bibliographic,,IBTrACS - International Best Track Archive for Climate Stewardship,verified,crossref,matched a Crossref record by title search (100% similarity); no DOI given in document
1880s Pacific typhoon seasons,web,bibliographic,,IBTrACS - International Best Track Archive for Climate Stewardship,verified,crossref,matched a Crossref record by title search (100% similarity); no DOI given in document
1880s Pacific typhoon seasons,web,bibliographic,,IBTrACS - International Best Track Archive for Climate Stewardship,verified,crossref,matched a Crossref record by title search (100% similarity); no DOI given in document
1880s Pacific typhoon seasons,web,bibliographic,,IBTrACS - International Best Track Archive for Climate Stewardship,verified,crossref,matched a Crossref record by title search (100% similarity); no DOI given in document
Polydipsia,journal,doi,10.1901/jeab.1981.36-93,Stimulus generalization of schedule-induced polydipsia,verified,crossref,title matches record (100% similarity)
Polydipsia,journal,doi,10.1016/j.krcp.2014.09.001,A case of primary aldosteronism combined with acquired nephrogenic diabetes insipidus,verified,crossref,title matches record (100% similarity)
Polydipsia,journal,doi,10.1192/j.eurpsy.2025.2088,"Xerostomia Induced by Psychiatric Medications: Prevalence, Impact, and Management",verified,crossref,title matches record (100% similarity)
Polydipsia,journal,doi,10.1136/gut.29.4.548,Non-psychogenic primary polydipsia in autoimmune chronic active hepatitis with severe hyperglobulinaemia.,verified,crossref,title matches record (100% similarity)
Polydipsia,journal,doi,10.7759/cureus.44766,The Catastrophic Effects of Psychogenic Polydipsia: A Case Report,verified,crossref,title matches record (100% similarity)
Galaxolide,web,bibliographic,,Galaxolide &#124; 1222-05-5,not_found,crossref+openalex,"no indexed record matches this description. Closest was 'nothing' at 0% similarity, below the threshold for a match."
Galaxolide,book,bibliographic,,Chemistry and Technology of Flavours and Fragrances,not_found,crossref+openalex,"no indexed record matches this description. Closest was 'Forensic Chemistry' at 67% similarity, below the threshold for a match."
Galaxolide,journal,doi,10.1002/(sici)1522-2675(19991006)82:103.0.co;2-m,Preparation and Olfactory Characterization of the Enantiomerically Pure Isomers of the Perfumery Synthetic Galaxolide,not_found,crossref+openalex,Neither Crossref nor OpenAlex holds a record for this DOI. Two independent indexes have no registration for it.
Galaxolide,web,bibliographic,,"TSCA Work Plan Chemical Risk Assessment HHCB 1,3,4,6,7,8-Hexahydro-4,6,6,7,8,8-hexamethylcyclopenta-g-2- benzopyran",not_found,crossref+openalex,"no indexed record matches this description. Closest was 'Superfund at work: Hazardous waste cleanup efforts nationwide, spring 1993 (Radium Chemical Site profile, Queens, New York)' at 42% similarity, below the threshold for a match."
Galaxolide,web,bibliographic,,PBT Profiler for CAS # 1222-05-5,not_found,crossref+openalex,"no indexed record matches this description. Closest was 'nothing' at 0% similarity, below the threshold for a match."
Galaxolide,journal,doi,10.1016/j.chemosphere.2006.05.024,The concentrations and distribution of polycyclic musks in a typical cosmetic plant,verified,crossref,title matches record (100% similarity)
Galaxolide,journal,doi,10.1039/b602389b,Retrospective monitoring of synthetic musk compounds in aquatic biota from German rivers and coastal areas,verified,crossref,title matches record (100% similarity)
Galaxolide,journal,doi,10.1016/j.chemosphere.2005.03.041,Polycyclic musk compounds in higher trophic level aquatic organisms and humans from the United States,verified,crossref,title matches record (100% similarity)
Rincon Valley Formation,journal,doi,10.1016/0037-0738(94)90055-8,"Late oligocene and miocene faulting and sedimentation, and evolution of the southern Rio Grande rift, New Mexico, USA",verified,crossref,title matches record (100% similarity)
Rincon Valley Formation,journal,bibliographic,,"Pliocene (Blancan) vertebrate fossils from the Camp Rice Formation near Tonuco Mountain, Dona Ana County, southern New Mexico",verified,crossref,matched a Crossref record by title search (100% similarity); no DOI given in document
Rincon Valley Formation,journal,bibliographic,,"Geology of San Diego Mountain area, Dona Ana County, New Mexico",verified,crossref,matched a Crossref record by title search (100% similarity); no DOI given in document
François Villette,journal,doi,10.1111/1754-0208.12077,'Bundling up the Sun-Beams': Burning Mirrors in Eighteenth-Century Knowledge and Culture: Bundling up the Sun-Beams,verified,crossref,title matches record (97% similarity)
Long-whiskered owlet,journal,bibliographic,,A new genus and species of owl (Aves: Strigidae) from Peru,not_found,crossref+openalex,"no indexed record matches this description. Closest was '<i>Lozania nunkui</i>(Lacistemataceae), a New Species from the Sandstone Plateaus of the Cordillera del Cóndor in Ecuador and Peru' at 71% similarity, below the threshold for a match."
Long-whiskered owlet,web,bibliographic,,Long-whiskered Owlet Xenoglaux loweryi,verified,crossref,matched a Crossref record by title search (100% similarity); no DOI given in document
Long-whiskered owlet,web,bibliographic,,Long-whiskered Owlet,verified,crossref,matched a Crossref record by title search (100% similarity); no DOI given in document
Long-whiskered owlet,journal,doi,10.1676/17-061.1,"The distribution, natural history, and status of the Long-whiskered Owlet (Xenoglaux loweryi)",verified,crossref,title matches record (100% similarity)
Long-whiskered owlet,journal,doi,10.1093/auk/ukz070,Extensive paraphyly in the typical owl family (Strigidae),verified,crossref,title matches record (100% similarity)
Cheek-lined wrasse,web,bibliographic,,"Aquarium Fish: The Cheeklined Maori Wrasse, Cheilinus diagrammus",not_found,crossref+openalex,"no indexed record matches this description. Closest was 'Phylogeography and Conservation Biogeography of the Humphead Wrasse, Cheilinus undulatus' at 50% similarity, below the threshold for a match."
Cheek-lined wrasse,journal,doi,10.1007/s10641-014-0374-0,"Cryptobenthic fishes and co-inhabiting shrimps associated with the mushroom coral Heliofungia actiniformis (Fungiidae) in the Davao Gulf, Philippines",verified,crossref,title matches record (100% similarity)
A. Y. P. Garnett,journal,bibliographic,,Memorial of Dr. A. Y. P. Garnett,not_found,crossref+openalex,"no indexed record matches this description. Closest was 'The Stella Bedggood Memorial Lecture: Crocodile and Crocodile Farming in Nth Queensland by Dr. S. Garnett' at 81% similarity, below the threshold for a match."
A. Y. P. Garnett,web,bibliographic,,Online Catalog-FR311-Sec. Of War- C.S. General to Dr. A.Y.P. Garnett,verified,crossref,matched a Crossref record by title search (100% similarity); no DOI given in document
A. Y. P. Garnett,book,doi,10.1093/geront/29.1.86,Transactions of the American Clinical and Climatological Association,verified,crossref,title similarity low (42%) but authors agree (100%) — likely the same work recorded differently
A. Y. P. Garnett,book,bibliographic,,"Encyclopedia of the American Civil War: A Political, Social, and Military History",verified,crossref,matched a Crossref record by title search (100% similarity); no DOI given in document
A. Y. P. Garnett,web,bibliographic,,Landmarks: Confederate Monument,not_found,crossref+openalex,"no indexed record matches this description. Closest was 'The “Silent Sam” Confederate Monument at UNC Was Toppled. What Happens Next?' at 80% similarity, below the threshold for a match."
A. Y. P. Garnett,journal,bibliographic,,Memorial of Dr. A. Y. P. Garnett,not_found,crossref+openalex,"no indexed record matches this description. Closest was 'The Stella Bedggood Memorial Lecture: Crocodile and Crocodile Farming in Nth Queensland by Dr. S. Garnett' at 81% similarity, below the threshold for a match."
Women's Rights Pioneers Monument,web,bibliographic,,Central Park unveils statue of women's rights pioneers — its first statue of real-life women,not_found,crossref+openalex,"no indexed record matches this description. Closest was 'Human Rights of Women: National and International Perspectives, and: Reconceiving Reality: Women and International Law (review)' at 53% similarity, below the threshold for a match."
Women's Rights Pioneers Monument,web,bibliographic,,First Ever Central Park Statue To Honor Women,not_found,crossref+openalex,"no indexed record matches this description. Closest was 'On the Unveiling of Shakespeare’s Statue in Central Park' at 61% similarity, below the threshold for a match."
Women's Rights Pioneers Monument,web,bibliographic,,The Statue Fund Announces The Elizabeth Cady Stanton and Susan B. Anthony Woman Suffrage Movement Monument Design Competition Winner,verified,crossref,matched a Crossref record by title search (90% similarity); no DOI given in document
Women's Rights Pioneers Monument,news,bibliographic,,Fighting to Bring Women in History to Central Park,not_found,crossref+openalex,"no indexed record matches this description. Closest was 'The Hunt for Nazi Spies. Fighting Espionage in Vichy France' at 51% similarity, below the threshold for a match."
Women's Rights Pioneers Monument,web,bibliographic,,'We have broken the bronze ceiling': First monument to real women unveiled in NYC's Central Park,not_found,crossref+openalex,"no indexed record matches this description. Closest was 'At work, women and people of color still have not broken the glass ceiling' at 63% similarity, below the threshold for a match."
Women's Rights Pioneers Monument,web,bibliographic,,Women's Rights Pioneers: A New Addition to Central Park's Landscape,not_found,crossref+openalex,"no indexed record matches this description. Closest was '<i>Substance and Shadow: Women and Addiction in the United States</i>, by Stephen R. Kandall.' at 47% similarity, below the threshold for a match."
Women's Rights Pioneers Monument,web,bibliographic,,Central Park is unveiling a statue of women's rights pioneers. It's the park's first statue of real women,not_found,crossref+openalex,"no indexed record matches this description. Closest was '""The Passion of Opposition"" in ""Women in Love"": None, One, Two, Few, Many' at 47% similarity, below the threshold for a match."
Women's Rights Pioneers Monument,web,bibliographic,,Sculptor crafting first women's statue for Central Park,not_found,crossref+openalex,"no indexed record matches this description. Closest was 'Teaching the Art and Science of Storytelling in Crafting an Authentic Brand Story' at 49% similarity, below the threshold for a match."
Life of L. Ron Hubbard from 1953 to 1967,web,bibliographic,,1982 CW Scientology Hearings - Ron DeWolf - Day 1,not_found,crossref+openalex,"no indexed record matches this description. Closest was 'Hubbard, L. Ron (1911-1986), writer and founder of Dianetics and Scientology' at 59% similarity, below the threshold for a match."
Life of L. Ron Hubbard from 1953 to 1967,news,bibliographic,,Son of Scientology,not_found,crossref+openalex,"no indexed record matches this description. Closest was 'Deaths in the Family: The Loss of a Son and the Rise of Shakespearean Comedy' at 50% similarity, below the threshold for a match."
Life of L. Ron Hubbard from 1953 to 1967,web,bibliographic,,"When Scientology was in trouble in 1955, L. Ron Hubbard told prosecutor he was a 'psychologist'",verified,crossref,matched a Crossref record by title search (93% similarity); no DOI given in document
Life of L. Ron Hubbard from 1953 to 1967,web,bibliographic,,Operation Clambake presents: FBI Files on L Ron Hubbard,not_found,crossref+openalex,"no indexed record matches this description. Closest was 'The Files' at 71% similarity, below the threshold for a match."
Life of L. Ron Hubbard from 1953 to 1967,book,bibliographic,,"They Never Said It: A Book of Fake Quotes, Misquotes, and Misleading Attributions",not_found,crossref+openalex,"no indexed record matches this description. Closest was 'Book Review' at 53% similarity, below the threshold for a match."
Life of L. Ron Hubbard from 1953 to 1967,web,bibliographic,,THE ANDERSON REPORT: CHAPTER 28,not_found,crossref+openalex,"no indexed record matches this description. Closest was 'NSW Chapter Report 2018' at 76% similarity, below the threshold for a match."
Life of L. Ron Hubbard from 1953 to 1967,web,bibliographic,,DOX: Scientology founder L. Ron Hubbard's nutty scheme to strong-arm America's psychologists « The Underground Bunker,verified,crossref,matched a Crossref record by title search (93% similarity); no DOI given in document
Life of L. Ron Hubbard from 1953 to 1967,web,bibliographic,,"STATE OF FLORIDA, CITY OF CLEARWATER PINELLAS COUNTY COMMISSION HEARING RE: THE CHURCH OF SCIENTOLOGY",not_found,crossref+openalex,"no indexed record matches this description. Closest was 'Geologic Map of Pinellas County, Florida' at 80% similarity, below the threshold for a match."
Willy Bogner Sr.,journal,bibliographic,,Maria Bogner – For changing the look of skiing forever,not_found,crossref+openalex,"no indexed record matches this description. Closest was 'Ripple Labs: Changing Cross-Border Payments Forever' at 59% similarity, below the threshold for a match."
Willy Bogner Sr.,journal,bibliographic,,The 50th anniversary of stretch pants,not_found,crossref+openalex,"no indexed record matches this description. Closest was 'Quantification of the nonlinear susceptibility of the hydrogen and deuterium stretch vibration for biomolecules in coherent Raman micro‐spectroscopy' at 55% similarity, below the threshold for a match."
Willy Bogner Sr.,news,bibliographic,,Luxury skiwear maker Bogner heads downhill fast,not_found,crossref+openalex,"no indexed record matches this description. Closest was 'Lebensqualität nach Kolonchirurgie unter „Fast Track”-Bedingungen' at 45% similarity, below the threshold for a match."
Willy Bogner Sr.,news,bibliographic,,German fashion group Bogner seeks buyer–sources,not_found,crossref+openalex,"no indexed record matches this description. Closest was 'The Fashion Buyer' at 87% similarity, below the threshold for a match."
Battle of Hexham,book,bibliographic,,The Hollow Crown: The Wars of the Roses and the Rise of the Tudors,verified,crossref,matched a Crossref record by title search (75% similarity); no DOI given in document
Battle of Hexham,book,bibliographic,,The Wars of the Roses,verified,crossref,matched a Crossref record by title search (100% similarity); no DOI given in document
Battle of Hexham,journal,bibliographic,,"The Battle of Hexham, 1464",not_found,crossref+openalex,"no indexed record matches this description. Closest was 'Total ear canal ablation in the dog: Part 2' at 42% similarity, below the threshold for a match."
Battle of Hexham,book,bibliographic,,Military Campaigns of the Wars of the Roses,not_found,crossref+openalex,"no indexed record matches this description. Closest was 'Waste management aspects of the DTE1 and RTE campaigns' at 62% similarity, below the threshold for a match."
Battle of Hexham,book,bibliographic,,Battle of Hexham in its Place,not_found,crossref+openalex,"no indexed record matches this description. Closest was 'Framing practices of wire services in modern wartime : international frames during the final six months of the Battle of Aleppo' at 59% similarity, below the threshold for a match."
Later Zhao,journal,doi,10.2307/1170959,"Size and Duration of Empires: Growth-Decline Curves, 600 B.C. to 600 A.D",verified,crossref,title matches record (100% similarity)
Later Zhao,book,bibliographic,,The Empire of the Steppes,verified,crossref,matched a Crossref record by title search (88% similarity); no DOI given in document
Choice architecture,journal,doi,10.1186/s12889-023-17331-x,Acceptability of workplace choice architecture modification for healthy behaviours,verified,crossref,title matches record (100% similarity)
Choice architecture,journal,doi,10.1016/s0262-4079(13)61510-9,A nudge in the right direction,verified,crossref,title matches record (100% similarity)
Choice architecture,journal,doi,10.1371/journal.pone.0247519,Norm-focused nudges influence pro-environmental choices and moderate post-choice emotional responses,verified,crossref,title matches record (100% similarity)
Choice architecture,journal,doi,10.1086/651235,Can there ever be too many options? A meta-analytic review of choice overload,verified,crossref,title matches record (100% similarity)
Choice architecture,journal,doi,10.1126/science.1154983,The MPG Illusion,verified,crossref,title matches record (100% similarity)
Choice architecture,journal,doi,10.1126/science.1091721,Do Defaults Save Lives?,verified,crossref,title matches record (100% similarity)
Choice architecture,journal,doi,10.1257/0002828041301632,Design choices in privatized social security systems: Learning from the Swedish experience,verified,crossref,title matches record (100% similarity)
Choice architecture,book,bibliographic,,The Behavioral Foundations of Public Policy,not_found,crossref+openalex,"no indexed record matches this description. Closest was 'Behavioral Economics, Public Policy, and Paternalism' at 72% similarity, below the threshold for a match."
Becoming white thesis,web,bibliographic,,"The ""Becoming White Thesis"" Revisited",verified,crossref,matched a Crossref record by title search (100% similarity); no DOI given in document
Becoming white thesis,web,bibliographic,,Are Italians White? The Perspective from the Pacific,verified,crossref,matched a Crossref record by title search (100% similarity); no DOI given in document
Becoming white thesis,journal,doi,10.1017/asr.2024.195,"Jochen Lingelbach. On the Edge of Whiteness: Polish Refugees in British Colonial Africa during and after the Second World War. Oxford: Berghahn Books, 2023. xi + 306 pp. 15 Illustrations. Bibliography. Index. $27.95. Paper. ISBN 978-1-78920-444-5.",verified,crossref,title matches record (100% similarity)
Becoming white thesis,web,bibliographic,,Noel Ignatiev (1940–2019),not_found,crossref+openalex,"no indexed record matches this description. Closest was 'The Limits of White Skin Privilege: Noel Ignatiev, the Sojourner Truth Organization, the Battle Against White Supremacy, and the Path to Interracial Working-Class Solidarity' at 72% similarity, below the threshold for a match."
Becoming white thesis,news,bibliographic,,Whiteness and the Historians' Imagination,verified,crossref,matched a Crossref record by title search (100% similarity); no DOI given in document
Becoming white thesis,web,bibliographic,,"Assessing Whiteness Scholarship: A Response to James Barrett, David Brody, Barbara Fields, Eric Foner, Victoria Hattam, and Adolph Reed",verified,crossref,matched a Crossref record by title search (100% similarity); no DOI given in document
Becoming white thesis,web,bibliographic,,Race in Mind: Critical Essays,not_found,crossref+openalex,"no indexed record matches this description. Closest was 'What’s Critical about White Studies' at 51% similarity, below the threshold for a match."
Becoming white thesis,web,bibliographic,,"Almost All Aliens: Immigration, Race, and Colonialism in American History and Identity",verified,crossref,matched a Crossref record by title search (100% similarity); no DOI given in document
Richenda C. Scott,news,bibliographic,,Democrat from Hitchin,not_found,crossref+openalex,"no indexed record matches this description. Closest was 'From Tractarian to Democrat: The Intellectual Formation of E. A. Freeman' at 76% similarity, below the threshold for a match."
Richenda C. Scott,journal,bibliographic,,"Review of Tradition and experience. By Richenda C. Scott Swarthmore Lecture, 1964",not_found,crossref+openalex,"no indexed record matches this description. Closest was 'The Mystical Experience' at 61% similarity, below the threshold for a match."
Richenda C. Scott,web,bibliographic,,"""Whitney, Janet (Payne) (1894-1974)""",not_found,crossref+openalex,"no indexed record matches this description. Closest was 'Sobel, Janet (1894-1968), painter' at 69% similarity, below the threshold for a match."
Richenda C. Scott,book,bibliographic,,The Dentists Register,verified,crossref,matched a Crossref record by title search (100% similarity); no DOI given in document
Richenda C. Scott,web,bibliographic,,A memory of Hitchin Museum from its first curator - North Hertfordshire Museum,not_found,crossref+openalex,"no indexed record matches this description. Closest was 'Museum of Fine Arts, Boston: The First One Hundred Years' at 55% similarity, below the threshold for a match."
Richenda C. Scott,news,bibliographic,,The Council Nominations,verified,crossref,matched a Crossref record by title search (90% similarity); no DOI given in document
Richenda C. Scott,book,bibliographic,,The Municipal Year Book and Public Utilities Directory,not_found,crossref+openalex,"no indexed record matches this description. Closest was 'Australian Cases Involving Questions of Public International Law 2001' at 41% similarity, below the threshold for a match."
Richenda C. Scott,book,bibliographic,,Women's Who's Who,verified,crossref,matched a Crossref record by title search (100% similarity); no DOI given in document
Feltia manifesta,web,bibliographic,,Feltia manifesta Report,not_found,crossref+openalex,"no indexed record matches this description. Closest was 'Manifesta 13 Marseille' at 58% similarity, below the threshold for a match."
Feltia manifesta,web,bibliographic,,"North American Moth Photographers Group, Feltia manifesta",not_found,crossref+openalex,"no indexed record matches this description. Closest was 'Early American Anthropologists as Photographers of North American Indians' at 67% similarity, below the threshold for a match."
Feltia manifesta,web,bibliographic,,Feltia manifesta,not_found,crossref+openalex,"no indexed record matches this description. Closest was 'Manifesta 13 Marseille' at 72% similarity, below the threshold for a match."
Feltia manifesta,web,bibliographic,,Feltia manifesta species Information,not_found,crossref+openalex,"no indexed record matches this description. Closest was 'Manifesta 13 Marseille' at 59% similarity, below the threshold for a match."
Feltia manifesta,journal,doi,10.3897/zookeys.40.414,"Annotated check list of the Noctuoidea (Insecta, Lepidoptera) of North America north of Mexico",verified,crossref,title matches record (100% similarity)
Feltia manifesta,journal,doi,10.3897/zookeys.527.6151,"Additions and corrections to the checklist of the Noctuoidea (Insecta, Lepidoptera) of North America north of Mexico, III",verified,crossref,title matches record (100% similarity)
Feltia manifesta,report,doi,10.13140/rg.2.1.2186.3287,"Annotated taxonomic checklist of the Lepidoptera of North America, North of Mexico",verified,openalex,"not in Crossref, but OpenAlex holds it (other): title matches record (100% similarity)"
Austria,web,bibliographic,,Migration and Integration 2025,verified,crossref,matched a Crossref record by title search (100% similarity); no DOI given in document
Austria,web,bibliographic,,Religionsbekenntnis – STATISTIK AUSTRIA – die Informationsmanager,not_found,crossref+openalex,"no indexed record matches this description. Closest was 'VI. Das Religionsbekenntnis' at 84% similarity, below the threshold for a match."
Austria,web,bibliographic,,Hofburg-Wahl: 'Österreich ist ein sehr ungewöhnlicher Fall',not_found,crossref+openalex,"no indexed record matches this description. Closest was 'Fall Waldheim ist ein Fall Österreich' at 84% similarity, below the threshold for a match."
Austria,journal,doi,10.1057/palgrave.fp.8200087,Semi-Presidential Systems: Dual Executive And Mixed Authority Patterns,verified,crossref,title matches record (100% similarity)
Austria,book,doi,10.1093/0198293860.003.0002,Semi-Presidentialism in Europe,verified,crossref,title similarity low (27%) but authors agree (100%) — likely the same work recorded differently
Austria,web,bibliographic,,Surface water and surface water change,verified,crossref,matched a Crossref record by title search (100% similarity); no DOI given in document
Austria,web,bibliographic,,World Economic Outlook Database (April 2026 Edition),not_found,crossref+openalex,"no indexed record matches this description. Closest was 'World Economic Outlook, April 1988 (English)' at 81% similarity, below the threshold for a match."
Austria,web,bibliographic,,Gini coefficient of equivalised disposable income – EU-SILC survey,not_found,crossref+openalex,"no indexed record matches this description. Closest was 'Figure 1.9. Gini coefficient of disposable income' at 87% similarity, below the threshold for a match."
Border control,web,bibliographic,,"Border Control Law and Legal Definition &#124; USLegal, Inc",not_found,crossref+openalex,"no indexed record matches this description. Closest was 'Artificial Intelligence in Law Enforcement and Border Control: Legal Challenges of Surveillance, Bias, and Accountability' at 67% similarity, below the threshold for a match."
Border control,web,bibliographic,,Beyond the Border &#124; History Today,not_found,crossref+openalex,"no indexed record matches this description. Closest was 'Bu, Ping: Historical Perceptions: Within the Border or beyond the Border?' at 65% similarity, below the threshold for a match."
Border control,book,bibliographic,,The First Great Political Realist: Kautilya and His Arthashastra,not_found,crossref+openalex,"no indexed record matches this description. Closest was ""Kautilya's<i>Arthashastra</i>: a Pendulum Theory of History"" at 68% similarity, below the threshold for a match."
Border control,book,bibliographic,,China's early empires: a re-appraisal,not_found,crossref+openalex,"no indexed record matches this description. Closest was 'Intergenerational Equity during the Early Empires in China' at 69% similarity, below the threshold for a match."
Border control,book,bibliographic,,"The Jews of Medieval Islam: Community, Society, and Identity",verified,crossref,matched a Crossref record by title search (100% similarity); no DOI given in document
Border control,news,bibliographic,,Analysis: The first ID cards,not_found,crossref+openalex,"no indexed record matches this description. Closest was 'Use Of Neural Network Analysis To Calculate Healing Rates And Week Of Closure In The Treatment Of Diabetic Foot Ulcers With Dermagraft' at 62% similarity, below the threshold for a match."
Border control,book,bibliographic,,Plague and Contagion in the Islamic Mediterranean,verified,crossref,matched a Crossref record by title search (78% similarity); no DOI given in document
Border control,journal,bibliographic,,Chinese Exclusion Act,not_found,crossref+openalex,"no work matching this description appears in either Crossref or OpenAlex. Note that coverage of books, government reports and grey literature is incomplete even in OpenAlex, so this is evidence, not proof."
Whitehead No. 21,book,bibliographic,,The road to Kitty Hawk,not_found,crossref+openalex,"no indexed record matches this description. Closest was 'Road Trip Haibun – 2016 (after Bashō)' at 40% similarity, below the threshold for a match."
Whitehead No. 21,book,bibliographic,,Aviation: an Historical Survey,verified,crossref,matched a Crossref record by title search (100% similarity); no DOI given in document
Whitehead No. 21,web,bibliographic,,Executive Overview: Jane's All the World's Aircraft: Development & Production,not_found,crossref+openalex,"no indexed record matches this description. Closest was 'Development of textile composite preforms for aircraft primary structures' at 56% similarity, below the threshold for a match."
Whitehead No. 21,web,bibliographic,,Connecticut lawmaker holds fast to 1st-in-flight claim,not_found,crossref+openalex,"no indexed record matches this description. Closest was 'Fast Sermons' at 50% similarity, below the threshold for a match."
Whitehead No. 21,journal,bibliographic,,The Flight Claims of Gustave Whitehead,verified,crossref,matched a Crossref record by title search (78% similarity); no DOI given in document
Whitehead No. 21,news,bibliographic,,The Air Pioneer History Forgot,not_found,crossref+openalex,"no indexed record matches this description. Closest was 'Recent Trends in Food History Research in the United States: 2017-19' at 54% similarity, below the threshold for a match."
Whitehead No. 21,web,bibliographic,,Cliff Robertson,not_found,crossref+openalex,"no indexed record matches this description. Closest was '4. THE SOUTH AFRICAN CLIFF SWALLOW' at 50% similarity, below the threshold for a match."
Whitehead No. 21,web,bibliographic,,The Celebrity Collector: Cliff Robertson Collects Vintage Aircraft,not_found,crossref+openalex,"no indexed record matches this description. Closest was 'Robertson, Jeannie' at 69% similarity, below the threshold for a match."
Thailand Tokamak-1,journal,doi,10.1016/j.fusengdes.2022.113254,Fast-ion orbit analysis in Thailand Tokamak-1,verified,crossref,title matches record (100% similarity)
Thailand Tokamak-1,journal,doi,10.1016/j.fusengdes.2023.113419,Feasibility study of neutral beam injection in Thailand Tokamak-1,verified,crossref,title matches record (100% similarity)
Thailand Tokamak-1,web,bibliographic,,Thailand debuts first tokamak device with help from Chinese scientists,not_found,crossref+openalex,"no indexed record matches this description. Closest was 'Living with internationalization: the changing face of the academic life of Chinese social scientists' at 53% similarity, below the threshold for a match."
Thailand Tokamak-1,web,bibliographic,,"Thailand Launches First Tokamak in Southeast Asia, as Major Milestone in Clean Energy Research",not_found,crossref+openalex,"no work matching this description appears in either Crossref or OpenAlex. Note that coverage of books, government reports and grey literature is incomplete even in OpenAlex, so this is evidence, not proof."
ASCEND,book,doi,10.1109/hicss.1992.183516,Proceedings of the Twenty-Fifth Hawaii International Conference on System Sciences,verified,crossref,title similarity low (41%) but authors agree (100%) — likely the same work recorded differently
ASCEND,book,doi,10.1109/cacsd.1999.808720,Proceedings of the 1999 IEEE International Symposium on Computer Aided Control System Design (Cat. No.99TH8404),verified,crossref,title similarity low (43%) but authors agree (100%) — likely the same work recorded differently
ASCEND,journal,doi,10.1115/1.1344877,Modeling and Simulation Methods for Design of Engineering Systems,verified,crossref,title matches record (100% similarity)
ASCEND,web,bibliographic,,Google Summer of Code 2013,not_found,crossref+openalex,"no indexed record matches this description. Closest was 'Google Summer of Code: An Introduction' at 89% similarity, below the threshold for a match."
Zaheer Yousef,web,bibliographic,,Dina Asher-Smith among King's alumni named in New Year Honours,not_found,crossref+openalex,"no indexed record matches this description. Closest was 'Depression and mental health service use among 12–17\xa0year old U.S. adolescents: Associations with current parental and sibling military service' at 44% similarity, below the threshold for a match."
Zaheer Yousef,web,bibliographic,,Cardiff and Vale UHB colleagues recognised in the New Year's Honours List,not_found,crossref+openalex,"no indexed record matches this description. Closest was ""Vets recognised in King's New Year honours list"" at 88% similarity, below the threshold for a match."
Zaheer Yousef,web,bibliographic,,The Consultant Cardiologist honoured for services to heart failure,not_found,crossref+openalex,"no indexed record matches this description. Closest was 'McDonald, (Edward) Lawson, (8 Feb. 1918–13 Jan. 2007), Hon. Consultant Cardiologist: National Heart Hospital, since 1983 (Consultant Cardiologist, 1961–83); Canadian Red Cross Memorial Hospital, Taplow, 1960–83; Consultant Cardiologist: King Edward VII’s Hospital for Officers, London, 1968–88; to King Edward VII Hospital, Midhurst, 1970–92, Emeritus, 1992; Senior Lecturer to the Institute of Cardiology, 1961–83' at 75% similarity, below the threshold for a match."
Zaheer Yousef,web,bibliographic,,Wales Heart Research Institute (WHRI),verified,crossref,matched a Crossref record by title search (92% similarity); no DOI given in document
Zaheer Yousef,web,bibliographic,,Welsh Cardiovascular Society,not_found,crossref+openalex,"no indexed record matches this description. Closest was 'Response by Welsh et al to Letter Regarding Article “Urinary Sodium Excretion, Blood Pressure, and Risk of Future Cardiovascular Disease and Mortality in Subjects Without Prior Cardiovascular Disease”' at 83% similarity, below the threshold for a match."
Zaheer Yousef,web,bibliographic,,New pacemaker returns Gaynor Wright to 'normal' life,not_found,crossref+openalex,"no indexed record matches this description. Closest was 'Are Lower Private Equity Returns the New Normal?' at 64% similarity, below the threshold for a match."
Zaheer Yousef,news,bibliographic,,Cardiac screening programme an important element of player care at Swansea City,not_found,crossref+openalex,"no indexed record matches this description. Closest was 'Preparing a\xa0homily as an important element of pastoral care' at 68% similarity, below the threshold for a match."
Zaheer Yousef,journal,doi,10.5837/bjc.2016.033,Eligibility of patients for sacubitril/valsartan in a secondary care heart failure service,verified,crossref,title matches record (100% similarity)
Thalamic reticular nucleus,book,bibliographic,,The Central Nervous System,verified,crossref,matched a Crossref record by title search (82% similarity); no DOI given in document
Thalamic reticular nucleus,journal,doi,10.1523/jneurosci.22-19-08754.2002,New intrathalamic pathways allowing modality-related and cross-modality switching in the dorsal thalamus,verified,crossref,title matches record (100% similarity)
Thalamic reticular nucleus,journal,doi,10.1002/cne.901620302,Some aspects of the organization of the thalamic reticular complex,verified,crossref,title matches record (100% similarity)
Thalamic reticular nucleus,journal,doi,10.1016/0165-0173(94)00008-d,Functional anatomy of the basal ganglia. II. The place of subthalamic nucleus and external pallidium in basal ganglia circuitry,verified,crossref,title matches record (100% similarity)
Thalamic reticular nucleus,book,bibliographic,,The cerebral cortex and thalamus,not_found,crossref+openalex,"no indexed record matches this description. Closest was 'The Thalamic Reticular Nucleus' at 58% similarity, below the threshold for a match."
Thalamic reticular nucleus,journal,doi,10.1073/pnas.0910894106,Her6 regulates the neurogenetic gradient and neuronal identity in the thalamus,verified,crossref,title matches record (100% similarity)
Thalamic reticular nucleus,book,bibliographic,,The cerebral cortex and thalamus,not_found,crossref+openalex,"no indexed record matches this description. Closest was 'FoxP2 is a Parvocellular-Specific Transcription Factor in the Visual Thalamus of Monkeys and Ferrets' at 67% similarity, below the threshold for a match."
Thalamic reticular nucleus,journal,doi,10.1523/jneurosci.0656-09.2009,Sonic hedgehog signaling controls thalamic progenitor identity and nuclei specification in mice,verified,crossref,title matches record (100% similarity)
Moeed Yusuf,web,bibliographic,,Chairperson SPPC Bio,verified,crossref,matched a Crossref record by title search (100% similarity); no DOI given in document
Moeed Yusuf,web,bibliographic,,Moeed W. Yusuf SAPM on National Security & Strategic Policy Planning,verified,crossref,matched a Crossref record by title search (95% similarity); no DOI given in document
Moeed Yusuf,news,bibliographic,,USIP dismisses false claims against Dr Moeed Yusuf,not_found,crossref+openalex,"no indexed record matches this description. Closest was 'Schooling against False Claims' at 80% similarity, below the threshold for a match."
Moeed Yusuf,web,bibliographic,,Alumni Spotlight: Moeed Yusuf Makes Policy Waves,verified,crossref,matched a Crossref record by title search (100% similarity); no DOI given in document
Moeed Yusuf,web,bibliographic,,Moeed Yusuf &#124; The Frederick S. Pardee Center for the Study of the Longer-Range Future,not_found,crossref+openalex,"no indexed record matches this description. Closest was 'Participatory Modeling of Climate Change Impacts on Public Health in Long Beach, California: Discussion from a Workshop Hosted by the RAND Frederick S. Pardee Center for Longer Range Global Policy and the Future Human Condition' at 84% similarity, below the threshold for a match."
Moeed Yusuf,news,bibliographic,,Moeed appointed planning cell chief,not_found,crossref+openalex,"no indexed record matches this description. Closest was 'Blanchard Appointed IMF Chief Economist' at 60% similarity, below the threshold for a match."
Moeed Yusuf,news,bibliographic,,PM appoints Dr Moeed Yusuf as special assistant on national security,not_found,crossref+openalex,"no indexed record matches this description. Closest was ""Cutler, Robert (12 June 1895–08 May 1974), President Dwight D. Eisenhower's special assistant for national security affairs"" at 68% similarity, below the threshold for a match."
Moeed Yusuf,news,bibliographic,,Book Review: Brokering peace in nuclear environments,verified,crossref,matched a Crossref record by title search (100% similarity); no DOI given in document
Science of Science and Reflexivity,journal,doi,10.1177/1368431005054800,Book Review: Science of Science and Reflexivity,verified,crossref,title matches record (100% similarity)
Science of Science and Reflexivity,journal,doi,10.1086/504643,Review of Science of Science and Reflexivity,verified,crossref,title matches record (88% similarity)
Science of Science and Reflexivity,journal,doi,10.1177/0048393106293459,Book Review: Science of Science and Reflexivity,verified,crossref,title matches record (100% similarity)
Science of Science and Reflexivity,journal,doi,10.1353/sof.2006.0119,Review of Science of Science and Reflexivity,verified,crossref,title matches record (88% similarity)
Science of Science and Reflexivity,book,bibliographic,,Science of Science and Reflexivity,verified,crossref,matched a Crossref record by title search (100% similarity); no DOI given in document
Science of Science and Reflexivity,journal,doi,10.1177/053901847501400602,The specificity of the scientific field and the social conditions of the progress of reason,verified,crossref,title matches record (100% similarity)
Science of Science and Reflexivity,book,bibliographic,,Outline of a Theory of Practice,verified,crossref,matched a Crossref record by title search (100% similarity); no DOI given in document
Acacia anarthros,web,bibliographic,,Acacia anarthros,not_found,crossref+openalex,"no indexed record matches this description. Closest was 'Acacia paradoxa (kangaroo acacia)' at 65% similarity, below the threshold for a match."
Acacia anarthros,web,bibliographic,,Acacia anarthros,not_found,crossref+openalex,"no indexed record matches this description. Closest was 'Acacia cyperophylla Var, omearana, a a New Variety of ""Minni Ritchi"" Acacia from the Pilbara Region of Western Australia' at 55% similarity, below the threshold for a match."
Acacia anarthros,web,bibliographic,,Acacia anarthros Maslin,not_found,crossref+openalex,"no indexed record matches this description. Closest was '<i>Acacia veronica</i>\n                    Maslin (Leguminosae : Mimosoideae), a new species of\n                    <i>Acacia</i>\n                    endemic in the Stirling Range, Western Australia' at 72% similarity, below the threshold for a match."
Acacia anarthros,journal,doi,10.58828/nuy00049,Studies in the genus Acacia (Mimosaceae) - 9 Additional notes on the Series Pulchellae Benth.,verified,crossref,title matches record (96% similarity)
Acacia anarthros,web,bibliographic,,Acacia anarthros,not_found,crossref+openalex,"no indexed record matches this description. Closest was 'Acacia paradoxa (kangaroo acacia)' at 65% similarity, below the threshold for a match."
Acacia anarthros,web,bibliographic,,Conservation codes for Western Australian Flora and Fauna,not_found,crossref+openalex,"no indexed record matches this description. Closest was 'Compositional patterns in terrestrial fauna and wetland flora and fauna across the Pilbara biogeographic region of Western Australia and the representativeness of its conservation reserve system' at 77% similarity, below the threshold for a match."
Schoellkopf Power Station,web,bibliographic,,Weekly list of actions taken on properties: 3/18/13 through 3/22/13,not_found,crossref+openalex,"no indexed record matches this description. Closest was 'Regulatory Actions' at 56% similarity, below the threshold for a match."
Schoellkopf Power Station,news,bibliographic,,The collapse of Schoellkopf,not_found,crossref+openalex,"no indexed record matches this description. Closest was 'A method to determine cover-collapse frequency in the Western Pennyroyal karst of Kentucky' at 71% similarity, below the threshold for a match."
Schoellkopf Power Station,web,bibliographic,,Cultural Resource Information System (CRIS),not_found,crossref+openalex,"no indexed record matches this description. Closest was 'CRIS: A Mobile and Web-Based Chainsaw Registration Information System for Strengthening Digital Compliance in Forest Resource Management' at 88% similarity, below the threshold for a match."
Schoellkopf Power Station,web,bibliographic,,National Register of Historic Places Registration Form: Schoellkopf Power Station No. 3 Site,not_found,crossref+openalex,"no indexed record matches this description. Closest was 'On the electric power potential from paddy straw in the Punjab and the optimal size of the power generation station' at 52% similarity, below the threshold for a match."
Schoellkopf Power Station,web,bibliographic,,Schoellkopf Power Plant,not_found,crossref+openalex,"no indexed record matches this description. Closest was 'The Schoellkopf Disaster: Aftermath in the Niagara River Gorge [History]' at 65% similarity, below the threshold for a match."
Schoellkopf Power Station,web,bibliographic,,Niagara Falls History of Power Development - the Schoellkopf Power Plant,verified,crossref,matched a Crossref record by title search (91% similarity); no DOI given in document
Schoellkopf Power Station,journal,doi,10.1109/mpae.2008.4412948,25-Hz at Niagara Falls &#91;history&#93;,verified,crossref,title matches record (100% similarity)
Schoellkopf Power Station,web,bibliographic,,The Power Plant,not_found,crossref+openalex,"no indexed record matches this description. Closest was 'IFAC SYMPOSIUM ON POWER SYSTEM AND POWER PLANT CONTROL' at 85% similarity, below the threshold for a match."
CD31,journal,doi,10.1126/science.1690453,PECAM-1 (CD31) cloning and relation to adhesion molecules of the immunoglobulin gene superfamily,verified,crossref,title matches record (100% similarity)
CD31,journal,doi,10.1006/geno.1996.0272,The human PECAM1 gene maps to 17q23,verified,crossref,title matches record (100% similarity)
CD31,journal,doi,10.1006/geno.1996.0546,"Fluorescence in situ hybridization mapping of the mouse platelet endothelial cell adhesion molecule-1 (PECAM1) to mouse chromosome 6, region F3-G1",verified,crossref,title matches record (95% similarity)
CD31,journal,doi,10.1084/jem.171.6.2147,"Molecular cloning of CD31, a putative intercellular adhesion molecule closely related to carcinoembryonic antigen",verified,crossref,title matches record (100% similarity)
CD31,journal,doi,10.1126/science.1690453,PECAM-1 (CD31) cloning and relation to adhesion molecules of the immunoglobulin gene superfamily,verified,crossref,title matches record (100% similarity)
CD31,journal,doi,10.1083/jcb.114.5.1059,Molecular and cellular properties of PECAM-1 (endoCAM/CD31): a novel vascular cell-cell adhesion molecule,verified,crossref,title matches record (100% similarity)
CD31,journal,doi,10.1016/0167-5699(94)90195-3,Molecular and functional aspects of PECAM-1/CD31,verified,crossref,title matches record (100% similarity)
CD31,journal,doi,10.1074/jbc.271.31.18561,Platelet endothelial cell adhesion molecule-1 (PECAM-1) homophilic adhesion is mediated by immunoglobulin-like domains 1 and 2 and depends on the cytoplasmic domain and the level of surface expression,verified,crossref,title matches record (100% similarity)
Ferdinand Foch,web,bibliographic,,"Birth certificate of Foch, Ferdinand",not_found,crossref+openalex,"no indexed record matches this description. Closest was 'Role and functions of the shirt in birth customs' at 48% similarity, below the threshold for a match."
Ferdinand Foch,web,bibliographic,,"Death certificate of Foch, Ferdinand",not_found,crossref+openalex,"no indexed record matches this description. Closest was 'TYPES OF LIMITATIONS FOR VALIDITY OF COMMERCIAL PILOT MEDICAL CERTIFICATE AND RECORDS IN MEDICAL REPORTS' at 57% similarity, below the threshold for a match."
Ferdinand Foch,book,bibliographic,,"Marshal Ferdinand Foch, His Life and His Theory of Modern War",not_found,crossref+openalex,"no work matching this description appears in either Crossref or OpenAlex. Note that coverage of books, government reports and grey literature is incomplete even in OpenAlex, so this is evidence, not proof."
Ferdinand Foch,book,bibliographic,,The Patterns of War Since the Eighteenth Century,verified,crossref,matched a Crossref record by title search (100% similarity); no DOI given in document
Ferdinand Foch,book,bibliographic,,The Gathering Storm,verified,crossref,matched a Crossref record by title search (100% similarity); no DOI given in document
Ferdinand Foch,book,bibliographic,,Foch – The Man of Orleans,not_found,crossref+openalex,"no indexed record matches this description. Closest was 'Toward an Ideal of Moral and Democratic Education: Afro-Creoles and Straight University in Reconstruction New Orleans, 1862-1896' at 61% similarity, below the threshold for a match."
Ferdinand Foch,book,bibliographic,,Paris 1919: Six Months That Changed the World,verified,crossref,matched a Crossref record by title search (100% similarity); no DOI given in document
Ferdinand Foch,web,bibliographic,,"Ferdinand Foch: Biography, World War I & Accomplishments",not_found,crossref+openalex,"no indexed record matches this description. Closest was 'Evisceration Following Abdominal Stab Wounds: Analysis of 66 Cases' at 41% similarity, below the threshold for a match."
Étienne Raoul,journal,doi,10.1080/0028825x.1976.10428896,E.F.L. and E.F.A. Raoul,verified,crossref,title matches record (100% similarity)
Étienne Raoul,book,bibliographic,,Plant Life on Banks Peninsula,verified,crossref,matched a Crossref record by title search (77% similarity); no DOI given in document
Étienne Raoul,book,bibliographic,,Choix de plantes de la Nouvelle-Zelande,not_found,crossref+openalex,"no indexed record matches this description. Closest was 'Pour une nouvelle approche de la mobilité' at 65% similarity, below the threshold for a match."
Thitarodes yadongensis,journal,doi,10.5281/zenodo.8292447,A revised world catalogue of Ghost Moths (Lepidoptera: Hepialidae) with taxonomic and biological annotations,verified,openalex,"not in Crossref, but OpenAlex holds it (article): title matches record (100% similarity)"
Harlan (crater),book,bibliographic,,NASA Catalogue of Lunar Nomenclature,verified,crossref,matched a Crossref record by title search (100% similarity); no DOI given in document
Harlan (crater),web,bibliographic,,Gazetteer of Planetary Nomenclature,verified,crossref,matched a Crossref record by title search (77% similarity); no DOI given in document
Harlan (crater),book,bibliographic,,The Clementine Atlas of the Moon,verified,crossref,matched a Crossref record by title search (100% similarity); no DOI given in document
Harlan (crater),book,bibliographic,,Who's Who on the Moon: A Biographical Dictionary of Lunar Nomenclature,not_found,crossref+openalex,"no indexed record matches this description. Closest was 'Lunar Ice: Adsorbed Water on Subsurface Polar Dust' at 46% similarity, below the threshold for a match."
Harlan (crater),web,bibliographic,,Lunar Nomenclature,verified,crossref,matched a Crossref record by title search (80% similarity); no DOI given in document
Harlan (crater),journal,doi,10.1007/bf00171763,Report on Lunar Nomenclature by the Working Group of Commission 17 of the IAU,verified,crossref,title matches record (100% similarity)
Harlan (crater),book,bibliographic,,The Moon Observer's Handbook,not_found,crossref+openalex,"no indexed record matches this description. Closest was 'Sexual Politics in Welty\'s ""Moon Lake"" and ""Petrified Man""' at 44% similarity, below the threshold for a match."
Harlan (crater),book,bibliographic,,Atlas of the Moon,not_found,crossref+openalex,"no work matching this description appears in either Crossref or OpenAlex. Note that coverage of books, government reports and grey literature is incomplete even in OpenAlex, so this is evidence, not proof."
Stygimoloch,journal,doi,10.1139/e83-043,New data on pachycephalosaurid dinosaurs (Reptilia: Ornithischia) from North America,verified,crossref,title matches record (100% similarity)
Stygimoloch,journal,bibliographic,,Anatomy and classification of the North American Pachycephalosauria (Dinosauria: Ornithischia),not_found,crossref+openalex,"no indexed record matches this description. Closest was 'New data on pachycephalosaurid dinosaurs (Reptilia: Ornithischia) from North America' at 71% similarity, below the threshold for a match."
Stygimoloch,journal,doi,10.1080/02724634.1988.10011672,A new pachycephalosaurid skull (Ornithischia) from the Cretaceous Hell Creek Formation of Montana,verified,crossref,title matches record (100% similarity)
Stygimoloch,journal,doi,10.1080/02724634.1998.10011064,Cranial anatomy and diagnosis of Stygimoloch spinifer (Ornithischia: Pachycephalosauria) with comments on cranial display structures in agonistic behavior,verified,crossref,title matches record (100% similarity)
Stygimoloch,journal,bibliographic,,A taxonomic review of the Pachycephalosauridae (Dinosauria: Ornithischia),verified,crossref,matched a Crossref record by title search (82% similarity); no DOI given in document
Stygimoloch,web,bibliographic,,Dinosaurs on the Block,not_found,crossref+openalex,"no indexed record matches this description. Closest was 'A New Kid on the Block: IL-10+ Regulatory B Cells and a Possible Role In Psoriasis' at 71% similarity, below the threshold for a match."
Stygimoloch,web,bibliographic,,"Clayton Phipps, Dino Cowboy",not_found,crossref+openalex,"no indexed record matches this description. Closest was 'Safety and equity in scaling minimally invasive surgery worldwide in 109 countries using cholecystectomy as a tracer procedure: a prospective cohort study' at 21% similarity, below the threshold for a match."
Stygimoloch,journal,doi,10.1371/journal.pone.0007626,Extreme Cranial Ontogeny in the Upper Cretaceous Dinosaur Pachycephalosaurus,verified,crossref,title matches record (100% similarity)
Astragalus bisulcatus,web,bibliographic,,Astragalus bisulcatus,not_found,crossref+openalex,"no work matching this description appears in either Crossref or OpenAlex. Note that coverage of books, government reports and grey literature is incomplete even in OpenAlex, so this is evidence, not proof."
Astragalus bisulcatus,web,bibliographic,,USDA Plants Database,verified,crossref,matched a Crossref record by title search (100% similarity); no DOI given in document
Astragalus bisulcatus,web,bibliographic,,Notes on poisoning: Astragalus bisulcatus,not_found,crossref+openalex,"no indexed record matches this description. Closest was 'Seleno-Amino Acid Found in\n            <i>Astragalus bisulcatus</i>' at 69% similarity, below the threshold for a match."
Astragalus bisulcatus,book,bibliographic,,North American flora,not_found,crossref+openalex,"no indexed record matches this description. Closest was 'To the knowledge of liverwort flora of Balagan Mountain and Vengeri River Valley (Sakhalin Island, North-West Pacific)' at 71% similarity, below the threshold for a match."
Astragalus bisulcatus,book,bibliographic,,Sagebrush Country: A Wildflower Sanctuary,verified,crossref,matched a Crossref record by title search (100% similarity); no DOI given in document
Astragalus bisulcatus,web,bibliographic,,"Southwest Colorado Wildflowers, Astragalus bisulcatus",not_found,crossref+openalex,"no indexed record matches this description. Closest was ""Wildflowers (I'm Not Sure)"" at 63% similarity, below the threshold for a match."
Astragalus bisulcatus,journal,doi,10.1104/pp.112.199307,Selenium Distribution and Speciation in the Hyperaccumulator Astragalus bisulcatus and Associated Ecological Partners,verified,crossref,title matches record (100% similarity)
Astragalus bisulcatus,journal,doi,10.1104/pp.111.183897,A comparison of sulfate and selenium accumulation in relation to the expression of sulfate transporter genes in Astragalus species.,verified,crossref,title matches record (100% similarity)
IBM Db2,web,bibliographic,,IBM Database 2 (DB2) Release 1 Is Announced,not_found,crossref+openalex,"no indexed record matches this description. Closest was 'Self-managing technology in IBM DB2 universal database' at 59% similarity, below the threshold for a match."
IBM Db2,web,bibliographic,,"System requirements for IBM Db2 for Linux, UNIX, and Windows",not_found,crossref+openalex,"no indexed record matches this description. Closest was 'Installing DB2 for Linux and Windows' at 82% similarity, below the threshold for a match."
IBM Db2,web,bibliographic,,Db2 Database Software,not_found,crossref+openalex,"no indexed record matches this description. Closest was 'DB2 Wizards: The Fast Path to Working with Your New Database' at 73% similarity, below the threshold for a match."
IBM Db2,book,bibliographic,,A Complete Guide to DB2 Universal Database,not_found,crossref+openalex,"no indexed record matches this description. Closest was 'Evolution of object-relational database technology in DB2' at 51% similarity, below the threshold for a match."
IBM Db2,web,bibliographic,,The Executive Computer; Bringing Point-and-Click Ease to ...,not_found,crossref+openalex,"no indexed record matches this description. Closest was 'Point and Click Game' at 86% similarity, below the threshold for a match."
IBM Db2,journal,doi,10.1145/362384.362685,A Relational Model of Data for Large Shared Data Banks,verified,crossref,title matches record (100% similarity)
IBM Db2,journal,doi,10.1145/358769.358784,A History and Evaluation of System R,verified,crossref,title matches record (100% similarity)
IBM Db2,book,doi,10.1145/1734714.1734718,"Proceedings of the 1971 ACM SIGFIDET (Now SIGMOD) Workshop on Data Description, Access and Control - SIGFIDET '71",verified,crossref,title similarity low (42%) but authors agree (100%) — likely the same work recorded differently
Etienne Benson,web,bibliographic,,Research &#124; MPIWG,not_found,crossref+openalex,"no indexed record matches this description. Closest was '124. Implementing a Biosafety Program for a Research Laboratory' at 80% similarity, below the threshold for a match."
Etienne Benson,web,bibliographic,,"New Research Department ""Knowledge Systems and Collective Life"" to Explore Environment, Politics, and Society",not_found,crossref+openalex,"no indexed record matches this description. Closest was 'Planning in the New York city police department—Politics and process' at 63% similarity, below the threshold for a match."
Etienne Benson,web,bibliographic,,Anthropocene Curriculum,verified,crossref,matched a Crossref record by title search (100% similarity); no DOI given in document
Etienne Benson,journal,doi,10.1353/tech.2012.0028,Wired Wilderness: Technologies of Tracking and the Making of Modern Wildlife (Review),verified,crossref,title matches record (100% similarity)
Etienne Benson,journal,doi,10.1086/664890,"Etienne Benson. Wired Wilderness: Technologies of Tracking and the Making of Modern Wildlife . (Animals, History, Culture.) ix + 251 pp., illus., figs., bibl., index. Baltimore: Johns Hopkins University Press, 2010. $55 (Cloth)",verified,crossref,title matches record (100% similarity)
Etienne Benson,journal,doi,10.1017/s0030605311002225,"Wired Wilderness: Technologies of Tracking and the Making of Modern Wildlife by Etienne Benson (2010), ix+251 pp., the Johns Hopkins University Press, Baltimore, USA. ISBN 9780801897108 (HBK), USD 55.00/GBP 28.50.",verified,crossref,title matches record (100% similarity)
Etienne Benson,journal,doi,10.1093/ahr/rhab544,Etienne S. Benson. Surroundings: A History of Environments and Environmentalisms,verified,crossref,title matches record (94% similarity)
Etienne Benson,journal,doi,10.1093/shm/hkac028,"Etienne S. Benson, Surroundings. A History of Environments and Environmentalisms",verified,crossref,title matches record (100% similarity)
Teretia multicingula,journal,doi,10.11646/zootaxa.682.1.1,Catalog of recent and fossil turrids (Mollusca: Gastropoda),verified,crossref,title matches record (100% similarity)
Isariopsis,web,bibliographic,,Diseases of Grape (Vitis spp.),verified,crossref,matched a Crossref record by title search (77% similarity); no DOI given in document
Isariopsis,journal,doi,10.1016/j.cropro.2014.05.005,The control of isariopsis leaf spot and downy mildew in grapevine cv. Isabel with the essential oil of lemon grass and the activity of defensive enzymes in response to the essential oil,verified,crossref,title matches record (100% similarity)
Scopula nepheloperas,journal,doi,10.1111/j.1096-3642.2005.00153.x,"Phylogeny and classification of the Scopulini moths (Lepidoptera: Geometridae, Sterrhinae)",verified,crossref,title matches record (100% similarity)
Avar Wars,book,bibliographic,,"Franks, Moravians, and Magyars: The Struggle for the Middle Danube, 788–907",verified,crossref,matched a Crossref record by title search (100% similarity); no DOI given in document
Avar Wars,book,bibliographic,,"Early Medieval Europe, 300–1000",verified,crossref,matched a Crossref record by title search (100% similarity); no DOI given in document
Avar Wars,book,bibliographic,,"Eastern Europe in the Middle Ages (500–1300), Volume 1",verified,crossref,matched a Crossref record by title search (94% similarity); no DOI given in document
Avar Wars,book,bibliographic,,The Carolingian World,verified,crossref,matched a Crossref record by title search (100% similarity); no DOI given in document
Avar Wars,journal,doi,10.1515/9781846154058-003,The 791 Equine Epidemic and its Impact on Charlemagne's Army,verified,crossref,title matches record (100% similarity)
Avar Wars,book,bibliographic,,Before France and Germany: The Creation and Transformation of the Merovingian World,verified,crossref,matched a Crossref record by title search (100% similarity); no DOI given in document
Avar Wars,journal,doi,10.1556/aorient.58.2005.2.2,Notes on the Arms of the Avar Heavy Cavalry,verified,crossref,title matches record (100% similarity)
Avar Wars,book,bibliographic,,"The Avars: A Steppe Empire in Central Europe, 567–822",verified,crossref,matched a Crossref record by title search (100% similarity); no DOI given in document
American mountain deer,journal,doi,10.1002/oa.876,Sexual Dimorphism in Limb Bones of Ibex (Capra ibex L.): Mixture Analysis Applied to Modern and Fossil Data,verified,crossref,title matches record (100% similarity)
American mountain deer,journal,doi,10.1071/an10174,Osteological comparisons of appendicular skeletons: a case study on Patagonian huemul deer and its implications for conservation,verified,crossref,title matches record (100% similarity)
American mountain deer,journal,doi,10.2307/1376985,Range-Related Differences in Growth of Deer Reflected in Skeletal Ratios,verified,crossref,title matches record (100% similarity)
American mountain deer,book,bibliographic,,Pleistocene Mammals of North America,verified,crossref,matched a Crossref record by title search (86% similarity); no DOI given in document
American mountain deer,journal,doi,10.2307/1379377,A new Pleistocene genus of American mountain deer,verified,crossref,title matches record (100% similarity)
American mountain deer,journal,doi,10.1086/283026,Allometry and biomechanics: limbbones in adult ungulates,verified,crossref,title matches record (92% similarity)
American mountain deer,journal,bibliographic,,The identity and postcranial osteology of Odocoileus lucasi (Hay) 1927,not_found,crossref+openalex,"no indexed record matches this description. Closest was 'POSTCRANIAL CARPALIAL SUPPORT FOR THE EXTINCT CERVID GENUS BRETZIA WITH ASSOCIATED ANTLER' at 51% similarity, below the threshold for a match."
American mountain deer,journal,bibliographic,,A cranium of Navahoceros and its phylogenetic place among New World Cervidae,verified,crossref,matched a Crossref record by title search (75% similarity); no DOI given in document
Sporosarcina saromensis,journal,bibliographic,,Sporosarcina saromensis,verified,crossref,matched a Crossref record by title search (100% similarity); no DOI given in document
Sporosarcina saromensis,journal,doi,10.1099/ijs.0.64962-0,"Sporosarcina saromensis sp. nov., an aerobic endospore-forming bacterium",verified,crossref,title matches record (100% similarity)
British Baltic Fishery Protection Service,journal,doi,10.1080/16161262.2001.10555054,The Clandestine Operations of Hans Helmut Klose and the British Baltic Fishery Protection Service (BBFPS) 1945-1956,verified,crossref,title matches record (99% similarity)
Six Nations of the Grand River,web,bibliographic,,Six Nations of the Grand River,verified,crossref,matched a Crossref record by title search (100% similarity); no DOI given in document
Six Nations of the Grand River,web,bibliographic,,Six Nations of the Grand River,verified,crossref,matched a Crossref record by title search (100% similarity); no DOI given in document
Six Nations of the Grand River,book,bibliographic,,Joseph Brant and His World: 18th Century Mohawk Warrior and Statesman,not_found,crossref+openalex,"no indexed record matches this description. Closest was 'Breathlessness With Pulmonary Metastases: A Multimodal Approach' at 41% similarity, below the threshold for a match."
Six Nations of the Grand River,web,bibliographic,,Six Nations Of The Grand River Community Profile,not_found,crossref+openalex,"no indexed record matches this description. Closest was 'The Intersections of History, Literature, Culture, and Politics at Six Nations of the Grand River' at 77% similarity, below the threshold for a match."
Six Nations of the Grand River,thesis,bibliographic,,"Race, Gender and Colonialism: Public Life among the Six Nations of Grand River, 1899-1939",not_found,crossref+openalex,"no indexed record matches this description. Closest was ""'Our Strength comes from the Land'1: \xa0the Hybrid Culinary Traditions of the Six Nations of Grand River in the Early Twentieth Century"" at 52% similarity, below the threshold for a match."
Six Nations of the Grand River,book,bibliographic,,Conservatism among the Iroquois at the Six Nations Reserve,not_found,crossref+openalex,"no indexed record matches this description. Closest was 'Religion: <i>The Iroquois Ceremonial of Midwinter</i>. ELISABETH TOOKER' at 53% similarity, below the threshold for a match."
Six Nations of the Grand River,web,bibliographic,,Between the Lakes Treaty No. 3 (1792),not_found,crossref+openalex,"no indexed record matches this description. Closest was 'Land Between the Lakes' at 87% similarity, below the threshold for a match."
Six Nations of the Grand River,web,bibliographic,,The Project Gutenberg eBook of The Underground Railroad from Slavery to Freedon (1898) by Wilbert Henry Siebert.,verified,crossref,matched a Crossref record by title search (91% similarity); no DOI given in document
Dona Ivone Lara,news,bibliographic,,Morre no Rio cantora Dona Ivone Lara,not_found,crossref+openalex,"no indexed record matches this description. Closest was 'Lara, Magali' at 53% similarity, below the threshold for a match."
Dona Ivone Lara,web,bibliographic,,Sambista Ivone Lara morre aos 97 anos no Rio de Janeiro,not_found,crossref+openalex,"no indexed record matches this description. Closest was 'Surfe, mídia e cultura no Rio de Janeiro (anos 1960 aos anos 1980)' at 69% similarity, below the threshold for a match."
Dona Ivone Lara,web,bibliographic,,Dona Ivone Lara Cantora do Sonho e da Liberdade,not_found,crossref+openalex,"no indexed record matches this description. Closest was 'Síncopa do samba e da saúde mental: contribuições de Dona Ivone Lara' at 68% similarity, below the threshold for a match."
Dona Ivone Lara,journal,doi,10.1590/2526-8910.ctoarf2171,Dona Ivone Lara e terapia ocupacional: devir-negro da história da profissão,verified,crossref,title matches record (100% similarity)
Dona Ivone Lara,web,bibliographic,,"Morre D. Ivone Lara, enfermeira e ícone do samba brasileiro",not_found,crossref+openalex,"no indexed record matches this description. Closest was 'Ivone Lara: cantos e contos de uma mulher negra e enfermeira no mundo do samba' at 72% similarity, below the threshold for a match."
Dona Ivone Lara,web,bibliographic,,"Dona Ivone Lara: enfermeira, a Rainha do Samba participou da luta antimanicomial",verified,crossref,matched a Crossref record by title search (100% similarity); no DOI given in document
Dona Ivone Lara,book,bibliographic,,Dona Ivone Lara: a Primeira Dama do Samba,not_found,crossref+openalex,"no indexed record matches this description. Closest was 'Interfering composite asymmetric dark matter as explanation for DAMA and CoGeNT results' at 41% similarity, below the threshold for a match."
Dona Ivone Lara,journal,doi,10.1590/0101-6628.081,Serviço Social e Dona Ivone Lara: o lado negro e laico da nossa história profissional,verified,crossref,title matches record (100% similarity)
Sec14,journal,doi,10.1091/mbc.e08-04-0426,Trans-Golgi network and endosome dynamics connect ceramide homeostasis with regulation of the unfolded protein response and TOR signaling in yeast,verified,crossref,title matches record (100% similarity)
Sec14,journal,doi,10.1091/mbc.e03-07-0479,"Early stages of the secretory pathway, but not endosomes, are required for Cvt vesicle and autophagosome assembly in Saccharomyces cerevisiae",verified,crossref,title matches record (100% similarity)
Sec14,journal,doi,10.1016/0005-2736(89)90481-1,"Membrane properties modulate the activity of a phosphatidylinositol transfer protein from the yeast, Saccharomyces cerevisiae",verified,crossref,title matches record (100% similarity)
Sec14,journal,doi,10.1038/347561a0,An essential role for a phospholipid transfer protein in yeast Golgi function,verified,crossref,title matches record (100% similarity)
Sec14,journal,doi,10.1038/35179,Crystal structure of the Saccharomyces cerevisiae phosphatidylinositol-transfer protein,verified,crossref,title matches record (100% similarity)
Sec14,journal,doi,10.1046/j.1432-1033.2003.03688.x,Subcellular localization of yeast Sec14 homologues and their involvement in regulation of phospholipid turnover,verified,crossref,title matches record (100% similarity)
Sec14,journal,doi,10.1371/journal.pone.0055388,Localization of lipid raft proteins to the plasma membrane is a major function of the phospholipid transfer protein Sec14,verified,crossref,title matches record (100% similarity)
Temple of Apollo (Delphi),book,bibliographic,,Prayers in Stone: Greek Architectural Sculpture (c. 600-100 B.C.E.),verified,crossref,matched a Crossref record by title search (100% similarity); no DOI given in document
Temple of Apollo (Delphi),book,bibliographic,,Classical Mythology,verified,crossref,matched a Crossref record by title search (100% similarity); no DOI given in document
Temple of Apollo (Delphi),book,bibliographic,,"Landscapes, Gender, and Ritual Space",verified,crossref,matched a Crossref record by title search (100% similarity); no DOI given in document
Temple of Apollo (Delphi),journal,doi,10.2307/623677,The Temple of Apollo at Delphi,verified,crossref,title matches record (100% similarity)
Temple of Apollo (Delphi),journal,doi,10.2307/623677,The Temple of Apollo at Delphi,verified,crossref,title matches record (100% similarity)
Temple of Apollo (Delphi),web,bibliographic,,The Temple of Apollo - Archaeological Site of Delphi,not_found,crossref+openalex,"no indexed record matches this description. Closest was 'Temple of Apollo (Figure 23)' at 76% similarity, below the threshold for a match."
Temple of Apollo (Delphi),journal,doi,10.2307/623677,The Temple of Apollo at Delphi,verified,crossref,title matches record (100% similarity)
Temple of Apollo (Delphi),journal,doi,10.2307/623677,The Temple of Apollo at Delphi,verified,crossref,title matches record (100% similarity)
LAMP3,journal,bibliographic,,Isolation and characterization of a novel human lung-specific gene homologous to lysosomal membrane glycoproteins 1 and 2: significantly increased expression in cancers of various tissues,not_found,crossref+openalex,"no indexed record matches this description. Closest was 'Isolation and characterization of human lysosomal membrane glycoproteins, h-lamp-1 and h-lamp-2. Major sialoglycoproteins carrying polylactosaminoglycan.' at 71% similarity, below the threshold for a match."
LAMP3,web,bibliographic,,Entrez Gene: LAMP3 lysosomal-associated membrane protein 3,not_found,crossref+openalex,"no indexed record matches this description. Closest was 'Analysis of the\xa0lysosomal associated membrane protein 3 (LAMP3)-dependent transcriptome in activated human cervical cancer cells' at 88% similarity, below the threshold for a match."
LAMP3,journal,doi,10.1016/j.cellimm.2016.09.013,Vitamin D3 regulates LAMP3 expression in monocyte derived dendritic cells.,verified,crossref,title matches record (100% similarity)
LAMP3,journal,doi,10.1016/s0002-9440(10)63174-4,CD208/dendritic cell-lysosomal associated membrane protein is a marker of normal and transformed type II pneumocytes,verified,crossref,title matches record (100% similarity)
LAMP3,journal,doi,10.1186/1743-422x-8-384,Lysosome-associated membrane glycoprotein 3 is involved in influenza A virus replication in human lung epithelial (A549) cells,verified,crossref,title matches record (100% similarity)
LAMP3,web,bibliographic,,CD208 (DC-LAMP),verified,crossref,matched a Crossref record by title search (100% similarity); no DOI given in document
LAMP3,web,bibliographic,,LAMP3 lysosomal associated membrane protein 3 [ Homo sapiens (human) ],not_found,crossref+openalex,"no indexed record matches this description. Closest was 'Analysis of the\xa0lysosomal associated membrane protein 3 (LAMP3)-dependent transcriptome in activated human cervical cancer cells' at 89% similarity, below the threshold for a match."
LAMP3,journal,doi,10.1016/s1074-7613(00)80615-9,"A novel lysosome-associated membrane glycoprotein, DC-LAMP, induced upon DC maturation, is transiently expressed in MHC class II compartment.",verified,crossref,title matches record (100% similarity)
Alcaligenaceae,journal,doi,10.1099/00207713-36-3-405,"Intra- and Intergeneric Similarities of the Bordetella Ribosomal Ribonucleic Acid Cistrons: Proposal for a New Family, Alcaligenaceae",verified,crossref,title matches record (100% similarity)
Alcaligenaceae,web,bibliographic,,Taxonomy - Alcaligenaceae,verified,crossref,matched a Crossref record by title search (100% similarity); no DOI given in document
Furanylfentanyl,journal,doi,10.1021/jm00123a028,"New 4-(heteroanilido)piperidines, structurally related to the pure opioid agonist fentanyl, with agonist and/or antagonist properties",verified,crossref,title matches record (97% similarity)
Furanylfentanyl,journal,doi,10.1007/s11419-020-00546-7,Detection and confirmation of the ring-opened carboxylic acid metabolite of a new synthetic opioid furanylfentanyl,verified,crossref,title matches record (100% similarity)
Furanylfentanyl,journal,doi,10.1016/j.neuropharm.2022.109020,"In vitro and in vivo pharmaco-dynamic study of the novel fentanyl derivatives: Acrylfentanyl, Ocfentanyl and Furanylfentanyl",verified,crossref,title matches record (100% similarity)
Furanylfentanyl,web,bibliographic,,Patent US4584303 - N-aryl-N-(4-piperidinyl)amides and pharmaceutical compositions and method employing such compounds,verified,crossref,matched a Crossref record by title search (96% similarity); no DOI given in document
Furanylfentanyl,journal,doi,10.24875/ric.23000109,Fentanyl and other New Psychoactive Synthetic Opioids. Challenges to Prevention and Treatment,verified,crossref,title matches record (100% similarity)
Furanylfentanyl,journal,doi,10.1016/j.drugpo.2015.04.003,Fentanyls: Are we missing the signs? Highly potent and on the rise in Europe,verified,crossref,title matches record (100% similarity)
Furanylfentanyl,journal,doi,10.3109/15563650.2016.1139715,"Intoxications involving the fentanyl analogs acetylfentanyl, 4-methoxybutyrfentanyl and furanylfentanyl: results from the Swedish STRIDA project",verified,crossref,title matches record (100% similarity)
Furanylfentanyl,journal,doi,10.15585/mmwr.mm6537a6,"Notes from the Field: Furanyl-Fentanyl Overdose Events Caused by Smoking Contaminated Crack Cocaine - British Columbia, Canada, July 15-18, 2016",verified,crossref,title matches record (100% similarity)
Hisham Nazer,news,bibliographic,,Saudi considers Naimi's successor as oil minister,not_found,crossref+openalex,"no indexed record matches this description. Closest was 'Minister considers hospitals pun' at 72% similarity, below the threshold for a match."
Hisham Nazer,book,bibliographic,,"Princes, Brokers and Bureaucrats",verified,crossref,matched a Crossref record by title search (100% similarity); no DOI given in document
Hisham Nazer,journal,doi,10.1080/00076790802246087,Petromin: the slow death of statist oil development in Saudi Arabia,verified,crossref,title matches record (100% similarity)
Hisham Nazer,book,doi,10.7312/almu18974,Oil Leaders. An Insider's Account of Four Decades of Saudi Arabia and OPEC's Global Energy Policy,verified,crossref,title matches record (100% similarity)
Hisham Nazer,news,bibliographic,,Saudis fire Yamani as oil minister,not_found,crossref+openalex,"no indexed record matches this description. Closest was 'GAS AND POWER: Saudis struggle with gas riches' at 51% similarity, below the threshold for a match."
Hisham Nazer,news,bibliographic,,"Crisp, no nonsense, Saudi's acting oil minister makes debut",not_found,crossref+openalex,"no indexed record matches this description. Closest was 'The EU legislation on “GMOs” between nonsense and protectionism: An ongoing Schumpeterian chain of public choices' at 46% similarity, below the threshold for a match."
Hisham Nazer,web,bibliographic,,CNES Alumni around the world,verified,crossref,matched a Crossref record by title search (90% similarity); no DOI given in document
Hisham Nazer,book,bibliographic,,Middle East Contemporary Survey,not_found,crossref+openalex,"no indexed record matches this description. Closest was 'The Saudi Arabian Kingdom' at 36% similarity, below the threshold for a match."
Pikine,book,bibliographic,,Postcolonial African Cities: Imperial Legacies and Postcolonial Predicament,verified,crossref,matched a Crossref record by title search (100% similarity); no DOI given in document
Pikine,journal,bibliographic,,"A City in the Making: An Analysis of the Built Environment, Lived Experiences and Perceptions of Pikine, Senegal",not_found,crossref+openalex,"no work matching this description appears in either Crossref or OpenAlex. Note that coverage of books, government reports and grey literature is incomplete even in OpenAlex, so this is evidence, not proof."
Pikine,book,bibliographic,,Hip Hop and Social Change in Africa: Ni Wakati,verified,crossref,matched a Crossref record by title search (100% similarity); no DOI given in document
Pikine,book,bibliographic,,Your Pocket Is What Cures You: The Politics of Health in Senegal,verified,crossref,matched a Crossref record by title search (100% similarity); no DOI given in document
Pikine,web,bibliographic,,QUARTIERS DU MONDE > PROJET QUARTIERS DU MONDE: HISTOIRES URBAINES > EQUIPES: PIKINE > PRÉSENTATION,not_found,crossref+openalex,"no indexed record matches this description. Closest was '12. Essai d’interprétation d’un «\xa0projet Rapa\xa0»' at 55% similarity, below the threshold for a match."
Pikine,book,bibliographic,,Urban Environments in Africa: A Critical Analysis of Environmental Politics,verified,crossref,matched a Crossref record by title search (100% similarity); no DOI given in document
Pikine,book,bibliographic,,Your Pocket Is What Cures You: The Politics of Health in Senegal,verified,crossref,matched a Crossref record by title search (100% similarity); no DOI given in document
Pikine,journal,bibliographic,,[Socio-ethnology and role of the dog in the Pikine district (suburban zone of Dakar - Senegal)],not_found,crossref+openalex,"no indexed record matches this description. Closest was 'Seroprevalence of the neosporosis in the Dakar zoo (Senegal)' at 60% similarity, below the threshold for a match."
Wieland (novel),book,bibliographic,,Charles Brockden Brown,verified,crossref,matched a Crossref record by title search (100% similarity); no DOI given in document
Wieland (novel),web,bibliographic,,"Wieland: or, the Transformation: An American Tale",verified,crossref,matched a Crossref record by title search (100% similarity); no DOI given in document
Wieland (novel),web,bibliographic,,"Wieland, Charles Brockden Brown",not_found,crossref+openalex,"no indexed record matches this description. Closest was 'Federal Data for Conducting Patient-centered Outcomes Research on Economic Outcomes' at 35% similarity, below the threshold for a match."
Wieland (novel),book,bibliographic,,The Apparition in the Glass: Charles Brockden Brown's American Gothic,verified,crossref,matched a Crossref record by title search (100% similarity); no DOI given in document
Wieland (novel),book,bibliographic,,Charles Brockden Brown: A Study of Early American Fiction,not_found,crossref+openalex,"no indexed record matches this description. Closest was 'Genomic basis of early speciation in the Drosophila mojavensis complex' at 52% similarity, below the threshold for a match."
Wieland (novel),journal,doi,10.1017/s0021875816000608,"Speaking in Tongues, Speaking without Tongues: Transplanted Voices in Charles Brockden Brown's Wieland",verified,crossref,title matches record (100% similarity)
Wieland (novel),journal,doi,10.1215/00029831-2006-021,"Ventriloquizing Nation: Voice, Identity, and Radical Democracy in Charles Brockden Brown's Wieland",verified,crossref,title matches record (100% similarity)
Wieland (novel),journal,doi,10.1353/saf.1976.0022,Charles Brockden Brown's Wieland: Method and Meaning,verified,crossref,title matches record (100% similarity)
Lao Genevra Simons,web,bibliographic,,Lao Genevra Simons,not_found,crossref+openalex,"no indexed record matches this description. Closest was 'An Unreconciled Double-Observer Method for Estimating Detection Probability and Abundance' at 22% similarity, below the threshold for a match."
Lao Genevra Simons,journal,doi,10.1090/s0002-9904-1923-03790-7,The thirtieth summer meeting of the American Mathematical Society,verified,crossref,title matches record (100% similarity)
Lao Genevra Simons,journal,doi,10.1086/346326,Proceedings of the Council Meeting of the History of Science Society,verified,crossref,title matches record (100% similarity)
Lao Genevra Simons,journal,doi,10.1086/346325,Report of the Meeting and Exhibition Commemorating the Bi-Centenary of the Death of Sir Isaac Newton,verified,crossref,title matches record (100% similarity)
Lao Genevra Simons,journal,bibliographic,,Scripta Mathematica,not_found,crossref+openalex,"no work matching this description appears in either Crossref or OpenAlex. Note that coverage of books, government reports and grey literature is incomplete even in OpenAlex, so this is evidence, not proof."
Lao Genevra Simons,journal,doi,10.2307/2303210,Review of Fabre and Mathematics and Other Essays,verified,crossref,title matches record (100% similarity)
Lao Genevra Simons,journal,doi,10.2307/2303210,Review of Fabre and Mathematics and Other Essays,verified,crossref,title matches record (100% similarity)
Pronunciation of GIF,news,bibliographic,,How to make your own animated GIFs,not_found,crossref+openalex,"no work matching this description appears in either Crossref or OpenAlex. Note that coverage of books, government reports and grey literature is incomplete even in OpenAlex, so this is evidence, not proof."
Pronunciation of GIF,news,bibliographic,,Battle over GIF pronunciation erupts,not_found,crossref+openalex,"no indexed record matches this description. Closest was 'United we stand in battle for recognition and reward' at 45% similarity, below the threshold for a match."
Pronunciation of GIF,news,bibliographic,,Tech etymology: animated GIF,not_found,crossref+openalex,"no indexed record matches this description. Closest was 'Developing and Testing Animated Computer Surveys for Measuring Young Children’s Health' at 46% similarity, below the threshold for a match."
Pronunciation of GIF,news,bibliographic,,Faut-il dire «guif» ou «jif» ?,not_found,crossref+openalex,"no indexed record matches this description. Closest was 'Faut-il se méfier du principe de précaution?' at 51% similarity, below the threshold for a match."
Pronunciation of GIF,book,bibliographic,,French: A Linguistic Introduction,verified,crossref,matched a Crossref record by title search (100% similarity); no DOI given in document
Pronunciation of GIF,book,bibliographic,,The Phonology of the World's Languages: The Phonology of Norwegian,verified,crossref,matched a Crossref record by title search (78% similarity); no DOI given in document
Pronunciation of GIF,news,bibliographic,,Why the pronunciation of GIF really can go either way,not_found,crossref+openalex,"no indexed record matches this description. Closest was '‘EITHER YOU ARE WITH US, OR YOU ARE WITH THE TERRORISTS’:' at 52% similarity, below the threshold for a match."
Pronunciation of GIF,news,bibliographic,,The creator of the GIF says it's pronounced JIF. He is wrong.,not_found,crossref+openalex,"no indexed record matches this description. Closest was 'PUNISHING THE WRONG PERSON' at 51% similarity, below the threshold for a match."
Edward Tynte,web,bibliographic,,Notes and Queries,not_found,crossref+openalex,"no indexed record matches this description. Closest was 'Gothurst' at 40% similarity, below the threshold for a match."
Edward Tynte,journal,bibliographic,,"The Roots of Anglican Humanitarianism: A Study of the Membership of the S.P.C.K. and the S.P.G., 1699-1720",not_found,crossref+openalex,"no indexed record matches this description. Closest was ""Creation At the Beginning of History: Johann Gottfried Herder's Interpretation of Genesis 1"" at 44% similarity, below the threshold for a match."
Edward Tynte,journal,bibliographic,,Historical Notes,verified,crossref,matched a Crossref record by title search (100% similarity); no DOI given in document
Edward Tynte,web,bibliographic,,Commission to appoint Edward Tynte as Governor of North Carolina and South Carolina,verified,crossref,matched a Crossref record by title search (95% similarity); no DOI given in document
Edward Tynte,web,bibliographic,,"Letter to the Earl of Sutherland from the Council of Trade, February 15, 1709",not_found,crossref+openalex,"no indexed record matches this description. Closest was 'Sutherland, John, eighth earl of Sutherland (d. 1508)' at 65% similarity, below the threshold for a match."
Edward Tynte,web,bibliographic,,Instructions to Edward Tynte concerning maritime trade in Carolina,not_found,crossref+openalex,"no indexed record matches this description. Closest was 'Dodona. Oracular enquiry concerning maritime trade, 4th cent. B.C.' at 59% similarity, below the threshold for a match."
Edward Tynte,web,bibliographic,,Instructions to Edward Tynte concerning the government of Carolina,not_found,crossref+openalex,"no indexed record matches this description. Closest was 'Instructions Concerning Szechwan (May 27, 1968)' at 69% similarity, below the threshold for a match."
Edward Tynte,journal,doi,10.2307/845767,"Power of Attorneys Formation of Colonial South Carolina's Attorney System, 1700 to 1731",verified,crossref,title matches record (100% similarity)
Matriarchy,book,bibliographic,,"Matriarchy, Gender and Power: Interdisciplinary Perspectives",verified,crossref,matched a Crossref record by title search (100% similarity); no DOI given in document
Matriarchy,web,bibliographic,,Matriarchal Society: Definition and Theory,not_found,crossref+openalex,"no indexed record matches this description. Closest was 'Matriarchal Studies' at 73% similarity, below the threshold for a match."
Matriarchy,journal,doi,10.1080/12259276.2017.1283843,Matriarchal studies: Past debates and new foundations,verified,crossref,title matches record (100% similarity)
Matriarchy,book,bibliographic,,Women at the Center: Life in a Modern Matriarchy,verified,crossref,matched a Crossref record by title search (100% similarity); no DOI given in document
Matriarchy,book,bibliographic,,Matriarchal societies of the past and the rise of patriarchy: West Asia and Europe,verified,crossref,matched a Crossref record by title search (100% similarity); no DOI given in document
Matriarchy,book,bibliographic,,Matriarchal societies: studies on Indigenous cultures across the globe,verified,crossref,matched a Crossref record by title search (100% similarity); no DOI given in document
Matriarchy,book,bibliographic,,The Classical Tradition,not_found,crossref+openalex,"no indexed record matches this description. Closest was 'Dealing with the Jews: Rewriting a Tradition' at 72% similarity, below the threshold for a match."
Matriarchy,book,bibliographic,,Sanctifying Misandry: Goddess Ideology and the Fall of Man,verified,crossref,matched a Crossref record by title search (100% similarity); no DOI given in document
Automatic transmission,web,bibliographic,,Automatic Transmissions- A Brief History,not_found,crossref+openalex,"no indexed record matches this description. Closest was 'Automatic Transmissions - Schematic Diagrams' at 74% similarity, below the threshold for a match."
Automatic transmission,web,bibliographic,,Selling the First Successful Automatic: GM's Hydra-Matic,not_found,crossref+openalex,"no indexed record matches this description. Closest was 'General Motors Hydra-Matic 9T50 Automatic Transaxle' at 60% similarity, below the threshold for a match."
Automatic transmission,web,bibliographic,,Are all electric hybrid cars automatic? Full breakdown,verified,crossref,matched a Crossref record by title search (100% similarity); no DOI given in document
Automatic transmission,web,bibliographic,,Gears Magazine - Automatic Trends in Europe: Automatic Transmissions on the Rise,not_found,crossref+openalex,"no indexed record matches this description. Closest was 'Planetary Gears For Automatic Transmissions' at 81% similarity, below the threshold for a match."
Automatic transmission,web,bibliographic,,Transmission type market share worldwide 2025,not_found,crossref+openalex,"no indexed record matches this description. Closest was 'Market Share and Business Rankings Worldwide' at 70% similarity, below the threshold for a match."
Automatic transmission,web,bibliographic,,Timeline of the Automobile Industry,not_found,crossref+openalex,"no indexed record matches this description. Closest was 'Labour in the automobile industry' at 82% similarity, below the threshold for a match."
Automatic transmission,web,bibliographic,,The Stick Shift Index: Do People Still Drive Stick Shift Cars in America?,not_found,crossref+openalex,"no indexed record matches this description. Closest was 'Stick or Shift?' at 88% similarity, below the threshold for a match."
Automatic transmission,web,bibliographic,,Why Are Automatic Cars So Popular in the United States?,not_found,crossref+openalex,"no indexed record matches this description. Closest was 'Why is music so popular?' at 76% similarity, below the threshold for a match."
Penicillium dierckxii,web,bibliographic,,Straininfo of Penicillium dierckxii,not_found,crossref+openalex,"no indexed record matches this description. Closest was 'Penicillium (penicillium ear rot)' at 73% similarity, below the threshold for a match."
Penicillium dierckxii,book,doi,10.1002/9780470330319,"Medical Toxicology of Natural Substances: Foods, Fungi, Medicinal Herbs, Plants, and Venomous Animals",verified,crossref,title matches record (100% similarity)
Penicillium dierckxii,book,bibliographic,,The Fungal Community: Its Organization and Role in the Ecosystem,not_found,crossref+openalex,"no indexed record matches this description. Closest was 'Fungal Interactions with Pollutants and Climate Change' at 58% similarity, below the threshold for a match."
Penicillium dierckxii,journal,doi,10.1016/j.simyco.2014.09.001,Identification and nomenclature of the genus Penicillium,verified,crossref,title matches record (100% similarity)
Vasilii Kolesov,journal,bibliographic,,Vasilii I. Kolesov: A Surgeon to Remember,not_found,crossref+openalex,"no indexed record matches this description. Closest was 'Nikolai S. Korotkov: A story of an unknown surgeon with an immortal name' at 45% similarity, below the threshold for a match."
Vasilii Kolesov,journal,doi,10.1016/s0022-5223(19)36773-x,Twenty years' results with internal thoracic artery-coronary artery anastomosis.,verified,crossref,title matches record (100% similarity)
Vasilii Kolesov,journal,doi,10.1093/ejcts/ezt605,Vasilii Ivanovich Kolesov: pioneer of coronary surgery,verified,crossref,title matches record (100% similarity)
Vasilii Kolesov,journal,doi,10.1016/s0003-4975(98)01225-9,Reminiscences of Vasilii I. Kolesov,verified,crossref,title matches record (100% similarity)
Vasilii Kolesov,journal,bibliographic,,Vasilii I. Kolesov: A Surgeon to Remember,not_found,crossref+openalex,"no work matching this description appears in either Crossref or OpenAlex. Note that coverage of books, government reports and grey literature is incomplete even in OpenAlex, so this is evidence, not proof."
Discretionary jurisdiction,journal,bibliographic,,Discretionary Review of the Decisions of Intermediate Appellate Courts: A Comparison of Florida's System with Those of the Other States and the Federal System,not_found,crossref+openalex,"no indexed record matches this description. Closest was 'On the snakes of Florida' at 74% similarity, below the threshold for a match."
Discretionary jurisdiction,web,bibliographic,,Discretionary Jurisdiction: Definition & Cases,not_found,crossref+openalex,"no work matching this description appears in either Crossref or OpenAlex. Note that coverage of books, government reports and grey literature is incomplete even in OpenAlex, so this is evidence, not proof."
Discretionary jurisdiction,journal,doi,10.2307/2110445,Policy Goals in Judicial Gatekeeping: A Proximity Model of Discretionary Jurisdiction,verified,crossref,title matches record (100% similarity)
Discretionary jurisdiction,web,bibliographic,,How Courts Work,not_found,crossref+openalex,"no indexed record matches this description. Closest was 'Explainer: how do seat redistributions work?' at 70% similarity, below the threshold for a match."
Discretionary jurisdiction,book,bibliographic,,Structural and Other Alternatives for the Federal Courts of Appeals,not_found,crossref+openalex,"no indexed record matches this description. Closest was 'Freedom Without Alternatives' at 60% similarity, below the threshold for a match."
Discretionary jurisdiction,journal,bibliographic,,Error Correction,not_found,crossref+openalex,"no work matching this description appears in either Crossref or OpenAlex. Note that coverage of books, government reports and grey literature is incomplete even in OpenAlex, so this is evidence, not proof."
Discretionary jurisdiction,web,bibliographic,,Taking the Pathway of Discretionary Review Toward Florida's Highest Court,verified,crossref,matched a Crossref record by title search (100% similarity); no DOI given in document
Common scale-backed antbird,journal,bibliographic,,Ornithologische notizen,not_found,crossref+openalex,"no work matching this description appears in either Crossref or OpenAlex. Note that coverage of books, government reports and grey literature is incomplete even in OpenAlex, so this is evidence, not proof."
Common scale-backed antbird,book,bibliographic,,The Helm Dictionary of Scientific Bird Names,not_found,crossref+openalex,"no indexed record matches this description. Closest was 'An Illustrated Dictionary of Fish and Shellfish (CD-Rom) C. Frimodt' at 50% similarity, below the threshold for a match."
Common scale-backed antbird,web,bibliographic,,Proposal (286): Revive the genus Dichropogon,not_found,crossref+openalex,"no indexed record matches this description. Closest was 'Isleria, a new genus of antwren (Aves: Passeriformes: Thamnophilidae)' at 40% similarity, below the threshold for a match."
Common scale-backed antbird,journal,bibliographic,,A homonymy in Thamnophilidae: a new name for Dichropogon Chubb,not_found,crossref+openalex,"no indexed record matches this description. Closest was ""The Effects of Old and New Media on Children's Weight"" at 41% similarity, below the threshold for a match."
Common scale-backed antbird,web,bibliographic,,Proposal (340): Reassign Dichropogon to Willisornis,not_found,crossref+openalex,"no indexed record matches this description. Closest was 'Rearranging the Parts: A Modest Proposal for Continuing and Inservice Education' at 44% similarity, below the threshold for a match."
Common scale-backed antbird,journal,doi,10.1676/10-082.1,Species limits in antbirds (Thamnophilidae): the Scale-Backed Antbird (Willisornis poecilinotus) complex,verified,crossref,title matches record (100% similarity)
Common scale-backed antbird,book,bibliographic,,A Field Guide to the Birds of Brazil,verified,crossref,matched a Crossref record by title search (100% similarity); no DOI given in document
Common scale-backed antbird,book,bibliographic,,Birds of Venezuela,verified,crossref,matched a Crossref record by title search (100% similarity); no DOI given in document
Charlotte Cortlandt Ellis,journal,doi,10.2307/1223016,Women Who Studied Plants in the Pre-Twentieth Century United States and Canada,verified,crossref,title matches record (100% similarity)
Charlotte Cortlandt Ellis,web,bibliographic,,"Collector:(Ellis, Charlotte)",not_found,crossref+openalex,"no indexed record matches this description. Closest was 'Caroline McCaffrey-Howarth,\n                    <i>Lady Charlotte Schreiber, Extraordinary Art Collector</i>' at 86% similarity, below the threshold for a match."
Charlotte Cortlandt Ellis,news,bibliographic,,Charlotte Ellis of the Sandia Mountains,not_found,crossref+openalex,"no indexed record matches this description. Closest was 'Age and Origin of Monazite Symplectite in an Iron Oxide-Apatite Deposit in the Adirondack Mountains, New York, USA: Implications for Tracking Fluid Conditions' at 58% similarity, below the threshold for a match."
Charlotte Cortlandt Ellis,web,bibliographic,,Charlotte Cortlandt Ellis,not_found,crossref+openalex,"no indexed record matches this description. Closest was 'Cortlandt House' at 75% similarity, below the threshold for a match."
Charlotte Cortlandt Ellis,web,bibliographic,,Primula ellisiae Pollard & Cockerell,not_found,crossref+openalex,"no indexed record matches this description. Closest was 'Cockerell, Sydney (Morris), (6 June 1906–6 Nov. 1987), bookbinder; Senior Partner in Cockerell Bindery (formerly D. Cockerell &amp; Son), since 1946' at 42% similarity, below the threshold for a match."
Charlotte Cortlandt Ellis,web,bibliographic,,Dodecatheon dentatum Hook. ssp. ellisiae,not_found,crossref+openalex,"no indexed record matches this description. Closest was 'Redefinition of Dodecatheon dentatum (Primulaceae) and rationale for use of Varietal Rank' at 69% similarity, below the threshold for a match."
Charlotte Cortlandt Ellis,web,bibliographic,,US National Herbarium specimen,verified,crossref,matched a Crossref record by title search (95% similarity); no DOI given in document
Charlotte Cortlandt Ellis,journal,bibliographic,,Four new plants from New Mexico,not_found,crossref+openalex,"no indexed record matches this description. Closest was 'Some New or Rare Plants' at 72% similarity, below the threshold for a match."
Siti Musdah Mulia,web,bibliographic,,SPEAKERS / Prof. Dr. Siti Musdah Mulia,not_found,crossref+openalex,"no indexed record matches this description. Closest was 'PEMBAHARUAN HUKUM KELUARGA ISLAM DI INDONESIA (STUDI PEMIKIRAN PROF. DR. SITI MUSDAH MULIA TENTANG POLIGAMI)' at 85% similarity, below the threshold for a match."
Siti Musdah Mulia,web,bibliographic,,Siti Musdah Mulia,verified,crossref,matched a Crossref record by title search (100% similarity); no DOI given in document
Siti Musdah Mulia,web,bibliographic,,Musdah Mulia: Injecting spirituality into human rights activism,not_found,crossref+openalex,"no indexed record matches this description. Closest was 'North Korean Women’s Human Rights Activism' at 67% similarity, below the threshold for a match."
Siti Musdah Mulia,web,bibliographic,,In the Land Where Everyone's God: Interview with Musdah Mulia,not_found,crossref+openalex,"no indexed record matches this description. Closest was 'Merombak Struktur, Membentuk Kultur  (Studi Pemikiran Siti Musdah Mulia)' at 48% similarity, below the threshold for a match."
Siti Musdah Mulia,web,bibliographic,,Siti Musdah Mulia: A courageous woman,not_found,crossref+openalex,"no indexed record matches this description. Closest was 'Hukum Poligami Menurut Siti Musdah Mulia' at 66% similarity, below the threshold for a match."
Siti Musdah Mulia,journal,doi,10.29240/ajis.v2i2.312,The Law of Polygamy in Islam: a Methodological Review of Siti Musdah Mulia's Legal Thought,verified,crossref,title matches record (98% similarity)
Siti Musdah Mulia,web,bibliographic,,Dr. Siti Musdah Mulia -- Indonesia [Essay],not_found,crossref+openalex,"no indexed record matches this description. Closest was 'Correlation Analysis of Quality, Ability and Performance of Information Technology Usage on Registration Section of RSI Siti Rahmah Padang, Indonesia' at 56% similarity, below the threshold for a match."
Life in the United Kingdom test,news,bibliographic,,Theresa May 'planning changes to immigrant test,not_found,crossref+openalex,"no indexed record matches this description. Closest was 'Theresa May and Race Relations Policy' at 58% similarity, below the threshold for a match."
Life in the United Kingdom test,news,bibliographic,,British citizenship test is just a 'bad pub quiz',not_found,crossref+openalex,"no indexed record matches this description. Closest was 'Comparison of two wireless ad hoc routing protocols on a hardware test-bed' at 43% similarity, below the threshold for a match."
Life in the United Kingdom test,news,bibliographic,,British citizenship test 'like bad pub quiz',not_found,crossref+openalex,"no indexed record matches this description. Closest was '7 The British West Indies' at 57% similarity, below the threshold for a match."
Life in the United Kingdom test,news,bibliographic,,New UK citizenship testing starts,not_found,crossref+openalex,"no indexed record matches this description. Closest was 'Testing the liberal subject: (in)security, responsibility and ‘self-improvement’ in the UK citizenship test' at 80% similarity, below the threshold for a match."
Life in the United Kingdom test,news,bibliographic,,Introduction of new rules for people applying for settlement,not_found,crossref+openalex,"no indexed record matches this description. Closest was 'Introduction: The People Principle' at 73% similarity, below the threshold for a match."
Life in the United Kingdom test,web,bibliographic,,"""Life in the UK"" tests in Scottish Gaelic and Welsh",not_found,crossref+openalex,"no indexed record matches this description. Closest was 'The language of the printing-house: why so many books in Welsh and Scottish Gaelic were printed in 18th-century Ireland, and so few in Irish' at 82% similarity, below the threshold for a match."
Life in the United Kingdom test,web,bibliographic,,Life in the UK tests taken in Welsh or Scottish Gaelic,not_found,crossref+openalex,"no indexed record matches this description. Closest was 'The language of the printing-house: why so many books in Welsh and Scottish Gaelic were printed in 18th-century Ireland, and so few in Irish' at 71% similarity, below the threshold for a match."
Life in the United Kingdom test,web,bibliographic,,Life in the UK tests taken in Welsh or Scottish Gaelic (2015-present),not_found,crossref+openalex,"no indexed record matches this description. Closest was 'The language of the printing-house: why so many books in Welsh and Scottish Gaelic were printed in 18th-century Ireland, and so few in Irish' at 61% similarity, below the threshold for a match."
Lashed-lug boat,book,bibliographic,,Boats of the world: from the stone age to medieval times,verified,crossref,matched a Crossref record by title search (100% similarity); no DOI given in document
Lashed-lug boat,book,bibliographic,,Canoes of the Grand Ocean,not_found,crossref+openalex,"no work matching this description appears in either Crossref or OpenAlex. Note that coverage of books, government reports and grey literature is incomplete even in OpenAlex, so this is evidence, not proof."
Lashed-lug boat,book,bibliographic,,Austronesian Terminologies: Continuity and Change,not_found,crossref+openalex,"no indexed record matches this description. Closest was 'Austronesian Historical Linguistics and Culture History' at 60% similarity, below the threshold for a match."
Lashed-lug boat,book,doi,10.22459/a.09.2006.07,The Austronesians: Historical and Comparative Perspectives,verified,crossref,title similarity low (56%) but authors agree (100%) — likely the same work recorded differently
Lashed-lug boat,journal,doi,10.1111/1095-9270.12367,Sewn Boats of Southeast Asia: the stitched-plank and lashed-lug tradition,verified,crossref,title matches record (100% similarity)
Lashed-lug boat,journal,doi,10.1111/j.1095-9270.1993.tb00403.x,"The Butuan Two boat known as a balangay in the National Museum, Manila, Philippines",verified,crossref,title matches record (100% similarity)
Lashed-lug boat,book,bibliographic,,History of Shipwreck Excavation in Southeast Asia,not_found,crossref+openalex,"no indexed record matches this description. Closest was 'Ethnic and Nationalist Politics in Southeast Asia' at 65% similarity, below the threshold for a match."
Lashed-lug boat,thesis,bibliographic,,Examining pre-colonial Southeast Asian boatbuilding: An archaeological study of the Butuan Boats and the use of edge-joined planking in local and regional construction techniques,not_found,crossref+openalex,"no work matching this description appears in either Crossref or OpenAlex. Note that coverage of books, government reports and grey literature is incomplete even in OpenAlex, so this is evidence, not proof."
Epi-isozizaene synthase,journal,doi,10.1021/ja061292s,Genome mining in Streptomyces coelicolor: molecular cloning and characterization of a new sesquiterpene synthase,verified,crossref,title matches record (99% similarity)
Epi-isozizaene synthase,journal,doi,10.1074/jbc.m710421200,Biosynthesis of the sesquiterpene antibiotic albaflavenone in Streptomyces coelicolor A3(2),verified,crossref,title matches record (100% similarity)
Jan Steen,web,bibliographic,,Jan Steen painter,verified,crossref,matched a Crossref record by title search (100% similarity); no DOI given in document
Jan Steen,journal,doi,10.1080/20511817.2022.2117665,"Luxury, Voluptuousity, Levinas: on Jan Steen and Giovanni Segantini",verified,crossref,title matches record (100% similarity)
Jan Steen,web,bibliographic,,Jan Steen Painter and Storyteller,verified,crossref,matched a Crossref record by title search (100% similarity); no DOI given in document
Jan Steen,web,bibliographic,,Rhetoricians at a Window by Jan Steen (cat. 512),not_found,crossref+openalex,"no indexed record matches this description. Closest was 'High School Matters: Black Rhetoricians Matter' at 53% similarity, below the threshold for a match."
Jan Steen,book,bibliographic,,"Jan Steen, painter and storyteller",verified,crossref,matched a Crossref record by title search (99% similarity); no DOI given in document
The Cat Mummy,web,bibliographic,,Queen of the tweens,not_found,crossref+openalex,"no indexed record matches this description. Closest was 'Clubfoot Management from Teens to Tweens' at 54% similarity, below the threshold for a match."
The Cat Mummy,web,bibliographic,,How to read all of Jacqueline Wilson's books in order ahead of her new book release,not_found,crossref+openalex,"no indexed record matches this description. Closest was 'NOTES ON NEW BOOKS' at 67% similarity, below the threshold for a match."
The Cat Mummy,web,bibliographic,,"Every Jacqueline Wilson book I've ever read, ranked from worst to best",not_found,crossref+openalex,"no indexed record matches this description. Closest was 'Best of colleagues, worst of times' at 50% similarity, below the threshold for a match."
The Cat Mummy,web,bibliographic,,"The 10 best Jacqueline Wilson books, rated by us",not_found,crossref+openalex,"no indexed record matches this description. Closest was 'US panel recommends major tuberculosis vaccine effort' at 42% similarity, below the threshold for a match."
The Cat Mummy,web,bibliographic,,Why Were We All So Obsessed With Jacqueline Wilson Books?,not_found,crossref+openalex,"no indexed record matches this description. Closest was 'The Quiet Resignation: Why Do So Many Female Lawyers Abandon Their Careers?' at 48% similarity, below the threshold for a match."
The Cat Mummy,web,bibliographic,,A definitive ranking of Jacqueline Wilson books from most to least depressing,not_found,crossref+openalex,"no indexed record matches this description. Closest was '<i>Soldiers of Light and Love: Northern Teachers and Georgia Blacks, 1865-1873</i>, by Jacqueline Jones' at 48% similarity, below the threshold for a match."
The Cat Mummy,journal,doi,10.25071/1923-9408.25518,"""Did you tell your mum?""",verified,crossref,title matches record (100% similarity)
The Cat Mummy,book,bibliographic,,Growing and Knowing: A Selection Guide for Children's Literature,verified,crossref,matched a Crossref record by title search (100% similarity); no DOI given in document
The Magic Cauldron (essay),book,bibliographic,,The Handbook of Information and Computer Ethics,verified,crossref,matched a Crossref record by title search (100% similarity); no DOI given in document
The Magic Cauldron (essay),news,bibliographic,,"Informationweek, Issues 742-750",not_found,crossref+openalex,"no indexed record matches this description. Closest was 'Vaccines Against Enterotoxigenic Escherichia coli' at 33% similarity, below the threshold for a match."
The Magic Cauldron (essay),book,bibliographic,,Database application programming with Linux,not_found,crossref+openalex,"no indexed record matches this description. Closest was 'Application of a Full-Scale Compositional Reservoir Simulation Package on a Microcomputer' at 43% similarity, below the threshold for a match."
The Magic Cauldron (essay),journal,doi,10.1016/s0164-1212(02)00065-1,Open source software––an evaluation,verified,crossref,title matches record (100% similarity)
The Magic Cauldron (essay),journal,doi,10.1287/mnsc.1060.0546,The Architecture of Participation: Does Code Architecture Mitigate Free Riding in the Open Source Development Model?,verified,crossref,title matches record (100% similarity)
The Magic Cauldron (essay),book,bibliographic,,Decoding Liberation: The Promise of Free and Open Source Software,verified,crossref,matched a Crossref record by title search (100% similarity); no DOI given in document
The Magic Cauldron (essay),journal,doi,10.1016/s0738-0593(00)00077-8,Open Source as appropriate technology for global education,verified,crossref,title matches record (100% similarity)
The Magic Cauldron (essay),journal,doi,10.1088/0957-4484/12/3/303,Open sourcing nanotechnology research and development: issues and opportunities,verified,crossref,title matches record (100% similarity)
Mesite,journal,doi,10.1126/science.1253451,Whole-genome analyses resolve early branches in the tree of life of modern birds,verified,crossref,title matches record (100% similarity)
Mesite,book,bibliographic,,Encyclopaedia of Animals: Birds,not_found,crossref+openalex,"no indexed record matches this description. Closest was 'British birds /' at 56% similarity, below the threshold for a match."
Mesite,journal,doi,10.1007/s00265-013-1624-4,"Delayed juvenile dispersal and monogamy, but no cooperative breeding in white-breasted mesites (Mesitornis variegatus)",verified,crossref,title matches record (99% similarity)
Mesite,web,bibliographic,,IOC Names File Plus 6.3,not_found,crossref+openalex,"no indexed record matches this description. Closest was 'File S2: DE genes microarray names and annotated names' at 61% similarity, below the threshold for a match."
Mesite,journal,bibliographic,,Part 7- Vertebrates,verified,crossref,matched a Crossref record by title search (94% similarity); no DOI given in document
Mesite,book,bibliographic,,Phylogeny and classification of birds,verified,crossref,matched a Crossref record by title search (100% similarity); no DOI given in document
Mesite,journal,doi,10.1111/j.1096-3642.2006.00293.x,"Higher-order phylogeny of modern birds (Theropoda, Aves: Neornithes) based on comparative anatomy. II. Analysis and discussion",verified,crossref,title matches record (100% similarity)
Mesite,journal,doi,10.1126/science.1157704,A Phylogenomic Study of Birds Reveals Their Evolutionary History,verified,crossref,title matches record (100% similarity)
Dinosaur National Monument,web,bibliographic,,Protected Area Profile for Dinosaur from the World Database of Protected Areas,not_found,crossref+openalex,"no indexed record matches this description. Closest was 'The Media and Protected Areas' at 79% similarity, below the threshold for a match."
Dinosaur National Monument,web,bibliographic,,Dinosaur National Monument Statistics,not_found,crossref+openalex,"no indexed record matches this description. Closest was 'GEOLOGICAL AND PALEONTOLOGICAL WORK IN DINOSAUR NATIONAL MONUMENT' at 83% similarity, below the threshold for a match."
Dinosaur National Monument,book,doi,10.3133/b1291,The Geologic Story of the Uinta Mountains,verified,crossref,title matches record (100% similarity)
Dinosaur National Monument,journal,bibliographic,,Geology and Paleontology of Dinosaur National Monument,not_found,crossref+openalex,"no indexed record matches this description. Closest was 'Lunn, Sir George (1861–1939), local politician and educational administrator' at 44% similarity, below the threshold for a match."
Dinosaur National Monument,web,bibliographic,,Dinosaur National Monument Designated as an International Dark Sky Park,not_found,crossref+openalex,"no indexed record matches this description. Closest was 'Arches National Park and Dinosaur National Monument, Eastern Utah' at 73% similarity, below the threshold for a match."
Dinosaur National Monument,web,bibliographic,,Rainbow and Island Parks,verified,crossref,matched a Crossref record by title search (100% similarity); no DOI given in document
Dinosaur National Monument,book,bibliographic,,"Speak to the earth and it will teach you : the life and times of Earl Douglass, 1862-1931",not_found,crossref+openalex,"no indexed record matches this description. Closest was 'Later Life.' at 57% similarity, below the threshold for a match."
Dinosaur National Monument,book,bibliographic,,Encounters with the Archdruid,verified,crossref,matched a Crossref record by title search (79% similarity); no DOI given in document
H2AFB1,web,bibliographic,,Entrez Gene: H2A histone family,verified,crossref,matched a Crossref record by title search (100% similarity); no DOI given in document
H2AFB1,journal,doi,10.1073/pnas.242603899,"Generation and initial analysis of more than 15,000 full-length human and mouse cDNA sequences",verified,crossref,title matches record (100% similarity)
H2AFB1,journal,doi,10.1083/jcb.152.2.375,"A Novel Chromatin Protein, Distantly Related to Histone H2a, Is Largely Excluded from the Inactive X Chromosome",verified,crossref,title matches record (100% similarity)
H2AFB1,journal,doi,10.1038/sj.emboj.7600316,Nucleosomes containing the histone variant H2A.Bbd organize only 118 base pairs of DNA,verified,crossref,title matches record (100% similarity)
H2AFB1,journal,doi,10.1093/hmg/4.7.1217,Investigation of the factor VIII intron 22 repeated region (int22h) and the associated inversion junctions,verified,crossref,title matches record (100% similarity)
H2AFB1,journal,doi,10.1371/journal.pone.0047157,Distinct distribution of ectopically expressed histone variants H2A.Bbd and MacroH2A in open and closed chromatin domains,verified,crossref,title matches record (100% similarity)
H2AFB1,journal,doi,10.1016/j.molcel.2012.06.011,Histone variant H2A.Bbd is associated with active transcription and mRNA processing in human cells,verified,crossref,title matches record (100% similarity)
Permeable paving,web,bibliographic,,What is Green Infrastructure?,not_found,crossref+openalex,"no indexed record matches this description. Closest was 'A versatile and green mechanochemical route for aldehyde–oxime conversions' at 37% similarity, below the threshold for a match."
Permeable paving,book,bibliographic,,ACI PRC-522-23: Pervious Concrete—Report,not_found,crossref+openalex,"no indexed record matches this description. Closest was 'Fly Ash Geopolymer Pervious Concrete' at 67% similarity, below the threshold for a match."
Permeable paving,journal,doi,10.1016/j.buildenv.2006.11.016,Review of permeable paving systems,verified,crossref,title matches record (91% similarity)
Permeable paving,web,bibliographic,,"Are Pervious, Permeable, and Porous Pavers Really the Same?",not_found,crossref+openalex,"no indexed record matches this description. Closest was 'Robots can run faster than elite human sprinters, but are they really athletes?' at 51% similarity, below the threshold for a match."
Permeable paving,web,bibliographic,,Permeable Pavers,verified,crossref,matched a Crossref record by title search (100% similarity); no DOI given in document
Permeable paving,news,bibliographic,,Permeable Pavers,not_found,crossref+openalex,"no work matching this description appears in either Crossref or OpenAlex. Note that coverage of books, government reports and grey literature is incomplete even in OpenAlex, so this is evidence, not proof."
Permeable paving,journal,doi,10.1002/ep.10418,Efficiency of permeable pavement systems for the removal of urban runoff pollutants under varying environmental conditions,verified,crossref,title matches record (100% similarity)
Permeable paving,journal,doi,10.1016/j.ufug.2009.08.006,Potential use of pervious concrete for maintaining existing mature trees during and after urban development,verified,crossref,title matches record (100% similarity)
Turnstone,book,bibliographic,,"Ornithologie, ou, Méthode Contenant la Division des Oiseaux en Ordres, Sections, Genres, Especes & leurs Variétés",verified,crossref,matched a Crossref record by title search (100% similarity); no DOI given in document
Turnstone,book,bibliographic,,Check-list of Birds of the World,verified,crossref,matched a Crossref record by title search (100% similarity); no DOI given in document
Turnstone,book,bibliographic,,The Helm Dictionary of Scientific Bird Names,not_found,crossref+openalex,"no indexed record matches this description. Closest was 'An Illustrated Dictionary of Fish and Shellfish (CD-Rom) C. Frimodt' at 50% similarity, below the threshold for a match."
Turnstone,web,bibliographic,,"Buttonquail, plovers, seedsnipe, sandpipers",verified,crossref,matched a Crossref record by title search (100% similarity); no DOI given in document
Turnstone,journal,doi,10.1186/1471-2148-4-28,A supertree approach to shorebird phylogeny,verified,crossref,title matches record (100% similarity)
Turnstone,journal,doi,10.2307/1363487,The Eared Grebe and other Birds from the Pliocene of Kansas,verified,crossref,title similarity low (57%) but authors agree (100%) — likely the same work recorded differently
Vaccinium padifolium,journal,doi,10.1016/s0308-8146(99)00230-7,Anthocyanin trisaccharides in blue berries of Vaccinium padifolium,verified,crossref,title matches record (100% similarity)
Korean Patriotic Organization,journal,doi,10.1353/ks.1989.0007,"Background to the March First Movement: Koreans in Japan, 1905–1919",verified,crossref,title matches record (100% similarity)
Korean Patriotic Organization,web,bibliographic,,孫世一의 비교 評傳 (50),not_found,crossref+openalex,"no work matching this description appears in either Crossref or OpenAlex. Note that coverage of books, government reports and grey literature is incomplete even in OpenAlex, so this is evidence, not proof."
Korean Patriotic Organization,web,bibliographic,,"Naver, Good morning Media : Korean Patriotic Organization (한인애국단)",not_found,crossref+openalex,"no indexed record matches this description. Closest was 'Good Morning, Sun.' at 86% similarity, below the threshold for a match."
Korean Patriotic Organization,web,bibliographic,,Korean Patriotic Organization (한인애국단),not_found,crossref+openalex,"no indexed record matches this description. Closest was 'CIVIL AND PATRIOTIC EDUCATION AT THE PEDAGOGICAL FACULTIES IN EDUCATIONAL ORGANIZATION' at 67% similarity, below the threshold for a match."
Korean Patriotic Organization,web,bibliographic,,Sakuradamon Incident (이봉창 의거),not_found,crossref+openalex,"no indexed record matches this description. Closest was 'Ton NAAIJKENS Event or Incident Evénement ou Incident – an Introduction 3' at 38% similarity, below the threshold for a match."
Korean Patriotic Organization,news,bibliographic,,BOMB THROWN In Shanghai.,verified,crossref,matched a Crossref record by title search (100% similarity); no DOI given in document
Korean Patriotic Organization,web,bibliographic,,Korean Patriotic Organization (한인애국단),not_found,crossref+openalex,"no indexed record matches this description. Closest was 'CIVIL AND PATRIOTIC EDUCATION AT THE PEDAGOGICAL FACULTIES IN EDUCATIONAL ORGANIZATION' at 67% similarity, below the threshold for a match."
Korean Patriotic Organization,web,bibliographic,,孫世一의 비교 評傳 (54) 한국 민족주의의 두 類型 - 李承晩과 金九,not_found,crossref+openalex,"no indexed record matches this description. Closest was '韓國과 中國의 陷湖型 傳說 비교 연구' at 41% similarity, below the threshold for a match."
Green-winged teal,book,bibliographic,,"Systema naturae per regna tria naturae: secundum classes, ordines, genera, species, cum characteribus, differentiis, synonymis, locis",verified,crossref,matched a Crossref record by title search (100% similarity); no DOI given in document
Green-winged teal,book,bibliographic,,A General Synopsis of Birds,verified,crossref,matched a Crossref record by title search (100% similarity); no DOI given in document
Green-winged teal,book,bibliographic,,Check-List of Birds of the World,verified,crossref,matched a Crossref record by title search (100% similarity); no DOI given in document
Green-winged teal,book,bibliographic,,The Helm Dictionary of Scientific Bird Names,not_found,crossref+openalex,"no indexed record matches this description. Closest was 'An Illustrated Dictionary of Fish and Shellfish (CD-Rom) C. Frimodt' at 50% similarity, below the threshold for a match."
Green-winged teal,web,bibliographic,,"Screamers, ducks, geese & swans",verified,crossref,matched a Crossref record by title search (100% similarity); no DOI given in document
Green-winged teal,journal,doi,10.2173/bow.gnwtea.01,"Green-winged Teal (Anas crecca), version 1.0",verified,crossref,title matches record (100% similarity)
Green-winged teal,web,bibliographic,,Common Teal Anas crecca Species Factsheet,not_found,crossref+openalex,"no indexed record matches this description. Closest was 'Behavioral Ecology of Two Teal Species (Blue-Winged Teal, Anas discors, and Green-Winged Teal, Anas crecca) Overwintering in Marshes of Coastal Louisiana, USA' at 74% similarity, below the threshold for a match."
Green-winged teal,web,bibliographic,,"Green-winged Teal Identification, All About Birds, Cornell Lab of Ornithology",verified,crossref,matched a Crossref record by title search (100% similarity); no DOI given in document
John Inge,web,bibliographic,,"✠ The Rt Revd Dr John Geoffrey INGE BSc, PGCE, MA, PhD, Hon DLitt",not_found,crossref+openalex,"no indexed record matches this description. Closest was 'Worcester, Bishop of, (Rt Rev. John Geoffrey Inge) (born 26 Feb. 1955)' at 61% similarity, below the threshold for a match."
John Inge,web,bibliographic,,An open letter from Bishop John,not_found,crossref+openalex,"no indexed record matches this description. Closest was 'An Open Letter to John McCain' at 79% similarity, below the threshold for a match."
John Inge,journal,bibliographic,,Spotlight on the Durham Revue,not_found,crossref+openalex,"no indexed record matches this description. Closest was 'Spotlight on Music Collections: The Canadian Women Composers Collection' at 71% similarity, below the threshold for a match."
John Inge,web,bibliographic,,The Bishop of Worcester,verified,crossref,matched a Crossref record by title search (90% similarity); no DOI given in document
John Inge,thesis,bibliographic,,A Christian theology of place,verified,crossref,matched a Crossref record by title search (100% similarity); no DOI given in document
John Inge,journal,doi,10.1558/imre.v8i1.87,Reviews of A Christian Theology of Place by John Inge and Shopping Malls and Other Sacred Spaces: Putting God in Place by Jon Pahl,verified,crossref,title matches record (100% similarity)
John Inge,web,bibliographic,,Ordination of bishops – Thinking allowed,not_found,crossref+openalex,"no indexed record matches this description. Closest was 'Appendix 1. Ordination Profiles of Bishops, 1780–1839' at 71% similarity, below the threshold for a match."
John Inge,web,bibliographic,,Goodbye and thank you Bishop John!,verified,crossref,matched a Crossref record by title search (100% similarity); no DOI given in document
Weequahic Park,web,bibliographic,,New Jersey and National Registers of Historic Places – Essex County,not_found,crossref+openalex,"no indexed record matches this description. Closest was 'National Dam Safety Program, Verona Lake Dam (NJ00386), Passaic River Basin, Peckman River, Essex County, New Jersey. Phase I Inspection Report.' at 66% similarity, below the threshold for a match."
Weequahic Park,journal,doi,10.1177/1466138102003002001,'Burned like a tattoo': High school social categories and 'American culture',verified,crossref,title matches record (100% similarity)
Weequahic Park,news,bibliographic,,Kings? Queens? Palm readers? Meet the City's Hidden Gypsies,not_found,crossref+openalex,"no indexed record matches this description. Closest was 'A chain of kings : the Makassarese chronicles of Gowa and Talloq' at 43% similarity, below the threshold for a match."
Weequahic Park,news,bibliographic,,"Friends Mourn Falls Church Gypsy Known as Musician, Peacemaker",not_found,crossref+openalex,"no indexed record matches this description. Closest was 'Known to Police: the Revival of Juvenile Curfews' at 43% similarity, below the threshold for a match."
Weequahic Park,web,bibliographic,,Strolling the Serpentine Paths at Evergreen Cemetery,not_found,crossref+openalex,"no indexed record matches this description. Closest was 'Evergreen Cemetery and Its Memorials' at 67% similarity, below the threshold for a match."
Weequahic Park,web,bibliographic,,Newark's State Fair was a great state fair,verified,crossref,matched a Crossref record by title search (100% similarity); no DOI given in document
Weequahic Park,web,bibliographic,,Weequahic Park Sports Authority – Newark Board of Education,not_found,crossref+openalex,"no indexed record matches this description. Closest was 'From school board to local education authority' at 70% similarity, below the threshold for a match."
Weequahic Park,web,bibliographic,,New Community Center Building Could Help Weequahic Park Become Epicenter of South Ward,not_found,crossref+openalex,"no indexed record matches this description. Closest was 'Identification of a new class of protein kinases represented by eukaryotic elongation factor-2\u2009kinase' at 41% similarity, below the threshold for a match."
Ophrys speculum,journal,doi,10.1098/rspb.2002.2271,Pollinator attraction in a sexually deceptive orchid by means of unconventional chemicals,verified,crossref,title matches record (100% similarity)
Ophrys speculum,book,bibliographic,,Ophrys: the bee orchids of Europe,not_found,crossref+openalex,"no work matching this description appears in either Crossref or OpenAlex. Note that coverage of books, government reports and grey literature is incomplete even in OpenAlex, so this is evidence, not proof."
NGC 63,journal,doi,10.1088/0004-6256/146/4/86,Cosmicflows-2: The Data,verified,crossref,title matches record (100% similarity)
NGC 63,web,bibliographic,,Results for object NGC 0063 (NGC 63),not_found,crossref+openalex,"no indexed record matches this description. Closest was 'NGC 6632' at 55% similarity, below the threshold for a match."
NGC 63,web,bibliographic,,Search specification: NGC 63,not_found,crossref+openalex,"no indexed record matches this description. Closest was 'NGC 6632' at 55% similarity, below the threshold for a match."
NGC 63,web,bibliographic,,New General Catalogue objects: NGC 50 - 99,not_found,crossref+openalex,"no indexed record matches this description. Closest was 'Roger de la Fresnaye\xa0: Voyage en Italie en 1911. Addenda au catalogue raisonné' at 47% similarity, below the threshold for a match."
NGC 63,journal,bibliographic,,General study of group membership. II. Determination of nearby groups,not_found,crossref+openalex,"no indexed record matches this description. Closest was 'Group Cohesion in Psychoeducational Groups with Latinos: Examining Cultural Correlates' at 47% similarity, below the threshold for a match."
La Amistad International Park,web,bibliographic,,Talamanca Range-La Amistad Reserves / La Amistad National Park,verified,crossref,matched a Crossref record by title search (100% similarity); no DOI given in document
La Amistad International Park,journal,doi,10.11646/zootaxa.5129.4.4,A new salamander of the genus Bolitoglossa (Caudata: Plethodontidae) from the highlands of western Panama,verified,crossref,title matches record (100% similarity)
La Amistad International Park,web,bibliographic,,La Amistad International Park,verified,crossref,matched a Crossref record by title search (100% similarity); no DOI given in document
La Amistad International Park,web,bibliographic,,Baseline Tools for Management of PN La Amistad,verified,crossref,matched a Crossref record by title search (100% similarity); no DOI given in document
A Million Wild Acres,web,bibliographic,,A Million Wild Acres by Eric Charles Rolls,verified,crossref,matched a Crossref record by title search (100% similarity); no DOI given in document
A Million Wild Acres,book,bibliographic,,Environmental history and policy: still settling Australia,not_found,crossref+openalex,"no indexed record matches this description. Closest was '<i>The Overseas Chinese in Australia: History, Settlement and Interactions: Proceedings</i>. Henry Chan , Ann Curthoys , Nora Chiang' at 54% similarity, below the threshold for a match."
A Million Wild Acres,journal,bibliographic,,"The nature of pre-European native vegetation in south-eastern Australia: a critique of Ryan, D.G., Ryan, J.R. & Starr (1995) 'The Australian Landscape – Observations of Explores and Early Settlers'",not_found,crossref+openalex,"no indexed record matches this description. Closest was 'Predicting potential impacts of environmental flows on weedy riparian vegetation of the Hawkesbury-Nepean River., south-eastern Australia' at 55% similarity, below the threshold for a match."
A Million Wild Acres,journal,doi,10.1071/bt01046,How many trees make a forest? Cultural debates about vegetation change in Australia,verified,crossref,title matches record (100% similarity)
A Million Wild Acres,journal,doi,10.1046/j.1365-2699.2001.00586.x,Future eating and country keeping: what role has environmental history in the management of biodiversity?,verified,crossref,title matches record (100% similarity)
A Million Wild Acres,web,bibliographic,,What lies beyond us? The literature of landscape,not_found,crossref+openalex,"no indexed record matches this description. Closest was ""Above and beyond?: an examination of the National Capital Commission's response to societal change."" at 50% similarity, below the threshold for a match."
Notoreas edwardsi,journal,doi,10.1080/03014223.2010.511127,"Taxonomy and conservation of allopatric moth populations: a revisionary study of the Notoreas perornata Walker complex (Lepidoptera: Geometridae: Larentiinae), with special reference to southern New Zealand",verified,crossref,title matches record (100% similarity)
Notoreas edwardsi,web,bibliographic,,"Notoreas edwardsi Patrick & Hoare, 2010",not_found,crossref+openalex,"no indexed record matches this description. Closest was 'Figures 1-6 from: Patrick BH, Patrick HJH, Hoare RJB (2019) Review of the endemic New Zealand genus Arctesthes Meyrick (Lepidoptera, Geometridae, Larentiinae), with descriptions of two new range-restricted species. Alpine Entomology 3: 121-136. https://doi.org/10.3897/alpento.3.33944' at 53% similarity, below the threshold for a match."
Notoreas edwardsi,book,bibliographic,,"Conservation status of New Zealand butterflies and moths (Lepidoptera), 2015",verified,crossref,matched a Crossref record by title search (96% similarity); no DOI given in document
Iranian Armenians,news,bibliographic,,"Armenia: Iranian-Armenians Struggle to Change Image as ""Foreigners""",not_found,crossref+openalex,"no indexed record matches this description. Closest was 'The Condition of Armenian Refugees and Orphans as Reported in Armyanskiy Vestnik' at 50% similarity, below the threshold for a match."
Iranian Armenians,web,bibliographic,,Իրանահայ համայնք. ճամպրուկային տրամադրություններ [The Iranian-Armenian community],not_found,crossref+openalex,"no indexed record matches this description. Closest was 'The Political Percepion of Time in 11-13 Century Armenian Epigraphy and Manuscript Colophons' at 33% similarity, below the threshold for a match."
Iranian Armenians,news,bibliographic,,Christian Armenia and Islamic Iran: An unusual partnership explained,not_found,crossref+openalex,"no indexed record matches this description. Closest was 'The Armenians in the Medieval Islamic World; The Armenians in the Medieval Islamic Worl; The Armenians in the Medieval Islamic World' at 52% similarity, below the threshold for a match."
Iranian Armenians,book,bibliographic,,"Armenia, the Regional Powers, and the West: Between History and Geopolitics",verified,crossref,matched a Crossref record by title search (100% similarity); no DOI given in document
Iranian Armenians,book,bibliographic,,The Routledge Atlas of Central Eurasian Affairs,verified,crossref,matched a Crossref record by title search (100% similarity); no DOI given in document
Iranian Armenians,web,bibliographic,,Religious Minorities in Iran,verified,crossref,matched a Crossref record by title search (100% similarity); no DOI given in document
Iranian Armenians,web,bibliographic,,Armenian Iran history,not_found,crossref+openalex,"no indexed record matches this description. Closest was 'An Episode from the History of the Armenian-Azerbaijani Confrontation (January-February 1919)' at 86% similarity, below the threshold for a match."
Iranian Armenians,book,bibliographic,,Armenians: Past and Present in the Making of National Identity,verified,crossref,matched a Crossref record by title search (100% similarity); no DOI given in document
Christopher Gallard Gilbert,news,bibliographic,,Obituary: Christopher Gilbert,verified,crossref,matched a Crossref record by title search (100% similarity); no DOI given in document
Christopher Gallard Gilbert,journal,doi,10.1017/s0024282905900042,A tribute to Oliver Lathe Gilbert,verified,crossref,title matches record (100% similarity)
Cuban fig-eating bat,journal,doi,10.1644/811.1,Phyllops falcatus (Chiroptera: Phyllostomidae),verified,crossref,title matches record (100% similarity)
Cuban fig-eating bat,journal,doi,10.3161/1733-5329(2007)9[203:hubpba]2.0.co;2,"Habitat use by phyllostomid bat assemblages in secondary forests of the 'Sierra del Rosario' Biosphere Reserve, Cuba",verified,crossref,title matches record (100% similarity)
Cuban fig-eating bat,journal,doi,10.3161/1733-5329(2005)7[275:ebopfc]2.0.co;2,Echolocation behavior of Phyllops falcatus (Chiroptera: Phyllostomidae): unusual frequency range of the first harmonic,verified,crossref,title matches record (100% similarity)
Acyl-(acyl-carrier-protein)—phospholipid O-acyltransferase,journal,doi,10.1016/s0021-9258(18)63449-0,The incorporation of beta-hydroxy fatty acids into a phospholipid of Escherichia coli B,verified,crossref,title matches record (99% similarity)
Echinolittorina,journal,doi,10.26879/600,"A new species of Echinolittorina Habe, 1956 (Gastropoda: Littorinidae) from the Quaternary of Chile",verified,crossref,title matches record (100% similarity)
Disappeared detainees of the Dirty War,web,bibliographic,,Jefes navales detenidos en Mar del Plata,not_found,crossref+openalex,"no indexed record matches this description. Closest was 'Riflessi di Cosimo Fanzago a Salamanca' at 41% similarity, below the threshold for a match."
Disappeared detainees of the Dirty War,web,bibliographic,,"Cecilia Viñas hizo escuchar a la justicia la voz de su hija, que llamó desde un centro clandestino. 'Ahora estamos otra vez lejos, mamá'",not_found,crossref+openalex,"no indexed record matches this description. Closest was '“LOS JUGADORES ARGENTINOS ADVIRTIERON QUE LOS ESTABAN UTILIZANDO”' at 42% similarity, below the threshold for a match."
Disappeared detainees of the Dirty War,web,bibliographic,,30 Aniversario del Golpe Militar en Argentina: Documentos Muestran Apoyo de EEUU y la Brutal Represion de la Dictadura,not_found,crossref+openalex,"no indexed record matches this description. Closest was 'La justicia militar en tiempos de la última dictadura argentina: entre el ejercicio, el ocultamiento y la exhibición de la represión' at 66% similarity, below the threshold for a match."
Disappeared detainees of the Dirty War,web,bibliographic,,El Ejército admitió 22.000 crímenes,not_found,crossref+openalex,"no indexed record matches this description. Closest was 'El Ejército argentino frente a los juicios por crímenes de lesa humanidad' at 73% similarity, below the threshold for a match."
Disappeared detainees of the Dirty War,web,bibliographic,,Carta de Eduardo Luis Duhalde a Fernández Meijide,not_found,crossref+openalex,"no indexed record matches this description. Closest was 'La Rocha, Luis Eduardo de' at 77% similarity, below the threshold for a match."
Disappeared detainees of the Dirty War,web,bibliographic,,CARTA DE EDUARDO LUIS DUHALDE A GRACIELA FERNÁNDEZ MEIJIDE,not_found,crossref+openalex,"no indexed record matches this description. Closest was 'La Rocha, Luis Eduardo de' at 77% similarity, below the threshold for a match."
Disappeared detainees of the Dirty War,web,bibliographic,,"Página/12 :: Ultimas Noticias :: Duhalde: ""La cifra de 30 mil desaparecidos no es arbitraria ni caprichosa""",not_found,crossref+openalex,"no indexed record matches this description. Closest was 'Ultimas noticias desde Londres' at 70% similarity, below the threshold for a match."
Disappeared detainees of the Dirty War,web,bibliographic,,Convención Interamericana sobre Desaparición Forzada de Personas,verified,crossref,matched a Crossref record by title search (100% similarity); no DOI given in document
Binnen-I,web,bibliographic,,Ten things you might not have known about the English language,not_found,crossref+openalex,"no indexed record matches this description. Closest was 'Fleeting Things' at 57% similarity, below the threshold for a match."
Binnen-I,web,bibliographic,,Gendergap und Gendersternchen in der gesprochenen Sprache,not_found,crossref+openalex,"no indexed record matches this description. Closest was 'Die Unsichtbarkeit der Linguistik in öffentlichen Debatten über Sprache' at 56% similarity, below the threshold for a match."
Binnen-I,book,bibliographic,,Richtig gendern: Wie Sie angemessen und verständlich schreiben,not_found,crossref+openalex,"no indexed record matches this description. Closest was 'Bibliothek und Schreiben – Schreiben und Bibliothek. Versuche einer kulturgeschichtlichen Annäherung' at 59% similarity, below the threshold for a match."
Binnen-I,web,bibliographic,,IDS: Corpus Linguistics: Anglicism of the Year 2018,verified,crossref,matched a Crossref record by title search (95% similarity); no DOI given in document
Binnen-I,news,bibliographic,,Debatte Geschlechtergerechte Sprache. Eine für alle.,not_found,crossref+openalex,"no indexed record matches this description. Closest was 'Identifikation möglicher Ansatzpunkte für eine erweiterte Methodik' at 48% similarity, below the threshold for a match."
Binnen-I,book,bibliographic,,Grammar and Gender,verified,crossref,matched a Crossref record by title search (100% similarity); no DOI given in document
Binnen-I,journal,doi,10.1017/s0047404500004607,"Androcentrism in prescriptive grammar: singular 'they', sex-indefinite 'he', and 'he or she'",verified,crossref,title matches record (100% similarity)
Binnen-I,book,bibliographic,,Männersprache / Frauensprache : geschlechtsspezifische Kommunikation,verified,crossref,matched a Crossref record by title search (100% similarity); no DOI given in document
Siege of Emesa,book,bibliographic,,The Sword of Allah Khalid Bin Al-Waleed: His Life and Campaigns,not_found,crossref+openalex,"no indexed record matches this description. Closest was 'Review of: ""Designing Health Communication Campaigns for the Next Decade""' at 53% similarity, below the threshold for a match."
Siege of Emesa,book,bibliographic,,The Emirate of Aleppo: 1004–1094,not_found,crossref+openalex,"no work matching this description appears in either Crossref or OpenAlex. Note that coverage of books, government reports and grey literature is incomplete even in OpenAlex, so this is evidence, not proof."
Siege of Emesa,web,bibliographic,,Al Bidayah wa Nihayah,not_found,crossref+openalex,"no indexed record matches this description. Closest was 'LVAD Vasculitis Case Series' at 29% similarity, below the threshold for a match."
Siege of Emesa,book,bibliographic,,The Spread of Islam Throughout the World,not_found,crossref+openalex,"no work matching this description appears in either Crossref or OpenAlex. Note that coverage of books, government reports and grey literature is incomplete even in OpenAlex, so this is evidence, not proof."
Siege of Emesa,journal,doi,10.1017/s0035869x00149494,"Ibn 'Asākir Tārīkh Dimashq. 8vo. Vol. I, 7 and 479 pp.; Vol. II, 464 and 11 pp.; Vol. III, 463 and 7 pp.; Vol. IV, 464 and 14 pages; Vol. V, 464 and 11 pp. Cairo: Raudat ash-Shām Press, a.h.1329–1332.",verified,crossref,title matches record (100% similarity)
Siege of Emesa,journal,doi,10.1515/islm.1994.71.1.1,Were the Qays and Yemen of the Umayyad Period Political Parties?,verified,crossref,title matches record (100% similarity)
Siege of Emesa,journal,doi,10.1093/jss/xxxi.2.141,Apocalyptic Prophecies in Hims in the Umayyad Age,verified,crossref,title matches record (100% similarity)
John Strachan,web,bibliographic,,The Papers of Thomas Jefferson: 1 October 1814 to 31 August 1815 - Thomas Jefferson - Google Books,verified,crossref,matched a Crossref record by title search (91% similarity); no DOI given in document
John Strachan,web,bibliographic,,Death of John Strachan,verified,crossref,matched a Crossref record by title search (100% similarity); no DOI given in document
John Strachan,web,bibliographic,,Bishop's Palace,verified,crossref,matched a Crossref record by title search (100% similarity); no DOI given in document
John Strachan,book,bibliographic,,The War of 1812,verified,crossref,matched a Crossref record by title search (100% similarity); no DOI given in document
John Strachan,book,bibliographic,,"Flames Across the Border, 1813–1814",verified,crossref,matched a Crossref record by title search (100% similarity); no DOI given in document
John Strachan,book,bibliographic,,"In His Name: The Anglican Experience in Upper Canada, 1791–1854",verified,crossref,matched a Crossref record by title search (100% similarity); no DOI given in document
John Strachan,book,bibliographic,,Canada's Army: Waging War and Keeping the Peace,verified,crossref,matched a Crossref record by title search (100% similarity); no DOI given in document
John Strachan,journal,bibliographic,,The Churchmanship of John Strachan,not_found,crossref+openalex,"no indexed record matches this description. Closest was 'Geologic History of Site of Uinta Basin, Utah: ABSTRACT' at 43% similarity, below the threshold for a match."
List of software development philosophies,book,doi,10.1109/eit.2006.252190,2006 IEEE International Conference on Electro/Information Technology,verified,crossref,title similarity low (46%) but authors agree (100%) — likely the same work recorded differently
List of software development philosophies,book,doi,10.1109/aero.1991.154537,1991 IEEE Aerospace Applications Conference Digest,verified,crossref,title similarity low (49%) but authors agree (100%) — likely the same work recorded differently
List of software development philosophies,journal,doi,10.1016/0140-3664(92)90104-m,Software design methods for distributed computing systems,verified,crossref,title matches record (100% similarity)
List of software development philosophies,journal,doi,10.1016/j.jss.2014.03.041,A critical examination of recent industrial surveys on agile method usage,verified,crossref,title matches record (100% similarity)
List of software development philosophies,journal,doi,10.1016/j.infsof.2008.01.006,Empirical studies of agile software development: A systematic review,verified,crossref,title matches record (100% similarity)
List of software development philosophies,book,doi,10.1109/swmt.2000.890426,Proceedings International Conference on Software Methods and Tools. SMT 2000,verified,crossref,title similarity low (48%) but authors agree (100%) — likely the same work recorded differently
List of software development philosophies,journal,doi,10.1016/0140-3664(92)90104-m,Software design methods for distributed computing systems,verified,crossref,title matches record (100% similarity)
List of software development philosophies,journal,doi,10.1016/0164-1212(94)90002-7,Software design methods for the design of large-scale real-time systems,verified,crossref,title matches record (100% similarity)
Aaron Shatkin,journal,doi,10.1073/pnas.1215048109,Aaron J. Shatkin (1934–2012),verified,crossref,title matches record (100% similarity)
Aaron Shatkin,web,bibliographic,,Aaron Shatkin - Obituary,not_found,crossref+openalex,"no indexed record matches this description. Closest was 'AN OBITUARY: AARON WILDAVSKY' at 78% similarity, below the threshold for a match."
Aaron Shatkin,journal,doi,10.1126/science.1226820,Aaron Shatkin (1934–2012),verified,crossref,title matches record (100% similarity)
Anaxagoras,web,bibliographic,,NASA - Total Solar Eclipse of -462 April 30,not_found,crossref+openalex,"no indexed record matches this description. Closest was 'The Total Solar Eclipse of April 16' at 89% similarity, below the threshold for a match."
Anaxagoras,web,bibliographic,,Anaxagoras and the Eclipse: The First to Get It Right,not_found,crossref+openalex,"no indexed record matches this description. Closest was '“Bourgeois” Freedom and Equal Right' at 54% similarity, below the threshold for a match."
Anaxagoras,journal,doi,10.1515/apeiron-2013-0022,"Parmenides, Cosmology and Sufficient Reason",verified,crossref,title matches record (100% similarity)
Anaxagoras,book,bibliographic,,Transcendent Apriorism: Pure Reason's Quest for the Noumenal,not_found,crossref+openalex,"no indexed record matches this description. Closest was 'Heats of Combustion and Related Properties of Pure Substances' at 48% similarity, below the threshold for a match."
Anaxagoras,web,bibliographic,,Who discovered that the Sun was a star?,not_found,crossref+openalex,"no indexed record matches this description. Closest was 'Second thoughts about who is first: the medical triage of violent perpetrators and their victims' at 47% similarity, below the threshold for a match."
Anaxagoras,book,bibliographic,,Philosophy in the Tragic Age of the Greeks,not_found,crossref+openalex,"no indexed record matches this description. Closest was 'The Birth of Tragic Thought' at 65% similarity, below the threshold for a match."
Anaxagoras,web,bibliographic,,Every Historical Figure In Assassin's Creed Odyssey,not_found,crossref+openalex,"no work matching this description appears in either Crossref or OpenAlex. Note that coverage of books, government reports and grey literature is incomplete even in OpenAlex, so this is evidence, not proof."
Anaxagoras,book,bibliographic,,Die Fragmente der Vorsokratiker,verified,crossref,matched a Crossref record by title search (100% similarity); no DOI given in document
Lamar Giles,web,bibliographic,,My Birthday Wish: Meet Stephen King,not_found,crossref+openalex,"no indexed record matches this description. Closest was '(Exclusive Now) Monsters in the Archives: My Year of Fear with Stephen King' at 61% similarity, below the threshold for a match."
Lamar Giles,web,bibliographic,,Author Interview with Lamar Giles,not_found,crossref+openalex,"no indexed record matches this description. Closest was 'An Interview with John Rechy' at 67% similarity, below the threshold for a match."
Lamar Giles,web,bibliographic,,"Interview: Lamar Giles on Coffee, Videogames, and ""The Important Stuff""",not_found,crossref+openalex,"no indexed record matches this description. Closest was 'Interview with Ana Miljacki' at 50% similarity, below the threshold for a match."
Lamar Giles,web,bibliographic,,2006-2007 Fellowship Recipients - The Virginia Commission for the Arts,verified,crossref,matched a Crossref record by title search (100% similarity); no DOI given in document
Lamar Giles,web,bibliographic,,"Author Interview: Lamar Giles on Writing Mysteries, Diversity & His Writing Journey",not_found,crossref+openalex,"no indexed record matches this description. Closest was 'WRITERS ON WRITING' at 71% similarity, below the threshold for a match."
Lamar Giles,news,bibliographic,,National Book Foundation - 2018 National Book Awards,not_found,crossref+openalex,"no indexed record matches this description. Closest was 'National Book Awards, 1964' at 89% similarity, below the threshold for a match."
Lamar Giles,web,bibliographic,,William & Mary Libraries selects inaugural writer-in-residence,not_found,crossref+openalex,"no indexed record matches this description. Closest was 'Paul, Leslie (Allen), (1905–8 July 1985), author; Writer-in-Residence, St Paul and St Mary College, Cheltenham, since 1981' at 57% similarity, below the threshold for a match."
Lamar Giles,news,bibliographic,,"Children's Book Review: Fake ID by Lamar Giles. HarperCollins/Amistad, $17.99 (304p) ISBN 978-0-06-212184-4",verified,crossref,matched a Crossref record by title search (92% similarity); no DOI given in document
Halocarpus,journal,doi,10.1038/s41477-021-00964-4,Gene duplications and phylogenomic conflict underlie major pulses of phenotypic evolution in gymnosperms,verified,crossref,title matches record (100% similarity)
Halocarpus,web,doi,10.6084/m9.figshare.14547354.v1,main.dated.supermatrix.tree.T9.tre,mismatch,openalex,"not in Crossref, but OpenAlex holds it (dataset): identifier resolves to a DIFFERENT work. Document claims 'main.dated.supermatrix.tree.T9.tre'; record holds 'Gene duplications and genomic conflict underlie major pulses of phenotypic evolution in gymnosperms' (33% similarity)"
Halocarpus,web,bibliographic,,Halocarpus C.J.Quinn,verified,crossref,matched a Crossref record by title search (100% similarity); no DOI given in document
Halocarpus,web,bibliographic,,Halocarpus () description,verified,crossref,matched a Crossref record by title search (100% similarity); no DOI given in document
Halocarpus,web,bibliographic,,Name - Halocarpus Quinn,verified,crossref,matched a Crossref record by title search (100% similarity); no DOI given in document
Aoplus,web,bibliographic,,"Aoplus Tischbein, 1874",not_found,crossref+openalex,"no indexed record matches this description. Closest was 'Aoplus velox' at 67% similarity, below the threshold for a match."
Aoplus,journal,bibliographic,,"A contribution to the Swedish Fauna of Ichneumoninae (Hymenoptera, Ichneumonidae) with descriptions of the female of Cratichneumon armillatops Rasnitsyn 1981 and the male of Aoplus biannulatorius (Thunberg 1824)",verified,crossref,matched a Crossref record by title search (89% similarity); no DOI given in document
Aoplus,journal,doi,10.21248/contrib.entomol.70.2.365-386,"Contribution to the knowledge of Ichneumoninae of Siberia and Far East Russia (Hymenoptera, Ichneumonidae)",verified,crossref,title matches record (100% similarity)
Cranberry scare of 1959,journal,bibliographic,,The Cranberry Boggle,verified,crossref,matched a Crossref record by title search (100% similarity); no DOI given in document
Cranberry scare of 1959,thesis,bibliographic,,The Cranberry Scare of 1959: The Beginning of the End of the Delaney Clause,not_found,crossref+openalex,"no indexed record matches this description. Closest was 'Blindness in José Revueltas’s Narrative at the Beginning of the Mexican Miracle (1940–1946)' at 52% similarity, below the threshold for a match."
Cranberry scare of 1959,news,bibliographic,,Whatever Happened to the Cranberry Crisis?,not_found,crossref+openalex,"no indexed record matches this description. Closest was 'Whatever Happened to Frankie King' at 75% similarity, below the threshold for a match."
Cranberry scare of 1959,web,bibliographic,,REREGISTRATION ELIGIBILITY DECISION AMITROLE,verified,crossref,matched a Crossref record by title search (100% similarity); no DOI given in document
Cranberry scare of 1959,news,bibliographic,,The great cranberry scare: A 1959 panic over traces of a weed killer in cranberries presaged a flood of similar incidents over the subsequent 40 years,not_found,crossref+openalex,"no indexed record matches this description. Closest was 'Analysis of the trends of political protests and their influencing factors in Korean society and its social groups over the past 40 years' at 56% similarity, below the threshold for a match."
Cranberry scare of 1959,web,bibliographic,,How A Nationwide Cancer Scare Nearly Sank The Cranberry Industry,verified,crossref,matched a Crossref record by title search (100% similarity); no DOI given in document
Cranberry scare of 1959,journal,doi,10.3390/agriculture8090138,Weed Management in Cranberries: A Historical Perspective and a Look to the Future,verified,crossref,title matches record (100% similarity)
Cranberry scare of 1959,news,bibliographic,,"Some of Cranberry Crop Tainted By a Weed-Killer, U.S. Warns",not_found,crossref+openalex,"no indexed record matches this description. Closest was 'Journal of Crop and Weed' at 67% similarity, below the threshold for a match."
"Tillamook, Oregon",web,bibliographic,,ArcGIS REST Services Directory,not_found,crossref+openalex,"no indexed record matches this description. Closest was 'arcgis: ArcGIS Location Services Meta-Package' at 67% similarity, below the threshold for a match."
"Tillamook, Oregon",journal,doi,10.2307/533608,Traditions of the Tillamook Indians,verified,crossref,title matches record (100% similarity)
"Tillamook, Oregon",web,bibliographic,,Tillamook History,verified,crossref,matched a Crossref record by title search (100% similarity); no DOI given in document
"Tillamook, Oregon",web,bibliographic,,Tillamook ads page,not_found,crossref+openalex,"no indexed record matches this description. Closest was 'Page gap - ads' at 80% similarity, below the threshold for a match."
"Tillamook, Oregon",web,bibliographic,,Welcome - OHS Digital Collections,not_found,crossref+openalex,"no indexed record matches this description. Closest was 'Checklist for evaluating a digital collections management system' at 76% similarity, below the threshold for a match."
"Tillamook, Oregon",web,bibliographic,,Tillamook Forest Center,not_found,crossref+openalex,"no indexed record matches this description. Closest was 'Evaluating the Effects of Road Crossing Structures on Stream-Associated Amphibians in the Wilson River Watershed, Tillamook State Forest, Oregon' at 82% similarity, below the threshold for a match."
"Tillamook, Oregon",web,bibliographic,,A tale of two burns,verified,crossref,matched a Crossref record by title search (100% similarity); no DOI given in document
"Tillamook, Oregon",web,bibliographic,,Naval Air Station Tillamook / Tillamook Air Museum,not_found,crossref+openalex,"no indexed record matches this description. Closest was 'Tillamook, n. &amp; adj.' at 64% similarity, below the threshold for a match."
Gift-exchange game,journal,doi,10.2307/2937787,The fair wage-effort hypothesis and unemployment,verified,crossref,title matches record (100% similarity)
Gift-exchange game,journal,doi,10.1016/s0313-5926(11)50007-4,Role of Relative Information and Reciprocity in a Gift Exchange Game: An Experimental Study,verified,crossref,title matches record (100% similarity)
Gift-exchange game,journal,doi,10.1257/jep.14.3.159,Fairness and Retaliation: The Economics of Reciprocity,verified,crossref,title matches record (100% similarity)
Gift-exchange game,journal,doi,10.1006/game.1995.1027,"Trust, Reciprocity, and Social History",verified,crossref,title matches record (100% similarity)
Gift-exchange game,journal,doi,10.1007/s40881-017-0041-2,Is reciprocity really outcome-based? A second look at gift-exchange with random shocks,verified,crossref,title matches record (100% similarity)
Gift-exchange game,journal,doi,10.1016/j.euroecorev.2014.04.001,"Strike, coordination, and dismissal in uniform wage settings",verified,crossref,title matches record (100% similarity)
Gift-exchange game,journal,bibliographic,,Testing a forgotten aspect of Akerlof's gift exchange hypothesis: Relational contracts with individual and uniform wages,verified,crossref,matched a Crossref record by title search (100% similarity); no DOI given in document
Gift-exchange game,journal,doi,10.1016/j.jebo.2008.01.004,Man's search for meaning: The case of Legos,verified,crossref,title matches record (100% similarity)
William Sadler Franks,book,bibliographic,,Biographical Encyclopedia of Astronomers,not_found,crossref+openalex,"no indexed record matches this description. Closest was 'Fontana, Francesco' at 32% similarity, below the threshold for a match."
William Sadler Franks,journal,doi,10.1093/mnras/96.4.291a,William Sadler Franks,verified,crossref,title matches record (100% similarity)
William Sadler Franks,journal,bibliographic,,"William Sadler Franks, 1851–1935",not_found,crossref+openalex,"no indexed record matches this description. Closest was ':\n                    <i>The Poems of William Herbert, Third Earl of Pembroke</i>' at 42% similarity, below the threshold for a match."
William Sadler Franks,journal,doi,10.1093/mnras/40.3.105,1880MNRAS..40..105. Page 105,mismatch,crossref,"identifier resolves to a DIFFERENT work. Document claims '1880MNRAS..40..105. Page 105'; record holds 'Ernest Augustus John Crossley, Esq., 26 Blenheim Road,N.W.;' (19% similarity)"
William Sadler Franks,journal,bibliographic,,Brockhurst: A Small Twentieth-Century Observatory,not_found,crossref+openalex,"no indexed record matches this description. Closest was 'The Criticism of John Peale Bishop' at 37% similarity, below the threshold for a match."
William Sadler Franks,journal,bibliographic,,Brockhurst: A Small Twentieth-Century Observatory,not_found,crossref+openalex,"no indexed record matches this description. Closest was 'The Criticism of John Peale Bishop' at 37% similarity, below the threshold for a match."
Mandalay Palace,web,bibliographic,,Photos Show Quake Damage to Historic Royal Palace in Mandalay,not_found,crossref+openalex,"no indexed record matches this description. Closest was 'Revitalization Strategies for Small Historic Towns in Asia: Focus on Shekhawati Region, Rajasthan, India' at 43% similarity, below the threshold for a match."
Mandalay Palace,web,bibliographic,,Mandalay Palace,verified,crossref,matched a Crossref record by title search (100% similarity); no DOI given in document
Mandalay Palace,book,bibliographic,,List of Ancient Monuments in Burma (I. Mandalay Division),not_found,crossref+openalex,"no indexed record matches this description. Closest was 'BHAMO TO MANDALAY' at 64% similarity, below the threshold for a match."
Mandalay Palace,book,bibliographic,,The Management of Secondary Cities in Southeast Asia. Case Study: Mandalay,not_found,crossref+openalex,"no indexed record matches this description. Closest was 'The International Labour Organization as a development actor in Southeast Asia' at 60% similarity, below the threshold for a match."
Mandalay Palace,book,bibliographic,,Mandalay and Other Cities of the Past in Burma,not_found,crossref+openalex,"no indexed record matches this description. Closest was 'Uniting Citizens after Citizens United : Cities, Neoliberalism, and Democracy' at 51% similarity, below the threshold for a match."
Mandalay Palace,book,bibliographic,,Wanderings in Burma,not_found,crossref+openalex,"no indexed record matches this description. Closest was 'Kinematic modelling of neotectonics in the Persia-Tibet-Burma orogen' at 59% similarity, below the threshold for a match."
Mandalay Palace,journal,doi,10.1017/s0041977x0000553x,The Reconstruction of mandalay Palace,verified,crossref,title matches record (100% similarity)
Mandalay Palace,web,bibliographic,,Myanmar Junta Criticized Over Mandalay Palace Park Plan,not_found,crossref+openalex,"no indexed record matches this description. Closest was 'Cities of the Past and Future: Mandalay and Naypyidaw' at 50% similarity, below the threshold for a match."
Sturisoma graffini,web,bibliographic,,"Sturisoma graffini Londoño-Burbano, 2018",not_found,crossref+openalex,"no indexed record matches this description. Closest was 'Sturisoma graffini: Rodríguez-Olarte, D., Taphorn, D.C., DoNascimiento, C., Mojica, J.I., Usma, S. &amp; Marrero, C.' at 63% similarity, below the threshold for a match."
Sturisoma graffini,journal,doi,10.1111/jfb.13560,"A new species of Sturisoma (Loricariidae: Loricariinae) from the Madre de Dios River basin, Peru, with a key to all congeners and comments on the type series of Sturisoma rostratum: A NEW STURISOMA FROM THE UPPER AMAZON BASIN",verified,crossref,title matches record (99% similarity)
Sturisoma graffini,web,bibliographic,,Family LORICARIIDAE: Subfamily LORICARIINAE Rafinesque 1815 (Suckermouth Armored Catfishes),not_found,crossref+openalex,"no indexed record matches this description. Closest was 'A Task-shifting and Family-focused Approach Towards Mental Health Care for Youth Living in Refugee Camps' at 47% similarity, below the threshold for a match."
May Fourth Movement,journal,bibliographic,,"March 1 and May 4, 1919 in Korea, China & Japan: Toward an International History of East Asian Independence Movements",verified,crossref,matched a Crossref record by title search (100% similarity); no DOI given in document
May Fourth Movement,book,bibliographic,,Voices from the Iron House: A Study of Lu Xun,verified,crossref,matched a Crossref record by title search (100% similarity); no DOI given in document
May Fourth Movement,book,bibliographic,,"The Gate of Heavenly Peace: The Chinese and Their Revolution, 1895-1980",verified,crossref,matched a Crossref record by title search (100% similarity); no DOI given in document
May Fourth Movement,book,bibliographic,,China as Number One? The Emerging Values of a Rising Power,verified,crossref,matched a Crossref record by title search (100% similarity); no DOI given in document
May Fourth Movement,book,bibliographic,,"Republican China, 1912–1949 (Part 1)",verified,crossref,matched a Crossref record by title search (97% similarity); no DOI given in document
May Fourth Movement,book,bibliographic,,Strangers on the Western Front: Chinese workers in the Great War,verified,crossref,matched a Crossref record by title search (100% similarity); no DOI given in document
May Fourth Movement,book,doi,10.1093/acprof:oso/9780199658190.003.0007,Asia and the Great War,verified,crossref,title similarity low (52%) but authors agree (100%) — likely the same work recorded differently
May Fourth Movement,web,bibliographic,,A brief history of the May Fourth Movement,verified,crossref,matched a Crossref record by title search (92% similarity); no DOI given in document
April 1954,book,bibliographic,,Passenger Transport,verified,crossref,matched a Crossref record by title search (100% similarity); no DOI given in document
April 1954,book,bibliographic,,Disney A to Z: the official encyclopedia,not_found,crossref+openalex,"no indexed record matches this description. Closest was 'Comics and Cels: The Walt Disney Archives' at 58% similarity, below the threshold for a match."
April 1954,book,bibliographic,,"The Last Salute: Civil and Military Funerals, 1921-1969",not_found,crossref+openalex,"no indexed record matches this description. Closest was 'Civil competencies.' at 43% similarity, below the threshold for a match."
April 1954,book,bibliographic,,"Excel School Certificate Australian History, Civics and Citizenship",not_found,crossref+openalex,"no indexed record matches this description. Closest was 'Junior High School Athletes Excel in Scholarship' at 51% similarity, below the threshold for a match."
April 1954,news,bibliographic,,Oxford wins 100th Boat Race,verified,crossref,matched a Crossref record by title search (90% similarity); no DOI given in document
April 1954,book,bibliographic,,Conducting the Brahms Symphonies: From Brahms to Boult,verified,crossref,matched a Crossref record by title search (100% similarity); no DOI given in document
April 1954,news,bibliographic,,PIERRE S. DU PONT DIES AT AGE OF 84; Was Honorary Chairman and Former President of Huge Chemical Organization,not_found,crossref+openalex,"no indexed record matches this description. Closest was 'DU PONT TO HAVE NEW CHAIRMAN, PRESIDENT' at 81% similarity, below the threshold for a match."
April 1954,news,bibliographic,,"LEIGH M. HODGES, COLUMNIST, DIES; Philadelphia Newsman, Who Co-Founded TB Seal Drive, Began 'Optimist' in 1902",not_found,crossref+openalex,"no indexed record matches this description. Closest was 'Hinsliff, Gabrielle Seal, (born 4 July 1971), journalist and author; columnist and feature writer, The Guardian, since 2014; Political Editor, The Pool, since 2015' at 48% similarity, below the threshold for a match."
